Feature ID,Kingdom,Phylum,Class,Order,Family,Genus,Species,Ocean-lake-1a,Ocean-lake-1b,Ocean-lake-2a,Ocean-lake-2b,Ocean-lake-3a,Ocean-lake-3b,Ocean-lake-4a,Ocean-lake-4b
005b6594c36d41c0a68b5e7a3acff5c3,Eukaryota,MAST-12,MAST-12C,MAST-12C,MAST-12C,MAST-12C,Unassigned,0.0,0.0,10.0,0.0,0.0,0.0,0.0,0.0
007b10c0b915f30f555fb4e42ca63935,Eukaryota,Cercozoa,Imbricatea,Imbricatea,Thaumatomonadida,Gyromitus,Unassigned,0.0,5.0,0.0,0.0,0.0,0.0,0.0,0.0
015155602d9ce5798709655439c9c95c,Eukaryota,Cercozoa,Thecofilosea,Cryomonadida,Rhizaspididae,Rhogostoma,Unassigned,0.0,4.0,0.0,0.0,0.0,0.0,0.0,0.0
01af3e8fd35debf1e892d632c9cdb795,Eukaryota,Retaria,Acantharia,Symphyacanthida,Symphyacanthida,Amphibelone,Unassigned,0.0,0.0,0.0,0.0,62.0,71.0,220.0,229.0
02849e987055db30c9e0f9dd02a1ea33,Eukaryota,Prymnesiophyceae,Prymnesiophyceae,Prymnesiales,Prymnesiales,Chrysocampanula,Unassigned,0.0,0.0,0.0,0.0,22.0,50.0,90.0,55.0
02f00ed1ae154705ddcc41afa05672f1,Bacteria,Proteobacteria,Alphaproteobacteria,Rhodobacterales,Rhodobacteraceae,Poseidonocella,Unassigned,0.0,0.0,0.0,0.0,67.0,46.0,0.0,0.0
03cccd279f4ed0175e0aaa3dcc668280,Eukaryota,SA1-3C06,SA1-3C06,SA1-3C06,SA1-3C06,SA1-3C06,Unassigned,0.0,0.0,10.0,0.0,0.0,0.0,0.0,0.0
0a7e6a054c79a598f5b066c01bc85034,Eukaryota,Ochrophyta,Dictyochophyceae,Pedinellales,Pedinellales,Ciliophrys,Unassigned,0.0,0.0,0.0,0.0,0.0,0.0,0.0,4.0
0aca9aac7ec2ce1726f775a805040ee0,Eukaryota,Diatomea,Mediophyceae,Mediophyceae,Mediophyceae,Cyclotella,Unassigned,26.0,16.0,14.0,0.0,75.0,85.0,105.0,147.0
0aeeb949d479de84d56b9f06275092f1,Eukaryota,Amoebozoa,Discosea,Dactylopodida,Dactylopodida,Parvamoeba,Unassigned,0.0,0.0,0.0,0.0,0.0,10.0,0.0,0.0
0b543c0c40978c7fc40c3c1c3776b91f,Eukaryota,Chlorophyta,Chlorodendrophyceae,Chlorodendrales,Chlorodendrales,Tetraselmis,Unassigned,0.0,0.0,0.0,0.0,117.0,159.0,461.0,469.0
0bb0d1fef309c2f5741c8c3169811956,Eukaryota,Cnidaria,Anthozoa,Actiniaria,Actiniaria,Actiniaria,Unassigned,0.0,0.0,0.0,0.0,0.0,0.0,723.0,857.0
0db6bf4666bc9272fd481dd3523e337b,Eukaryota,Cnidaria,Anthozoa,Octocorallia,Octocorallia,Octocorallia,Unassigned,0.0,0.0,0.0,0.0,8.0,0.0,0.0,0.0
0e570dde32288c8c6ad72cde66d87438,Eukaryota,Euglenozoa,Euglenida,Heteronematina,Heteronematina,Petalomonas,Unassigned,176.0,185.0,108.0,191.0,0.0,0.0,10.0,0.0
0ecd90e72ae80da54445ffbec16bc30b,Eukaryota,Euglenozoa,Euglenida,Heteronematina,Heteronematina,Petalomonas,Unassigned,0.0,0.0,0.0,0.0,0.0,0.0,0.0,13.0
106dd66448b5829a997792d0a5c3c4aa,Eukaryota,Diatomea,Mediophyceae,Mediophyceae,Mediophyceae,Skeletonema,Unassigned,17.0,15.0,38.0,21.0,52.0,67.0,126.0,101.0
117db21a564edc570f6489eba98fe64a,Eukaryota,Diatomea,Coscinodiscophytina,Coscinodiscophytina,Rhizosolenids,Pseudosolenia,Unassigned,0.0,0.0,0.0,0.0,0.0,0.0,47.0,113.0
11aa037e3ba3455ad3613029a6f81c6b,Eukaryota,MAST-7,MAST-7D,MAST-7D,MAST-7D,MAST-7D,Unassigned,0.0,0.0,0.0,0.0,0.0,13.0,0.0,0.0
15a06a39a3d303e97fdb897795453493,Eukaryota,Apicomplexa,Novel_Apicomplexa_Class_1,Novel_Apicomplexa_Class_1,Novel_Apicomplexa_Class_1,Novel_Apicomplexa_Class_1,Unassigned,0.0,0.0,0.0,0.0,0.0,8.0,10.0,0.0
163aaa77abbaff468cf3f57cc28bc4b9,Eukaryota,Prymnesiophyceae,Prymnesiophyceae,Prymnesiophyceae,Prymnesiophyceae,Phaeocystis,Unassigned,0.0,0.0,0.0,0.0,0.0,0.0,23.0,13.0
1690134d73477da11efcdadd2d63ebc6,Eukaryota,Ciliophora,Intramacronucleata,Conthreep,Colpodea,Aristerostoma,Unassigned,0.0,0.0,0.0,0.0,0.0,7.0,0.0,7.0
16d3b3761f9e1e7d262d229bae93b0cf,Eukaryota,Dinoflagellata,Dinoflagellata,Noctilucales,Noctilucales,Noctilucales,Unassigned,0.0,0.0,0.0,0.0,23.0,56.0,63.0,82.0
16dc227854a9c90dd2ddf7628fa85a3e,Eukaryota,Euglenozoa,Diplonemea,Diplonemea,Diplonemea,Rhynchopus,Unassigned,0.0,0.0,0.0,0.0,6.0,0.0,0.0,0.0
178309bb4da0f8e505be01d063c5f287,Eukaryota,Diatomea,Coscinodiscophytina,Coscinodiscophytina,Melosirids,Melosira,Unassigned,0.0,0.0,0.0,0.0,0.0,0.0,0.0,17.0
18094fa9cdbf8231b26c7bf890f9d02a,Eukaryota,Ciliophora,Intramacronucleata,Conthreep,Oligohymenophorea,Zoothamnopsis,Unassigned,0.0,0.0,0.0,0.0,0.0,0.0,28.0,24.0
18a9d6afc3c93243247135d371538854,Eukaryota,Arthropoda,Maxillopoda,Calanoida,Calanoida,Calanoida,Unassigned,0.0,0.0,0.0,0.0,752.0,1103.0,4568.0,5677.0
18cf1d4fe4df0977de740f45398824d7,Eukaryota,Mollusca,Bivalvia,Veneroida,Veneroida,Veneroida,Unassigned,0.0,0.0,0.0,0.0,13.0,13.0,26.0,12.0
19d375f72095180c8cd10c7f6399c77d,Eukaryota,Picozoa,Picomonadida,Picomonadidae,Picomonadidae,Picomonas,Unassigned,0.0,0.0,0.0,0.0,39.0,42.0,91.0,57.0
1b10079d7fe957654038e5b6d9492a1b,Eukaryota,MAST-12,MAST-12C,MAST-12C,MAST-12C,MAST-12C,Unassigned,0.0,0.0,0.0,12.0,0.0,0.0,0.0,0.0
1ecc87731d51f28b50e1d5e56644b097,Eukaryota,Apusomonadidae,Apusomonadidae,Apusomonadidae,Apusomonadidae,Multimonas,Unassigned,0.0,0.0,0.0,0.0,0.0,0.0,0.0,3.0
20f7de076299241966cdfe332b54dbcd,Eukaryota,Ancyromonadida,Ancyromonadida,Ancyromonadida,Ancyromonadida,Ancyromonas,Unassigned,0.0,0.0,0.0,0.0,0.0,0.0,20.0,47.0
21d91d4054ef89f2c6cb2eae477ad046,Eukaryota,Amoebozoa,Tubulinea,Arcellinida,Arcellinida,Arcellinida,Unassigned,0.0,0.0,6.0,0.0,0.0,0.0,0.0,0.0
227996c084ecf7f43a0f1c39e68d4a89,Eukaryota,Ochrophyta,Chrysophyceae,Chromulinales,Chromulinales,JBNA46,Unassigned,0.0,0.0,0.0,11.0,0.0,0.0,0.0,0.0
23bd22191073d9689eb32b1f8f8ce1ad,Eukaryota,Ciliophora,Intramacronucleata,Spirotrichea,Choreotrichia,Tintinnidium,Unassigned,7.0,7.0,22.0,27.0,0.0,0.0,0.0,0.0
2460c4256324a242aaa833c22e901224,Bacteria,Bdellovibrionota,Oligoflexia,0319-6G20,0319-6G20,0319-6G20,Unassigned,7.0,13.0,0.0,0.0,0.0,0.0,0.0,0.0
24bf4bac256bc6017a118581ce5c3593,Eukaryota,MAST-3,MAST-3J,MAST-3J,MAST-3J,MAST-3J,Unassigned,0.0,0.0,0.0,0.0,0.0,29.0,32.0,53.0
26ce79a132def3ececb801584b505abb,Eukaryota,Holozoa,Choanoflagellida,Acanthoecida,Acanthoecidae,Savillea,Unassigned,50.0,49.0,51.0,23.0,0.0,0.0,0.0,0.0
2904dc615f7dd2c53636ffa265a29248,Bacteria,Acidobacteriota,Holophagae,Acanthopleuribacterales,Acanthopleuribacteraceae,Acanthopleuribacter,Unassigned,0.0,0.0,0.0,0.0,18.0,16.0,0.0,0.0
29f122d70f4659e6dade1ed8d4e7a073,Eukaryota,Mollusca,Bivalvia,Mytiloida,Mytiloida,Mytiloida,Unassigned,0.0,0.0,0.0,0.0,94.0,90.0,0.0,0.0
2c0c9f5e2b80aafb387099bc27e71ab9,Eukaryota,Ascomycota,Saccharomycetes,Saccharomycetales,Pichiaceae,Saturnispora,Unassigned,8.0,17.0,0.0,0.0,0.0,0.0,0.0,0.0
2d30cf414344b454d34fd01fc68623a5,Eukaryota,Euglenozoa,Euglenida,Heteronematina,Heteronematina,Petalomonas,Unassigned,0.0,0.0,0.0,22.0,0.0,0.0,0.0,0.0
2dbde7a1c78ee975d5e67dc932f8b965,Eukaryota,Cercozoa,Thecofilosea,Cryomonadida,Ventrifissuridae,Ventrifissuridae,Unassigned,0.0,0.0,0.0,0.0,18.0,40.0,67.0,144.0
2e3a9f838f0692876b6f86ef6f522252,Eukaryota,Mollusca,Gastropoda,Neritimorpha,Neritimorpha,Neritimorpha,Unassigned,4.0,0.0,0.0,0.0,0.0,0.0,0.0,0.0
2fbc153fb7151998bd7a89612af7c275,Eukaryota,Diatomea,Mediophyceae,Mediophyceae,Mediophyceae,Cyclotella,Unassigned,11.0,30.0,0.0,81.0,376.0,496.0,477.0,644.0
3047e8c161d466d043c3b76564d79732,Eukaryota,MAST-4,MAST-4,MAST-4,MAST-4,MAST-4,Unassigned,0.0,0.0,0.0,0.0,22.0,15.0,30.0,59.0
3078c86413da5902557d7b4b2d8e2cd5,Eukaryota,Annelida,Polychaeta,Spionida,Spionida,Spionida,Unassigned,8.0,0.0,0.0,0.0,0.0,7.0,0.0,5.0
3087d19287b71c403cef2123a244a8fa,Eukaryota,Euglenozoa,Kinetoplastea,Neobodonida,Neobodonida,Rhynchomonas,Unassigned,0.0,0.0,0.0,8.0,0.0,0.0,0.0,0.0
31dce81d117265cdf3a7b4e17ae131f9,Bacteria,Proteobacteria,Gammaproteobacteria,Pseudomonadales,SAR86_clade,SAR86_clade,Unassigned,0.0,0.0,0.0,0.0,108.0,153.0,28.0,11.0
33ed6f68b05f39be2c30b68a1c9ecb64,Eukaryota,Incertae_Sedis,Incertae_Sedis,Incertae_Sedis,Incertae_Sedis,Palpitomonas,Unassigned,0.0,0.0,0.0,0.0,0.0,6.0,7.0,0.0
34a2c911be3e01e9ecb022f2f5eaa9ba,Eukaryota,Euglenozoa,Euglenida,Heteronematina,Heteronematina,Petalomonas,Unassigned,0.0,5.0,0.0,0.0,0.0,0.0,0.0,0.0
35f252f4f836d1ec56b7921b2b73137d,Eukaryota,Ciliophora,Intramacronucleata,Spirotrichea,Choreotrichia,Steenstrupiella,Unassigned,0.0,0.0,0.0,0.0,0.0,0.0,0.0,39.0
374807b4f6e8fe70db73aca93ff94029,Eukaryota,Chytridiomycota,Monoblepharidomycetes,Monoblepharidales,Monoblepharidaceae,Monoblepharella,Unassigned,0.0,0.0,0.0,11.0,0.0,0.0,0.0,0.0
377dc0d6662cb98d30836f1fe84b5059,Eukaryota,Protalveolata,Syndiniales,Syndiniales,Syndiniales,Amoebophrya,Unassigned,0.0,0.0,0.0,0.0,0.0,0.0,0.0,8.0
37a56f160d2d7fb3d2b4cfea7ab49f16,Eukaryota,Apusomonadidae,Apusomonadidae,Apusomonadidae,Apusomonadidae,Planomonas,Unassigned,0.0,0.0,0.0,0.0,0.0,0.0,5.0,0.0
380e27c46be76b0c732c983376781a46,Eukaryota,Ciliophora,Intramacronucleata,Spirotrichea,Hypotrichia,Epiclintes,Unassigned,0.0,0.0,0.0,0.0,0.0,0.0,0.0,13.0
396884ee1713f8e928d898c3aa96644a,Eukaryota,Cercozoa,Imbricatea,Imbricatea,Euglyphida,Paulinella,Unassigned,0.0,0.0,0.0,0.0,15.0,7.0,26.0,16.0
3aa4e8518daec3adfe55126db65d9169,Eukaryota,Amoebozoa,Tubulinea,Euamoebida,Euamoebida,Euamoebida,Unassigned,7.0,0.0,0.0,0.0,0.0,0.0,0.0,0.0
3b7c5751893f8f8ef480aa69b131de6c,Eukaryota,Euglenozoa,Euglenida,Heteronematina,Heteronematina,Petalomonas,Unassigned,0.0,0.0,0.0,0.0,5.0,0.0,0.0,0.0
3c05befc1f5f3cb3a93a6d9b876f63a8,Eukaryota,Prymnesiophyceae,Prymnesiophyceae,Prymnesiales,Prymnesiales,OLI16029,Unassigned,0.0,0.0,14.0,0.0,0.0,0.0,0.0,0.0
3df50256b922b6fcb7615e0da9c86b77,Eukaryota,Myxogastria,Myxogastria,Myxogastria,Myxogastria,Didymium,Unassigned,0.0,0.0,0.0,23.0,0.0,0.0,0.0,0.0
3e50694a780ccbc177df1df04ddd1ce0,Eukaryota,Chlorophyta,Chlorodendrophyceae,Chlorodendrales,Chlorodendrales,Tetraselmis,Unassigned,0.0,0.0,0.0,0.0,45.0,76.0,213.0,149.0
3e57587cb8f5e78cc2fbe899ab26e024,Bacteria,Gemmatimonadota,BD2-11_terrestrial_group,BD2-11_terrestrial_group,BD2-11_terrestrial_group,BD2-11_terrestrial_group,Unassigned,5.0,0.0,0.0,0.0,0.0,0.0,0.0,0.0
3e98f259c6ebd3bc2969b1ddf4bf8aff,Eukaryota,Euglenozoa,Euglenida,Euglenophyceae,Euglenaceae,Euglena,Unassigned,33.0,32.0,0.0,10.0,0.0,0.0,0.0,0.0
40c54c0c0de51abf7d876cea685775fe,Eukaryota,Peronosporomycetes,Peronosporomycetes,Peronosporomycetes,Peronosporomycetes,Halodaphnea,Unassigned,0.0,0.0,0.0,0.0,63.0,92.0,39.0,78.0
412cad716dea90972bdecd6440fcd0dd,Eukaryota,Euglenozoa,Diplonemea,Diplonemea,Diplonemea,Rhynchopus,Unassigned,0.0,0.0,0.0,0.0,0.0,12.0,8.0,0.0
42b04abb6d8d6967ad7195cf8d063b96,Eukaryota,Cryptophyceae,Cryptophyceae,Cryptomonadales,Cryptomonadales,Komma,Unassigned,565.0,554.0,419.0,557.0,0.0,0.0,0.0,0.0
48e8c0fcf2bd02b6c0a61602d9f10639,Eukaryota,Euglenozoa,Diplonemea,Diplonemea,Diplonemea,Rhynchopus,Unassigned,0.0,0.0,0.0,0.0,0.0,14.0,0.0,0.0
49c55ecba1cb9195a85f8c7030ef3baf,Eukaryota,Annelida,Polychaeta,Scolecida,Orbiniidae,Orbiniidae,Unassigned,0.0,0.0,0.0,0.0,3.0,3.0,392.0,467.0
4ac25f29637868cf9bef2685db3f5d81,Eukaryota,Diatomea,Coscinodiscophytina,Coscinodiscophytina,Rhizosolenids,Rhizosolenia,Unassigned,0.0,0.0,0.0,0.0,31.0,43.0,63.0,100.0
4b7335dae30f29b90eaadd729f644f97,Eukaryota,Euglenozoa,Euglenida,Heteronematina,Heteronematina,Petalomonas,Unassigned,0.0,0.0,0.0,0.0,8.0,9.0,10.0,6.0
4b92856c9be63bda72391a99a3b31ec9,Eukaryota,Mollusca,Gastropoda,Caenogastropoda,Caenogastropoda,Caenogastropoda,Unassigned,0.0,0.0,0.0,0.0,33.0,34.0,0.0,0.0
4ba56b8d13cf57866bac80c7f9ed4bf6,Eukaryota,Protalveolata,Colpodellida,Colpodellida,Colpodellida,Voromonas,Unassigned,0.0,0.0,0.0,0.0,5.0,23.0,19.0,11.0
4f7e40136e0b7c860793d4aa3e362f56,Eukaryota,Diatomea,Coscinodiscophytina,Coscinodiscophytina,Rhizosolenids,Pseudosolenia,Unassigned,0.0,0.0,0.0,0.0,66.0,59.0,138.0,138.0
50ef80f0193bdb81e481fff3b7767df0,Eukaryota,Cercozoa,Thecofilosea,Cryomonadida,Protaspidae,Protaspis,Unassigned,0.0,0.0,0.0,0.0,12.0,13.0,27.0,40.0
533ab0c888e746c6fe2790737e2df4d6,Eukaryota,Peronosporomycetes,Peronosporomycetes,Peronosporomycetes,Peronosporomycetes,Haptoglossa,Unassigned,0.0,0.0,0.0,0.0,0.0,0.0,0.0,4.0
53c18b0aaf423d08299b042f3c536fcb,Eukaryota,Ochrophyta,Eustigmatophyceae,Eustigmatales,Eustigmatales,uncultured,Unassigned,15.0,17.0,19.0,25.0,0.0,0.0,0.0,0.0
547337c71a60e1fbfbd31253245831ff,Eukaryota,Cercozoa,Imbricatea,Imbricatea,Euglyphida,Paulinella,Unassigned,23.0,31.0,33.0,72.0,0.0,0.0,0.0,0.0
55bee0f8a59ab6b8059002c3ff7d1a19,Eukaryota,Cryptophyceae,Cryptophyceae,Cryptomonadales,Cryptomonadales,uncultured,Unassigned,445.0,537.0,314.0,315.0,0.0,0.0,0.0,0.0
56c5b0932121d3c9190aa159739ec52b,Eukaryota,Chytridiomycota,Chytridiomycetes,Rhizophydiales,Rhizophydiales,Boothiomyces,Unassigned,0.0,0.0,6.0,0.0,0.0,0.0,0.0,0.0
56f3b7a5d91ce140bc581178194abfc2,Eukaryota,Centrohelida,Centrohelida,Centrohelida,Heterophryidae,Chlamydaster,Unassigned,0.0,0.0,0.0,0.0,0.0,0.0,0.0,23.0
56f3f23a62db55808b388ef675536c0c,Eukaryota,Euglenozoa,Diplonemea,Diplonemea,Diplonemea,Rhynchopus,Unassigned,0.0,0.0,0.0,0.0,0.0,6.0,0.0,0.0
573fe417255b3caf6e60aa776211caf3,Bacteria,Acidobacteriota,Subgroup_26,Subgroup_26,Subgroup_26,Subgroup_26,Unassigned,0.0,0.0,0.0,0.0,5.0,0.0,0.0,0.0
5760e9e38931de9e15de6da6cf0bc9e1,Eukaryota,Centrohelida,Centrohelida,Centrohelida,Heterophryidae,Chlamydaster,Unassigned,0.0,0.0,0.0,8.0,0.0,0.0,0.0,0.0
580f28aa5d1f44a43a6dfff991ec40d1,Eukaryota,Diatomea,Mediophyceae,Mediophyceae,Mediophyceae,Cyclotella,Unassigned,58850.0,59121.0,68237.0,78651.0,116.0,144.0,83.0,117.0
58cdc6f1f5fab685dc0beecb18507f97,Eukaryota,Ciliophora,Intramacronucleata,Litostomatea,Mesodiniidae,Mesodiniidae,Unassigned,5.0,4.0,0.0,0.0,0.0,0.0,0.0,0.0
5c37ef3a3c5f14f4ee25333ae955148e,Eukaryota,Arthropoda,Malacostraca,Peracarida,Peracarida,Peracarida,Unassigned,0.0,5.0,0.0,0.0,0.0,0.0,0.0,0.0
5cf8c03e23441ef96ea64d4f8b542ff3,Eukaryota,Diatomea,Mediophyceae,Mediophyceae,Mediophyceae,Cyclotella,Unassigned,2293.0,2387.0,1597.0,1853.0,0.0,0.0,17.0,0.0
5e6ae0290cb2c98ba98ed439708ec5e5,Eukaryota,Euglenozoa,Euglenida,Heteronematina,Heteronematina,Petalomonas,Unassigned,0.0,0.0,0.0,0.0,0.0,0.0,4.0,0.0
5fc6ceb8c0b42db75dedd4203b0344d5,Eukaryota,MAST-7,MAST-7,MAST-7,MAST-7,MAST-7,Unassigned,0.0,0.0,0.0,0.0,0.0,0.0,0.0,8.0
600528dfdd9b22abe00e6ff67acb3e41,Eukaryota,Diatomea,Coscinodiscophytina,Coscinodiscophytina,Rhizosolenids,Rhizosolenids,Unassigned,0.0,0.0,0.0,0.0,10.0,11.0,33.0,58.0
637e071e4732d53b743c896ce4784266,Eukaryota,Ochrophyta,Dictyochophyceae,Pedinellales,Pedinellales,Ciliophrys,Unassigned,0.0,0.0,0.0,0.0,0.0,0.0,4.0,0.0
64fa91cc956f463ed57e24e4e2044c08,Eukaryota,SAR,Labyrinthulomycetes,Labyrinthulomycetes,Labyrinthulomycetes,Sorodiplophrys,Unassigned,0.0,0.0,0.0,0.0,0.0,0.0,0.0,12.0
6520b11a69c389efd4db06c81432da8d,Eukaryota,Incertae_Sedis,Incertae_Sedis,Incertae_Sedis,Incertae_Sedis,Developayella,Unassigned,0.0,0.0,0.0,0.0,0.0,0.0,0.0,5.0
657ce998e3e0e2bc8437ea7446a22482,Eukaryota,Amoebozoa,Discosea,Vannellida,Vannellida,Platyamoeba,Unassigned,0.0,0.0,0.0,0.0,0.0,0.0,10.0,0.0
662d33f0fc316dbd200facec97269709,Eukaryota,Prymnesiophyceae,Prymnesiophyceae,Prymnesiales,Prymnesiales,OLI16029,Unassigned,0.0,0.0,0.0,0.0,0.0,0.0,0.0,7.0
68ca3cd376be473a285625e4a3ef2f7b,Eukaryota,Chlorophyta,Chlorophyceae,Sphaeropleales,Sphaeropleales,Neodesmus,Unassigned,10.0,0.0,25.0,0.0,0.0,0.0,0.0,0.0
691d9a9fc06a7ce445c76da37fd37667,Eukaryota,Arthropoda,Merostomata,Xiphosura,Xiphosura,Xiphosura,Unassigned,0.0,0.0,0.0,0.0,644.0,1023.0,10.0,14.0
6a55aec477d2bf784809bb63abec9039,Eukaryota,Ochrophyta,Raphidophyceae,Chattonellales,Chattonellales,Viridilobus,Unassigned,492.0,580.0,373.0,264.0,0.0,0.0,0.0,0.0
6b366fbf8e0fd798747ceb0af4871668,Eukaryota,Cercozoa,Chlorarachniophyta,Chlorarachniophyta,Chlorarachniophyta,Chlorarachnion,Unassigned,0.0,0.0,0.0,0.0,13.0,0.0,19.0,20.0
6b77129924bec2593b213783d74c48a5,Eukaryota,Cercozoa,Imbricatea,Imbricatea,Euglyphida,Cyphoderia,Unassigned,0.0,0.0,0.0,0.0,0.0,0.0,0.0,6.0
6f56a52e85141ce4bc4c25d183f7201d,Bacteria,Verrucomicrobiota,Verrucomicrobiae,Opitutales,Puniceicoccaceae,Verruc-01,Unassigned,0.0,0.0,0.0,0.0,0.0,11.0,0.0,0.0
7000993fd9eb088fc5ca6ff8bca4f824,Eukaryota,Chlorophyta,Ulvophyceae,Oltmansiellopsidales,Oltmansiellopsidales,Oltmannsiellopsis,Unassigned,0.0,0.0,0.0,0.0,10.0,10.0,63.0,94.0
700354af0999a339669faae26d3e2d10,Eukaryota,Ciliophora,Intramacronucleata,Spirotrichea,Oligotrichia,Spirotontonia,Unassigned,0.0,0.0,0.0,0.0,0.0,0.0,4.0,0.0
71a8e8fad333b416804e194daddec52d,Eukaryota,Diatomea,Mediophyceae,Mediophyceae,Mediophyceae,Helicotheca,Unassigned,0.0,0.0,0.0,0.0,0.0,4.0,0.0,0.0
72baa20d784fde5d3dcb25d911c2e21b,Eukaryota,Ciliophora,Intramacronucleata,Litostomatea,Mesodiniidae,Myrionecta,Unassigned,2156.0,2507.0,523.0,613.0,8.0,27.0,51.0,83.0
73260db65e5cc9a9ec0d2ae8c9c2f86f,Eukaryota,Rigifilida,Rigifilida,Rigifilida,Rigifilida,Rigifilida,Unassigned,0.0,0.0,6.0,0.0,0.0,0.0,0.0,0.0
765007c5d26997f9d0ac94b4294003ab,Eukaryota,Labyrinthulomycetes,Labyrinthulomycetes,Labyrinthulomycetes,Incertae_Sedis,Stellarchytrium,Unassigned,0.0,0.0,0.0,0.0,0.0,0.0,0.0,3.0
79d05fc22bcd09172dfbb82a2173463c,Eukaryota,Holozoa,Choanoflagellida,Acanthoecida,Acanthoecidae,Savillea,Unassigned,0.0,0.0,0.0,0.0,0.0,0.0,0.0,9.0
7b3f685bbc8c7e9fef5c94ad790a0225,Eukaryota,Mollusca,Bivalvia,Veneroida,Veneroida,Veneroida,Unassigned,0.0,0.0,0.0,0.0,8.0,33.0,73.0,107.0
7b71d771470efe7afdc6a0c72902fd5d,Eukaryota,Picozoa,Picozoa,Picozoa,Picozoa,Picozoa,Unassigned,0.0,0.0,0.0,0.0,0.0,0.0,0.0,9.0
7c82647bd8739d92965989cea6db4359,Eukaryota,MAST-12,MAST-12C,MAST-12C,MAST-12C,MAST-12C,Unassigned,0.0,0.0,0.0,10.0,0.0,0.0,0.0,0.0
7d22ded5f142d87265ed739e5b1e4405,Eukaryota,Dinoflagellata,Incertae_Sedis,Incertae_Sedis,Incertae_Sedis,Haplozoon,Unassigned,0.0,0.0,0.0,0.0,17.0,16.0,48.0,25.0
7d8acdc417ba89cdc0eaf7ca4cc6d157,Eukaryota,SA1-3C06,SA1-3C06,SA1-3C06,SA1-3C06,SA1-3C06,Unassigned,0.0,0.0,0.0,0.0,0.0,0.0,0.0,10.0
7e3cb034989c2c5bf242be3fd430fb8d,Eukaryota,Diatomea,Coscinodiscophytina,Coscinodiscophytina,Corethrids,Corethron,Unassigned,0.0,0.0,0.0,0.0,15.0,21.0,33.0,45.0
8026436d7e644ed4464fce7257640521,Bacteria,Planctomycetota,Phycisphaerae,Phycisphaerales,Phycisphaeraceae,Phycisphaera,Unassigned,0.0,0.0,2.0,0.0,0.0,0.0,0.0,0.0
81024671d0b3cf832b348de07c2cc101,Eukaryota,Retaria,Foraminifera,Rotaliida,Rotaliidae,Ammonia,Unassigned,0.0,0.0,0.0,0.0,0.0,0.0,3.0,0.0
82b2475c2da6e342c50e4e18b2c7afb0,Eukaryota,Diatomea,Mediophyceae,Mediophyceae,Mediophyceae,Cyclotella,Unassigned,0.0,0.0,0.0,0.0,0.0,79.0,210.0,277.0
838f72f0ae558d1dc824d4f9a86b818e,Eukaryota,Ciliophora,Intramacronucleata,Spirotrichea,Spirotrichea,Protocruzia,Unassigned,0.0,0.0,0.0,0.0,0.0,6.0,0.0,0.0
84cb56d6f7bba40c8d263ed997332ca4,Eukaryota,Bicosoecida,Bicosoecida,Bicosoecida,Bicosoecida,Pseudobodo,Unassigned,0.0,0.0,0.0,0.0,28.0,20.0,0.0,0.0
853e6cd5a8af1c80c44fa8c5b2615025,Eukaryota,Diatomea,Coscinodiscophytina,Coscinodiscophytina,Coscinodiscophytina,Coscinodiscophytina,Unassigned,0.0,0.0,0.0,0.0,8.0,12.0,0.0,0.0
88949ceaebc201e0820d9cc2b76c79af,Eukaryota,Euglenozoa,Euglenida,Heteronematina,Heteronematina,Petalomonas,Unassigned,24.0,15.0,0.0,12.0,0.0,0.0,0.0,0.0
8981718a9c516e4be9c55f563849febb,Eukaryota,MAST-7,MAST-7D,MAST-7D,MAST-7D,MAST-7D,Unassigned,0.0,0.0,0.0,0.0,0.0,0.0,19.0,0.0
8ae55a787d07219f8cb16baa617917cf,Eukaryota,Ochrophyta,Chrysophyceae,Chromulinales,Chromulinales,Poteriospumella,Unassigned,44.0,28.0,31.0,87.0,0.0,0.0,0.0,0.0
8b1cd1ebfb048fca502855529b7432bf,Eukaryota,Euglenozoa,Kinetoplastea,Incertae_Sedis,Incertae_Sedis,Hemistasia,Unassigned,7.0,10.0,0.0,3.0,0.0,0.0,0.0,0.0
8b522bac68cbb8e5cd33774e5f4b1bf1,Eukaryota,Euglenozoa,Euglenida,Heteronematina,Heteronematina,Petalomonas,Unassigned,0.0,0.0,0.0,0.0,0.0,3.0,0.0,0.0
8be8d758430866d7bdbaafb86bd339cb,Eukaryota,Ciliophora,Intramacronucleata,Spirotrichea,Hypotrichia,Metaurostylopsis,Unassigned,0.0,0.0,0.0,0.0,0.0,0.0,0.0,6.0
8d10eb9908152ecfa0a1cebb5ac062e2,Eukaryota,Holozoa,Ichthyosporea,Pseudoperkinsidae,Pseudoperkinsidae,Creolimax,Unassigned,0.0,0.0,0.0,0.0,0.0,0.0,0.0,8.0
8d85c3e6f54c17b6d85653ed89b90452,Eukaryota,Euglenozoa,Euglenida,Heteronematina,Heteronematina,Petalomonas,Unassigned,15.0,9.0,16.0,10.0,0.0,0.0,0.0,0.0
90094d94869c4a5479c86f5e83e1221e,Eukaryota,Apicomplexa,Conoidasida,Gregarinasina,Eugregarinorida,Lankesteria,Unassigned,0.0,0.0,0.0,0.0,0.0,3.0,0.0,0.0
91b22027d0f8c9dde95c52cb18944eb2,Eukaryota,MAST-12,MAST-12C,MAST-12C,MAST-12C,MAST-12C,Unassigned,0.0,0.0,15.0,0.0,0.0,0.0,0.0,0.0
92f67cfacc4538463c1e45d149136d3c,Eukaryota,SA1-3C06,SA1-3C06,SA1-3C06,SA1-3C06,SA1-3C06,Unassigned,0.0,11.0,7.0,0.0,0.0,0.0,0.0,0.0
93578415a47039521facfa909e4840f5,Eukaryota,MAST-3,MAST-3J,MAST-3J,MAST-3J,MAST-3J,Unassigned,0.0,0.0,0.0,0.0,0.0,0.0,0.0,22.0
989fa00c5dfe7cb0e30e258de7744c40,Eukaryota,Bicosoecida,Bicosoecida,Bicosoecida,Bicosoecida,Pseudobodo,Unassigned,0.0,0.0,0.0,0.0,48.0,74.0,90.0,143.0
98ce9a604ed67719423d791c92e19413,Eukaryota,Peronosporomycetes,Peronosporomycetes,Peronosporomycetes,Peronosporomycetes,Atkinsiella,Unassigned,6.0,0.0,0.0,0.0,0.0,0.0,0.0,0.0
995426c667aa423c9e4e887d2a4c2a71,Eukaryota,Prymnesiophyceae,Prymnesiophyceae,Prymnesiophyceae,Prymnesiophyceae,Phaeocystis,Unassigned,0.0,0.0,0.0,0.0,0.0,14.0,44.0,42.0
99be01081508917cb50e7722aba232bf,Eukaryota,Incertae_Sedis,Incertae_Sedis,Incertae_Sedis,Incertae_Sedis,Pirsonia,Unassigned,0.0,0.0,0.0,0.0,0.0,0.0,20.0,11.0
9ade313caad43b58307a25bc2e19cc2b,Eukaryota,Euglenozoa,Euglenida,Heteronematina,Heteronematina,Petalomonas,Unassigned,0.0,0.0,6.0,7.0,0.0,0.0,0.0,0.0
9b4d9c0f7b0119f7b490545c20365abd,Bacteria,Acidobacteriota,Holophagae,Subgroup_7,Subgroup_7,Subgroup_7,Unassigned,0.0,0.0,0.0,0.0,0.0,5.0,0.0,0.0
9b54b1ad6d7c69f75d6e4d842233d9c3,Eukaryota,Amoebozoa,Tubulinea,Euamoebida,Euamoebida,Hartmannella,Unassigned,0.0,0.0,0.0,0.0,0.0,5.0,0.0,0.0
9cbd63a2fa8c740ec6c15187f3d4b5fe,Eukaryota,Euglenozoa,Kinetoplastea,Neobodonida,Neobodonida,Neobodo,Unassigned,0.0,0.0,0.0,7.0,0.0,0.0,0.0,0.0
9e251db5a70d1672d4dfe284d5d683e8,Eukaryota,Amoebozoa,Tubulinea,Euamoebida,Euamoebida,Euamoebida,Unassigned,0.0,0.0,0.0,0.0,2.0,5.0,0.0,4.0
a0fb4c06bc207ddc6fece3c6498a9b08,Eukaryota,Ciliophora,Intramacronucleata,Spirotrichea,Euplotia,Euplotes,Unassigned,0.0,0.0,0.0,0.0,0.0,24.0,10.0,30.0
a1015cbde724fb663d100b66f73fe105,Eukaryota,Euglenozoa,Diplonemea,Diplonemea,Diplonemea,Diplonema,Unassigned,0.0,0.0,0.0,22.0,0.0,0.0,0.0,0.0
a21072e7e1ba568c5cc2b44a2fdbd531,Eukaryota,MAST-1,MAST-1C,MAST-1C,MAST-1C,MAST-1C,Unassigned,0.0,0.0,0.0,0.0,0.0,0.0,0.0,7.0
a22f7f13083056f4c8b52d45ac4d2e25,Eukaryota,Cryptophyceae,Cryptophyceae,Cryptomonadales,Cryptomonadales,Geminigera,Unassigned,0.0,0.0,0.0,0.0,123.0,146.0,400.0,358.0
a2ab398bc4486e5662aad6505fc32bc1,Eukaryota,Mollusca,Bivalvia,Veneroida,Veneroida,Veneroida,Unassigned,78.0,100.0,60.0,94.0,0.0,0.0,0.0,0.0
a3802c781bb34fe671af349d5a035db1,Eukaryota,Chlorophyta,Prasinophytae,Pseudoscourfieldiales,Pseudoscourfieldiales,Pycnococcus,Unassigned,0.0,0.0,15.0,0.0,0.0,0.0,0.0,0.0
a45af21a4496f30a98792474db630e03,Eukaryota,Euglenozoa,Diplonemea,Diplonemea,Diplonemea,Rhynchopus,Unassigned,0.0,0.0,0.0,0.0,16.0,12.0,18.0,29.0
a4c9359f41be56343c3732d54d293614,Eukaryota,Euglenozoa,Euglenida,Heteronematina,Heteronematina,Petalomonas,Unassigned,0.0,0.0,0.0,0.0,0.0,0.0,7.0,4.0
a5cc6610b726d0476be10aa442dcb028,Eukaryota,Cercozoa,Chlorarachniophyta,Chlorarachniophyta,Chlorarachniophyta,Minorisa,Unassigned,0.0,0.0,0.0,0.0,4.0,0.0,0.0,11.0
a6246763575176b50b35f88033556c4d,Eukaryota,MAST-7,MAST-7,MAST-7,MAST-7,MAST-7,Unassigned,0.0,0.0,0.0,0.0,0.0,0.0,22.0,24.0
a67b6d149875b1e74240945edf710d4a,Eukaryota,Cercozoa,Imbricatea,Imbricatea,Euglyphida,Paulinella,Unassigned,0.0,0.0,0.0,0.0,0.0,0.0,5.0,0.0
a6b3c37218ad5861af2f417ea00b42f3,Eukaryota,Ochrophyta,Eustigmatophyceae,Eustigmatales,Eustigmatales,uncultured,Unassigned,0.0,0.0,0.0,0.0,40.0,52.0,129.0,117.0
a92bf769974b814b817ddf1be2e2babb,Eukaryota,Cercozoa,Glissomonadida,Glissomonadida,Glissomonadida,uncultured,Unassigned,0.0,0.0,0.0,13.0,0.0,0.0,0.0,0.0
a932c5faf6c2b005547ff90ddbff5f97,Bacteria,Myxococcota,Polyangia,Haliangiales,Haliangiaceae,Haliangium,Unassigned,21.0,0.0,0.0,0.0,0.0,0.0,0.0,0.0
a98ed4751ae339c0fa53d42f1aef6f87,Eukaryota,Cercozoa,Ascetosporea,Ascetosporea,Paradiniidae,Paradinium,Unassigned,0.0,0.0,0.0,0.0,25.0,35.0,45.0,127.0
aa0ebb7ad2342212d92e7d34730f109b,Eukaryota,Euglenozoa,Euglenida,Heteronematina,Heteronematina,Petalomonas,Unassigned,0.0,0.0,0.0,0.0,0.0,15.0,17.0,9.0
aa15a9057145927bd63020eb35e3ce89,Eukaryota,Mollusca,Gastropoda,Heterobranchia,Heterobranchia,Heterobranchia,Unassigned,0.0,0.0,0.0,0.0,0.0,0.0,665.0,873.0
ab0dacf7d29f3540a1ef767c2444242f,Eukaryota,Protalveolata,Syndiniales,Syndiniales,Syndiniales,Duboscquella,Unassigned,0.0,0.0,0.0,0.0,11.0,10.0,7.0,40.0
adfb183f61a218dad135e01f6f3104be,Eukaryota,Bryozoa,Gymnolaemata,Cheilostomatida,Cheilostomatida,Cheilostomatida,Unassigned,0.0,0.0,0.0,0.0,109.0,79.0,0.0,10.0
ae52b6b8a8ac7182b08aee4bc1a54161,Eukaryota,Diatomea,Mediophyceae,Mediophyceae,Mediophyceae,Cyclotella,Unassigned,0.0,0.0,0.0,0.0,23.0,0.0,0.0,47.0
aeabe54d1f5fd3927ca83445360321d7,Bacteria,Gemmatimonadota,BD2-11_terrestrial_group,BD2-11_terrestrial_group,BD2-11_terrestrial_group,BD2-11_terrestrial_group,Unassigned,0.0,12.0,0.0,3.0,0.0,31.0,22.0,0.0
af046c978ea07921ecda1469fd121d4d,Eukaryota,Mollusca,Gastropoda,Caenogastropoda,Caenogastropoda,Caenogastropoda,Unassigned,0.0,0.0,0.0,0.0,0.0,0.0,0.0,6.0
af85f17bfbac4c6962fdf950b8523522,Eukaryota,Nematozoa,Chromadorea,Monhysterida,Monhysterida,Monhysterida,Unassigned,0.0,0.0,0.0,0.0,0.0,5.0,0.0,0.0
afe9fda54b1edcbb1a660f95f3c86ec2,Eukaryota,Cercozoa,Granofilosea,Granofilosea,Granofilosea,Massisteria,Unassigned,0.0,0.0,0.0,0.0,17.0,12.0,0.0,0.0
b0229131a5fba82edf0f09dda2709174,Eukaryota,Pavlovophyceae,Pavlovophyceae,Pavlovophyceae,Pavlovophyceae,Exanthemachrysis,Unassigned,0.0,0.0,0.0,0.0,0.0,0.0,7.0,0.0
b0c5b9aafe4462cc72c6e96c60040d26,Eukaryota,Mollusca,Bivalvia,Veneroida,Veneroida,Veneroida,Unassigned,2176.0,2260.0,2526.0,2934.0,0.0,0.0,0.0,0.0
b253f393fc4328d9a70acd89ff00d62b,Eukaryota,Ciliophora,Intramacronucleata,Conthreep,Oligohymenophorea,Miamiensis,Unassigned,0.0,0.0,0.0,0.0,0.0,0.0,7.0,0.0
b25479981dec680371abe9f534f783b4,Eukaryota,Cnidaria,Hydrozoa,Narcomedusae,Narcomedusae,Narcomedusae,Unassigned,0.0,0.0,0.0,0.0,264.0,380.0,2689.0,2972.0
b2aa4b68a1278839ac2a4a1521e72462,Eukaryota,Diatomea,Coscinodiscophytina,Coscinodiscophytina,Rhizosolenids,Rhizosolenids,Unassigned,0.0,0.0,0.0,0.0,61.0,92.0,185.0,240.0
b3f276a1cf8486eab437dfdd46eac67f,Eukaryota,Prymnesiophyceae,Prymnesiophyceae,Prymnesiales,Prymnesiales,OLI51059,Unassigned,0.0,0.0,0.0,0.0,11.0,17.0,35.0,55.0
b4ba4cde80ec0042babb0c46644c6f8d,Bacteria,Gemmatimonadota,PAUC43f_marine_benthic_group,PAUC43f_marine_benthic_group,PAUC43f_marine_benthic_group,PAUC43f_marine_benthic_group,Unassigned,0.0,0.0,0.0,0.0,11.0,0.0,0.0,10.0
b7c5110f4de1dd8a63b38b08afde62d2,Eukaryota,Cercozoa,Imbricatea,Imbricatea,Euglyphida,Euglypha,Unassigned,0.0,0.0,25.0,33.0,0.0,0.0,0.0,0.0
b8b16a8fa294ca14b02efc6afc95be86,Eukaryota,Ciliophora,Intramacronucleata,Spirotrichea,Euplotia,Aspidisca,Unassigned,0.0,0.0,0.0,0.0,0.0,0.0,0.0,8.0
b9a0a88280463ddd2484773197f20edc,Eukaryota,Euglenozoa,Kinetoplastea,Prokinetoplastina,Prokinetoplastina,Ichthyobodo,Unassigned,0.0,0.0,5.0,0.0,0.0,0.0,0.0,0.0
b9cc45a903671fe84a1f6f6336632693,Eukaryota,Ciliophora,Intramacronucleata,Spirotrichea,Hypotrichia,Neourostylopsis,Unassigned,0.0,0.0,16.0,10.0,0.0,0.0,0.0,0.0
bb779716d4afd189826419b97fbd360e,Eukaryota,Cnidaria,Anthozoa,Actiniaria,Actiniaria,Actiniaria,Unassigned,0.0,0.0,0.0,0.0,435.0,751.0,2032.0,2254.0
bc70b80c6f9a3191af5c845a8f398a1e,Eukaryota,Kathablepharidae,Kathablepharidae,Kathablepharidae,Kathablepharidae,Roombia,Unassigned,0.0,0.0,0.0,0.0,0.0,0.0,0.0,10.0
bc8006073b65ec27cee3dc3204385f41,Eukaryota,Ciliophora,Intramacronucleata,Conthreep,Colpodea,Aristerostoma,Unassigned,0.0,0.0,0.0,0.0,0.0,0.0,13.0,13.0
bd5f1dad1de4c5ece7a6b47464cf6a9a,Bacteria,Verrucomicrobiota,Kiritimatiellae,Kiritimatiellales,Kiritimatiellaceae,uncultured,Unassigned,0.0,0.0,0.0,0.0,3.0,0.0,0.0,0.0
bdaace3ac7d9848179199ccf5771aef3,Eukaryota,Myxogastria,Myxogastria,Myxogastria,Myxogastria,Stemonitis,Unassigned,0.0,0.0,0.0,13.0,0.0,0.0,0.0,0.0
be9cc7b3a5632973d658897e0f0c81fa,Bacteria,Acidobacteriota,Thermoanaerobaculia,Thermoanaerobaculales,Thermoanaerobaculaceae,Subgroup_23,Unassigned,0.0,0.0,0.0,0.0,10.0,0.0,0.0,0.0
bea45d6f9938a8c6cb857f7f2f726de6,Eukaryota,Euglenozoa,Euglenida,Heteronematina,Heteronematina,Petalomonas,Unassigned,0.0,0.0,0.0,0.0,0.0,0.0,0.0,5.0
c03b392c2b1b6254e1e39e9cbb61bf3e,Eukaryota,Bryozoa,Gymnolaemata,Cheilostomatida,Cheilostomatida,Cheilostomatida,Unassigned,2.0,0.0,0.0,0.0,0.0,0.0,0.0,0.0
c04ead285479dcdb293fe5692a489d75,Eukaryota,Mollusca,Bivalvia,Mytiloida,Mytiloida,Mytiloida,Unassigned,0.0,0.0,0.0,0.0,0.0,0.0,7.0,5.0
c258c5fc831ea7b6cdc5889222975e7b,Eukaryota,Diatomea,Coscinodiscophytina,Coscinodiscophytina,Rhizosolenids,Leptocylindrus,Unassigned,56.0,49.0,51.0,60.0,5.0,12.0,9.0,37.0
c28ee750da6884b096d918a44e132ad3,Eukaryota,Cercozoa,Chlorarachniophyta,Chlorarachniophyta,Chlorarachniophyta,Bigelowiella,Unassigned,0.0,0.0,0.0,0.0,0.0,0.0,3.0,0.0
c381bf315de46f7323df491f3023fce5,Eukaryota,MAST-12,MAST-12C,MAST-12C,MAST-12C,MAST-12C,Unassigned,18.0,0.0,16.0,9.0,0.0,0.0,0.0,0.0
c557e7f31f269b45f17cb542af8af3c4,Eukaryota,MAST-4,MAST-4D,MAST-4D,MAST-4D,MAST-4D,Unassigned,0.0,0.0,0.0,0.0,0.0,0.0,0.0,8.0
c9757331b0baf6d310bc59a31fad35ac,Eukaryota,Euglenozoa,Euglenida,Heteronematina,Heteronematina,Petalomonas,Unassigned,0.0,0.0,0.0,0.0,0.0,0.0,0.0,7.0
c989896655675167ce9ff66acbad59f5,Eukaryota,Euglenozoa,Kinetoplastea,Neobodonida,Neobodonida,Rhynchomonas,Unassigned,0.0,0.0,0.0,0.0,0.0,15.0,0.0,10.0
ca468d0ccd3952a9c029ccc6fe1bf866,Eukaryota,Cryptophyceae,Cryptophyceae,Cryptomonadales,Cryptomonadales,Proteomonas,Unassigned,0.0,0.0,0.0,0.0,215.0,302.0,720.0,885.0
cae40d308fde25ab6c2ed92b8e9b3538,Eukaryota,MAST-9,MAST-9A,MAST-9A,MAST-9A,MAST-9A,Unassigned,0.0,0.0,0.0,0.0,0.0,0.0,5.0,0.0
cb6a4bd4d8615670334ac9d4531b24b9,Eukaryota,Holozoa,Choanoflagellida,Acanthoecida,Stephanoecidae,Bicosta,Unassigned,0.0,0.0,0.0,0.0,6.0,0.0,7.0,4.0
cbdc43304ca94a8f3734212ba1a20695,Bacteria,Bdellovibrionota,Oligoflexia,Oligoflexales,Oligoflexaceae,uncultured,Unassigned,0.0,0.0,0.0,0.0,0.0,0.0,0.0,14.0
cc0b2c1cae5d885e19aefe1ee79d942b,Eukaryota,Holozoa,Choanoflagellida,Codonosigidae,Codonosigidae,Codonosigidae,Unassigned,0.0,0.0,0.0,11.0,0.0,0.0,0.0,0.0
cc1d8ceb303a8c97f1c7171fe8891153,Eukaryota,Amoebozoa,Discosea,Dactylopodida,Dactylopodida,Parvamoeba,Unassigned,0.0,0.0,0.0,0.0,0.0,12.0,33.0,15.0
cdbc2c0b8de3703ae4029ca9d5c8766f,Eukaryota,Euglenozoa,Euglenida,Heteronematina,Heteronematina,Petalomonas,Unassigned,10.0,0.0,0.0,0.0,0.0,0.0,0.0,0.0
cea8da62b66111692906a62a52521f78,Eukaryota,Cercozoa,Imbricatea,Imbricatea,Euglyphida,Paulinella,Unassigned,0.0,0.0,0.0,0.0,37.0,31.0,80.0,104.0
cf2283ae8ae1c4bfbd534152652bfa7d,Eukaryota,Ciliophora,Intramacronucleata,Spirotrichea,Euplotia,Aspidisca,Unassigned,0.0,0.0,0.0,0.0,2.0,0.0,0.0,0.0
d088e7140115739706ee3b3fc9cb3a0d,Eukaryota,Euglenozoa,Kinetoplastea,Incertae_Sedis,Incertae_Sedis,Hemistasia,Unassigned,0.0,0.0,0.0,0.0,0.0,0.0,4.0,0.0
d08d0f131bfd6e1b18cd4f2c981038c1,Eukaryota,Euglenozoa,Euglenida,Heteronematina,Heteronematina,Petalomonas,Unassigned,0.0,0.0,0.0,0.0,4.0,0.0,6.0,0.0
d4ab51d3b99e9cb082d9189d3e044cc0,Eukaryota,MAST-12,MAST-12C,MAST-12C,MAST-12C,MAST-12C,Unassigned,0.0,11.0,0.0,0.0,0.0,0.0,0.0,0.0
d5872a99684e015f1ea7bd9a5ea9ec57,Eukaryota,Chlorophyta,Prasinophytae,Pseudoscourfieldiales,Pseudoscourfieldiales,Pycnococcus,Unassigned,0.0,0.0,0.0,0.0,0.0,17.0,10.0,20.0
d77c2714f29e8213b7456c0d9c3bce32,Eukaryota,MAST-2,MAST-2,MAST-2,MAST-2,MAST-2,Unassigned,0.0,0.0,0.0,0.0,0.0,16.0,0.0,13.0
d78f0e3346f34979f298e807af5bbf02,Eukaryota,Chlorophyta,Prasinophytae,Prasinococcales,Prasinococcales,Prasinococcus,Unassigned,0.0,0.0,0.0,0.0,0.0,3.0,11.0,0.0
d882ef9e0a21ddd55f3298b63e65fbb3,Eukaryota,Bryozoa,Gymnolaemata,Ctenostomatida,Ctenostomatida,Ctenostomatida,Unassigned,0.0,3.0,0.0,0.0,0.0,0.0,0.0,0.0
d8adfe383dfd3881bfd2742df6703089,Eukaryota,Cnidaria,Hydrozoa,Siphonophorae,Siphonophorae,Siphonophorae,Unassigned,0.0,0.0,0.0,0.0,38.0,66.0,217.0,252.0
d92d5cbd8bcfbb0353ac724d5c759dfa,Bacteria,Myxococcota,Polyangia,Haliangiales,Haliangiaceae,Haliangium,Unassigned,0.0,17.0,0.0,0.0,0.0,0.0,0.0,0.0
dcbbfdee8cc2166a788864b7050658b4,Eukaryota,Euglenozoa,Euglenida,Heteronematina,Heteronematina,Petalomonas,Unassigned,0.0,0.0,4.0,0.0,0.0,0.0,0.0,0.0
de8acfe15115800cad4c8a1708ef264f,Eukaryota,Amoebozoa,Tubulinea,Euamoebida,Euamoebida,Euamoebida,Unassigned,0.0,0.0,0.0,0.0,0.0,0.0,4.0,0.0
dfe2da212b39f41ae2c4a776bfdc4d74,Bacteria,Planctomycetota,Phycisphaerae,Phycisphaerales,Phycisphaeraceae,Phycisphaera,Unassigned,0.0,0.0,0.0,0.0,0.0,5.0,0.0,0.0
dfe748e05236f0543779289bc025821b,Eukaryota,Centrohelida,Centrohelida,Centrohelida,Heterophryidae,Oxnerella,Unassigned,0.0,0.0,0.0,0.0,0.0,0.0,0.0,6.0
e26b34bb8d22c507c1bfdaff7e21df8f,Bacteria,Verrucomicrobiota,Verrucomicrobiae,uncultured,uncultured,uncultured,Unassigned,0.0,0.0,0.0,3.0,0.0,0.0,0.0,0.0
e318c36ba6e06bc5d73f9ccfe3a03712,Eukaryota,Chlorophyta,Prasinophytae,Pseudoscourfieldiales,Pseudoscourfieldiales,Pycnococcus,Unassigned,0.0,0.0,0.0,0.0,8.0,0.0,0.0,35.0
e66b7071885495d23c269ba155164cdb,Eukaryota,MAST-11,MAST-11,MAST-11,MAST-11,MAST-11,Unassigned,0.0,0.0,0.0,0.0,8.0,12.0,23.0,26.0
e6778d8c8b656feb62fa1a08d4a415d4,Eukaryota,Diatomea,Mediophyceae,Mediophyceae,Mediophyceae,Cyclotella,Unassigned,0.0,0.0,0.0,0.0,181.0,287.0,589.0,695.0
e7846550712eaedc7812c135c1aaa2a5,Eukaryota,Pav3,Pav3,Pav3,Pav3,Pav3,Unassigned,0.0,0.0,0.0,0.0,0.0,0.0,10.0,6.0
e7bdea5cc251a237de8dba89514c0853,Eukaryota,Ciliophora,Intramacronucleata,Spirotrichea,Choreotrichia,Tintinnopsis,Unassigned,0.0,0.0,0.0,0.0,14.0,13.0,32.0,75.0
ebc7678c6bf57b985f718b981c4f1246,Eukaryota,Chlorophyta,Clade_VII,Subclade_A,Subclade_A,Subclade_A,Unassigned,0.0,0.0,0.0,0.0,21.0,13.0,67.0,76.0
ecbf9d649a14423b9edea528078a87e1,Eukaryota,Ochrophyta,Raphidophyceae,Chattonellales,Chattonellales,Heterosigma,Unassigned,0.0,0.0,0.0,0.0,0.0,7.0,24.0,0.0
ee98d125ed68660b56e60699e3872610,Eukaryota,Retaria,Foraminifera,Rotaliida,Rotaliidae,Ammonia,Unassigned,0.0,0.0,0.0,0.0,0.0,3.0,0.0,0.0
ef426a305cceaf03d505bc23bd561a81,Bacteria,Campylobacterota,Campylobacteria,Campylobacterales,Sulfurimonadaceae,Sulfurimonas,Unassigned,0.0,0.0,0.0,0.0,17.0,36.0,20.0,0.0
ef51261ddedab86ba86b44fb06133655,Eukaryota,MAST-3,MAST-3C,MAST-3C,MAST-3C,MAST-3C,Unassigned,0.0,0.0,0.0,0.0,0.0,0.0,0.0,11.0
ef6244effaaf207ac5722ac028c28459,Eukaryota,Euglenozoa,Euglenida,Heteronematina,Heteronematina,Petalomonas,Unassigned,0.0,0.0,0.0,0.0,0.0,5.0,0.0,0.0
f083a48a5a22f27fb372326be091d302,Eukaryota,Mollusca,Bivalvia,Veneroida,Veneroida,Veneroida,Unassigned,0.0,0.0,0.0,0.0,0.0,0.0,0.0,8.0
f10a2aa550482e73dc536f304360956f,Eukaryota,Euglenozoa,Diplonemea,Diplonemea,Diplonemea,Rhynchopus,Unassigned,0.0,0.0,0.0,0.0,0.0,7.0,0.0,0.0
f40d7b8f2bf7bf61c426178857e10dda,Eukaryota,MAST-12,MAST-12C,MAST-12C,MAST-12C,MAST-12C,Unassigned,0.0,0.0,13.0,0.0,0.0,0.0,0.0,0.0
f4b93624c0e77546d372926f86d8bcec,Eukaryota,Arthropoda,Insecta,Odonata,Odonata,Odonata,Unassigned,5.0,6.0,0.0,0.0,0.0,0.0,0.0,0.0
f5b6ce8e8e19a9b41153ed94e1bbf7ad,Eukaryota,Euglenozoa,Kinetoplastea,Neobodonida,Neobodonida,Rhynchomonas,Unassigned,0.0,0.0,0.0,0.0,14.0,0.0,0.0,0.0
f67a8366e94d0ce6336da755d4840b1c,Eukaryota,Annelida,Polychaeta,Opheliidae,Opheliidae,Opheliidae,Unassigned,0.0,0.0,0.0,0.0,192.0,279.0,489.0,662.0
f8716943529321e35bc67cb10675dcc9,Eukaryota,Cryptophyceae,Cryptophyceae,Cryptomonadales,Cryptomonadales,Komma,Unassigned,65.0,65.0,46.0,0.0,0.0,0.0,0.0,0.0
f8aed36ac84f4e3e93f48c0353a15078,Eukaryota,Ciliophora,Intramacronucleata,Spirotrichea,Hypotrichia,Metaurostylopsis,Unassigned,0.0,0.0,10.0,0.0,0.0,0.0,0.0,0.0
f92a0d91dce73fa11a6dc2d2b2109a70,Eukaryota,Ciliophora,Intramacronucleata,Spirotrichea,Choreotrichia,Steenstrupiella,Unassigned,0.0,0.0,0.0,0.0,43.0,32.0,33.0,0.0
f9394690025f82d04b0be168aebe305e,Eukaryota,Ochrophyta,Eustigmatophyceae,Eustigmatales,Eustigmatales,uncultured,Unassigned,0.0,0.0,0.0,0.0,24.0,24.0,74.0,71.0
fa9bb296c1539ce88b097f1422d22830,Eukaryota,Cercozoa,Granofilosea,Granofilosea,Granofilosea,Massisteria,Unassigned,0.0,0.0,0.0,0.0,9.0,0.0,0.0,5.0
fb2b5c7b73a9527ba27d5373371111af,Bacteria,Proteobacteria,Alphaproteobacteria,Sphingomonadales,Sphingomonadaceae,Sphingomicrobium,Unassigned,30.0,25.0,26.0,18.0,41.0,47.0,34.0,32.0
fb6da190c80d682e499bd20011ff5259,Eukaryota,Euglenozoa,Kinetoplastea,Incertae_Sedis,Incertae_Sedis,Hemistasia,Unassigned,0.0,0.0,12.0,0.0,0.0,0.0,0.0,0.0
fc3c0ec60cd6f0d8d2303d18a6373358,Eukaryota,Cercozoa,Imbricatea,Imbricatea,Euglyphida,Euglypha,Unassigned,8.0,8.0,0.0,0.0,0.0,0.0,0.0,0.0
fd2b4000ae9e85c3018d1dd32410afe0,Eukaryota,Holozoa,Choanoflagellida,Acanthoecida,Stephanoecidae,Marine_Choanoflagellates_1,Unassigned,0.0,0.0,0.0,0.0,0.0,0.0,0.0,7.0
fd2c2e1d8780fb7bc6c8f02a356456aa,Eukaryota,MAST-1,MAST-1C,MAST-1C,MAST-1C,MAST-1C,Unassigned,0.0,0.0,0.0,0.0,0.0,5.0,7.0,21.0
ff25079e03de58cc1a17b98a8328faf3,Eukaryota,Cnidaria,Anthozoa,Actiniaria,Actiniaria,Actiniaria,Unassigned,0.0,0.0,0.0,0.0,0.0,8.0,0.0,0.0
ffa9a46f1d3bdf28ec5e24b858760f78,Eukaryota,Euglenozoa,Euglenida,Heteronematina,Heteronematina,Petalomonas,Unassigned,2.0,0.0,0.0,0.0,0.0,0.0,0.0,0.0
