,GCF_000967895.1_nr_rpm,GCF_001653755.1_nr_rpm,GCF_030704535.1_nr_rpm,GCF_000208865.1_nr_rpm,GCF_032362555.1_nr_rpm,GCF_000204415.1_nr_rpm,GCF_002310855.1_nr_rpm,GCF_000150955.2_nr_rpm,GCF_000007345.1_nr_rpm,GCF_009362255.1_nr_rpm,GCF_002287195.1_nr_rpm,GCF_000002765.6_nr_rpm,GCF_000016525.1_nr_rpm,GCF_000063445.1_nr_rpm,GCF_000012325.1_nr_rpm
1449799,5e-06,,,,,,,,,,,,,,
92647,1e-05,,,,,,,,,,,,,,
1697053,5e-06,,,,,,,,,,,,,,
2182327,5e-06,,,,,,,,,,,,,,
2030817,0.00506,,,,,,,,,,,,,,
2024846,1.5e-05,,,,,,,,,,,,,,
188908,0.97319,,,,,,,,,,,,,,
1822250,0.00969,,,,,,,,,,,,,,
484498,5e-06,,,,,,2.5e-06,,,,,,,,
187493,3e-05,,,,,,,,,,,,,,
2653152,5e-06,,,,,,,,,,,,,,
1572645,6e-05,,,,,,,,,,,,,,
553,3e-05,,,,,,3.5e-05,,,,,,,,5.5e-05
649161,5e-06,,,,,,4.75e-05,,,,,,,,3.5e-05
314281,1.5e-05,,,,,,7.5e-06,,,,,,,,0.0004
348147,5e-06,,,,,,,,,,,,,,
165438,5e-05,,,,,,2.5e-06,,,,,,,,
758796,0.00616,,,,,,,,,,,,,,0.00875
56799,5e-06,,,,,,2.5e-06,,,,,,,,0.00018
28229,5e-06,,,,,,,,,,,,,,0.722865
29544,2e-05,,,,,,5e-06,,,,,,,,
6269,5e-06,,,5.87122144547685e-05,1.515174472e-06,,,,,,,,,,
2756,5e-06,,,,,,,,,,,,,,
1420917,1.5e-05,,,,,,,,,,,,,,
388400,5e-05,,,,,,1.75e-05,,,,,,,,
727,5e-06,,,,,,,,,,,,,,5e-06
723172,1e-05,,,,,,,,,,,,,,
246167,2e-05,,,,,,1.75e-05,,,,,,,,
670,5e-06,,2.55476088e-06,,,,,,,,,,,,5e-06
318456,5e-06,,,,,,7.5e-06,,,,,,,,
244366,1e-05,,,,,,1.25e-05,,,,,,,,
573,1.5e-05,,6.812695681e-06,,2.121244261e-05,,2.5e-06,,,,,3.5785165903607643e-07,,2e-05,
562,1.5e-05,,1.4476978320000001e-05,,,,0.00534,,,,,,,,1e-05
1977880,5e-06,,,,,,,,,,,,,,
470,1e-05,,0.00011624162010000001,,0.0001621236685,,7.5e-06,,,,,,,,2e-05
2832375,5e-06,,,,,,,,,,,,,,
2653165,1.5e-05,,,,,,,,,,,,,,
29438,1.5e-05,,,,,,0.00013,,,,,,,,5e-06
317,2e-05,,,,,,,,,,,,,,
2768847,1e-05,,,,,,2.25e-05,,,,,,,,2.5e-05
2814294,1e-05,,,,,,,,,,,,,,
43661,5e-06,,,,,,,,,,,,,,6.5e-05
1913989,1e-05,,8.090076121e-06,,,,2e-05,,,,,,,,1e-05
710993,5e-06,,,,,,,,,,,,,,
280772,1e-05,,,,,,,,,,,,,,
247633,1.5e-05,,,,,,,,,,,,,,
2590577,1e-05,,,,,,,,,,,,,,
2993939,,1e-05,,,,,,,,,,,,,
1397112,,5e-05,,,,,,,,,,,,,
1538023,,1e-05,,,,,,,,,,,,,
2725996,,5e-06,,,,,,,,,,,,,
2138210,,5e-06,,,,,,,,,,,,,
1249996,,1.5e-05,,,,,,,,,,,,,
1239415,,0.008775,,,,,,,,,,,,,
983548,,0.004615,,,,,,,,,,,,,
575653,,0.000295,,,,,,,,,,,,,
326320,,0.952715,,,,,,,,,,,,,
313590,,0.02113,,,,,,,,,,,,,
1442586,,3.5e-05,,,,,,,,,,,,,
395353,,1e-05,,,,,,,,,,,,,
1382458,,5e-06,,,,,,,,,,,,,
2653134,,1e-05,,,,,,,,,,,,,
2855841,,5e-06,,,,,,,,,,,,,
1775173,,0.00023,,,,,,,,,,,,,
232,,1e-05,4.2579348000000003e-07,,,,,,,,,,,,
77133,,0.004905,4.2579348000000003e-07,,1.515174472e-06,,,,,,,,,,
-100,,1.5e-05,0.0012228788750000001,1.3869027036559486e-06,0.037342990050000004,8.5e-05,3.75e-05,,0.00039,,,1.7892582951803824e-06,5.5000550005500056e-05,,0.000305
1871037,,1.5e-05,,,,,,,,,,,,,
152421,,,0.00012049955490000001,,,,,,,,,,,,
260718,,,4.2579348000000003e-07,,,,,,,,,,,,
2909283,,,4.2579348000000003e-07,,,,,,,,,,,,
36602,,,8.515869600000001e-07,,,,,,,,,,,,
3048307,,,1.1922217440000001e-05,,,,,,,,,,,,
1398,,,8.047496773e-05,,,,,,,,,,,,
2765380,,,8.515869600000001e-07,,,,,,,,,,,,
1599,,,8.090076121e-06,,,,,,,,,,,,
3034145,,,4.2579348000000003e-07,,,,,,,,,,,,
1598,,,4.2579348000000003e-07,,,,,,,,,,,,
3052184,,,4.2579348000000003e-07,,,,,,,,,,,,
2600176,,,4.2579348000000003e-07,,,,,,,,,,,,
149353,,,2.55476088e-06,,,,,,,,,,,,
149351,,,4.2579348000000003e-07,,,,,,,,,,,,
181123,,,1.27738044e-06,,,,,,,,,,,,
1826815,,,4.2579348000000003e-07,,,,,,,,,,,,
327251,,,8.515869600000001e-07,,,,,,,,,,,,
2683199,,,1.27738044e-06,,,,,,,,,,,,
1979941,,,4.2579348000000003e-07,,3.030348945e-06,,,,,,,,,,
1883072,,,4.2579348000000003e-07,,,,,,,,,,,,
1496,,,6.812695681e-06,,,,,,,,,,,,
36811,,,4.2579348000000003e-07,,,,,,,,,,,,
1856789,,,4.2579348000000003e-07,,,,,,,,,,,,
2756209,,,4.2579348000000003e-07,,,,,,,,,,,,
2570926,,,8.515869600000001e-07,,,,,,,,,,,,
472368,,,0.00026143719679999996,,,,,,,,,,,,
416090,,,8.515869600000001e-07,,,,,,,,,,,,
345100,,,4.2579348000000003e-07,,,,,,,,,,,,
345096,,,4.2579348000000003e-07,,,,,,,,,,,,
345095,,,8.515869600000001e-07,,,,,,,,,,,,
125008,,,1.7031739200000001e-06,,,,,,,,,,,,
1705840,,,4.2579348000000003e-07,,,,,,,,,,,,
761859,,,5.535315241e-06,,,,,,,,,,,,
2712065,,,4.2579348000000003e-07,,,,,,,,,,,,
4155,,,0.00019969714210000002,,,,,,,,,,,,
2066941,,,5.535315241e-06,,,,,,,,,,,,
3019274,,,4.2579348000000003e-07,,,,,,,,,,,,
454469,,,8.515869600000001e-07,,,,,,,,,,,,
1323400,,,4.2579348000000003e-07,,2.2727617089999997e-05,,,,,,,,,,
432641,,,4.2579348000000003e-07,,,,,,,,,,,,
429701,,,3.1934511e-05,,,,,,,,,,,,
1272966,,,4.2579348000000003e-07,,,,,,,,,,,,
1243177,,,4.2579348000000003e-07,,,,,,,,,,,,
28532,,,4.8540456730000004e-05,,0.0003909150139,,,,,,,,,,
94130,,,8.515869601000001e-06,,,,,,,,,4.759427065179817e-05,,,
59799,,,4.2579348000000003e-07,,,,,,,,,,,,
1718259,,,1.27738044e-06,,,,,,,,,,,,
993360,,,4.2579348000000003e-07,,,,,,,,,,,,
2049010,,,4.2579348000000003e-07,,,,,,,,,,,,
4920,,,4.2579348000000003e-07,,,,,,,,,,,,
763965,,,4.2579348000000003e-07,,,,,,,,,,,,
1358851,,,4.2579348000000003e-07,,,,,,,,,,,,
1241919,,,4.2579348000000003e-07,,,,,,,,,,,,
1026954,,,4.2579348000000003e-07,,,,,,,,,,,,
508915,,,8.515869600000001e-07,,,,,,,,,,,,
162678,,,4.2579348000000003e-07,,,,,,,,,,,,
665487,,,4.2579348000000003e-07,,,,,,,,,,,,
138046,,,4.2579348000000003e-07,,,,,,,,,,,,
138043,,,6.216584809e-05,,,,,,,,,,,,
463674,,,8.515869600000001e-07,,,,,,,,,,,,
34168,,,1.7031739200000001e-06,,,,,,,,,3.5785165903607643e-07,,,
2724215,,,4.2579348000000003e-07,,,,,,,,,,,,
608811,,,4.2579348000000003e-07,,,,,,,,,,,,
2282382,,,1.7031739200000001e-06,,,,,,,,,,,,
39905,,,1.3625391360000001e-05,,,,,,,,,,,,
397392,,,7.068171769e-05,,,,,,,,,,,,
386182,,,4.2579348000000003e-07,,,,,,,,,,,,
931233,,,4.2579348000000003e-07,,,,,,,,,,,,
382006,,,4.2579348000000003e-07,,,,,,,,,,,,
63678,,,4.2579348000000003e-07,,,,,,,,,,,,
359865,,,4.2579348000000003e-07,,,,,,,,,,,,
2358320,,,4.2579348000000003e-07,,,,,,,,,,,,
2358313,,,4.2579348000000003e-07,,,,,,,,,,,,
350431,,,2.9805543600000003e-06,,,,,,,,,,,,
345131,,,1.27738044e-06,,,,,,,,,,,,
374723,,,4.598569585e-05,,,,,,,,,,,,
466220,,,4.2579348000000003e-07,,,,,,,,,,,,
418041,,,4.2579348000000003e-07,,,,,,,,,,,,
46066,,,4.2579348000000003e-07,,,,,,,,,,,,
320345,,,3.8321413209999996e-06,,,,,,,,,,,,
316893,,,9.793250041000001e-06,,,,,,,,,,,,
316844,,,4.2579348000000003e-07,,,,,,,,,,,,
307507,,,4.2579348000000003e-07,,,,,,,,,,,,
290952,,,8.515869600000001e-07,,,,,,,,,,,,
289651,,,4.2579348000000003e-07,,,,,,,,,,,,
289639,,,4.2579348000000003e-07,,,,,,,,,,,,
1610689,,,4.2579348000000003e-07,,,,,,,,,,,,
283121,,,3.8321413209999996e-06,,,,,,,,,,,,
389627,,,4.2579348000000003e-07,,,,,,,,,,,,
279532,,,4.2579348000000003e-07,,,,,,,,,,,,
264418,,,4.2579348000000003e-07,,,,,,,,,,,,
1500987,,,8.515869600000001e-07,,,,,,,,,,,,
263836,,,4.2579348000000003e-07,,,,,,,,,,,,
50317,,,4.2579348000000003e-07,,,,,,,,,,,,
2528953,,,4.2579348000000003e-07,,,,,,,,,,,,
252972,,,4.2579348000000003e-07,,,,,,,,,,,,
1889777,,,4.2579348000000003e-07,,,,,,,,,,,,
2984742,,,4.2579348000000003e-07,,,,,,,,,,,,
402998,,,8.090076121e-06,,,,,,,,,,,,
496670,,,4.2579348000000003e-07,,,,,,,,,,,,
1334537,,,8.515869600000001e-07,,,,,,,,,,,,
392033,,,8.515869600000001e-07,,,,,,,,,,,,
230694,,,4.2579348000000003e-07,,,,,,,,,,,,
589010,,,4.2579348000000003e-07,,,,,,,,,,,,
2054580,,,4.2579348000000003e-07,,,,,,,,,,,,
2138331,,,4.2579348000000003e-07,,,,,,,,,,,,
2568490,,,4.2579348000000003e-07,,,,,,,,,,,,
224745,,,8.515869600000001e-07,,,,,,,,,,,,
2152776,,,4.2579348000000003e-07,,,,,,,,,,,,
2320126,,,2.55476088e-06,,,,,,,,,,,,
216165,,,1.7031739200000001e-06,,,,,,,,,,,,
211926,,,1.7031739200000001e-06,,,,,,,,,,,,
345152,,,4.2579348000000003e-07,,,,,,,,,,,,
1399668,,,0.00015243406590000001,,,,,,,,,,,,
2282478,,,5.450156545e-05,,,,,,,,,,,,
553385,,,4.257934801e-06,,,,,,,,,,,,
980662,,,4.2579348000000003e-07,,,,,,,,,,,,
190802,,,4.2579348000000003e-07,,,,,,,,,,,,
291310,,,0.0008145429272999999,,,,,,,,,,,,
2508368,,,4.2579348000000003e-07,,,,,,,,,,,,
195120,,,4.2579348000000003e-07,,,,,,,,,,,,
194564,,,8.515869600000001e-07,,,,,,,,,,,,
2306682,,,8.515869600000001e-07,,,,,,,,,,,,
192259,,,1.49027718e-05,,,,,,,,,,,,
191878,,,1.27738044e-06,,,,,,,,,,,,
1085475,,,1.27738044e-06,,,,,,,,,,,,
262757,,,0.0001098547179,,,,,,,,,,,,
190515,,,8.515869600000001e-07,,,,,,,,,,,,
197122,,,4.2579348000000003e-07,,,,,,,,,,,,
2138605,,,4.2579348000000003e-07,,,,,,,,,,,,
2792425,,,4.2579348000000003e-07,,,,,,,,,,,,
62708,,,0.0003253062188,,,,,,,,,,,,
1348128,,,4.2579348000000003e-07,,,,,,,,,,,,
179843,,,4.2579348000000003e-07,,,,,,,,,,,,
344448,,,4.2579348000000003e-07,,,,,,,,,,,,
2664490,,,4.257934801e-06,,,,,,,,,,,,
1679365,,,8.515869600000001e-07,,,,,,,,,,,,
329342,,,4.2579348000000003e-07,,,,,,,,,,,,
178808,,,0.0007340679596,,,,,,,,,,,,
1737104,,,3.4063478400000002e-06,,,,,,,,,,,,
178804,,,3.8321413209999996e-06,,,,,,,,,,,,
1042139,,,8.941663081e-06,,,,,,,,,,,,
219896,,,3.150871752e-05,,,,,,,,,,,,
178133,,,0.003896436136,,,,,,,,,,,,
185202,,,2.214126096e-05,,,,,,,,,,,,
175694,,,7.238489161e-06,,,,,,,,,,,,
246370,,,4.2579348000000003e-07,,,,,,,,,,,,
569774,,,4.2579348000000003e-07,,,,,,,,,,,,
1985626,,,8.515869600000001e-07,,,,,,,,,,,,
172846,,,8.515869600000001e-07,,4.545523417e-06,,,,,,,,,,
171973,,,8.515869600000001e-07,,,,,,,,,,,,
171969,,,3.491506536e-05,,,,,,,,,,,,
2767773,,,4.2579348000000003e-07,,,,,,,,,,,,
169989,,,4.2579348000000003e-07,,,,,,,,,,,,
381410,,,4.2579348000000003e-07,,,,,,,,,,,,
169262,,,1.7031739200000001e-06,,,,,,,,,,,,
1897053,,,4.2579348000000003e-07,,,,,,,,,,,,
2583323,,,4.2579348000000003e-07,,,,,,,,,,,,
165484,,,8.515869600000001e-07,,,,,,,,,,,,
486076,,,4.2579348000000003e-07,,,,,,,,,,,,
162769,,,8.515869600000001e-07,,,,,,,,,,,,
162669,,,4.2579348000000003e-07,,,,,,,,,,,,
1009333,,,0.00026271457720000003,,,,,,,,,,,,
888268,,,1.27738044e-05,,,,,,,,,,,,
54291,,,4.2579348000000003e-07,,,,,,,,,,,,
1170511,,,4.2579348000000003e-07,,,,,,,,,,,,
453355,,,4.2579348000000003e-07,,,,,,,,,,,,
159368,,,4.2579348000000003e-07,,,,,,,,,,,,
2740837,,,4.2579348000000003e-07,,,,,,,,,,,,
292765,,,4.2579348000000003e-07,,,,,,,,,,,,
154478,,,4.2579348000000003e-07,,,,,,,,,,,,
152744,,,1.27738044e-06,,,,,,,,,,,,
525237,,,4.2579348000000003e-07,,,,,,,,,,,,
151069,,,4.2579348000000003e-07,,,,,,,,,,,,
2908915,,,1.27738044e-06,,,,,,,,,,,,
2003742,,,4.2579348000000003e-07,,,,,,,,,,,,
1932027,,,8.515869600000001e-07,,,,,,,,,,,,
1006137,,,8.515869600000001e-07,,,,,,,,,,,,
1006129,,,4.2579348000000003e-07,,,,,,,,,,,,
1006121,,,4.683728280999999e-06,,,,,,,,,,,,
485369,,,5.109521761e-06,,,,,,,,,,,,
345143,,,8.515869600000001e-07,,,,,,,,,,,,
1236435,,,1.27738044e-06,,,,,,,,,,,,
1236424,,,1.27738044e-06,,,,,,,,,,,,
345107,,,1.7031739200000001e-06,,,,,,,,,,,,
332429,,,8.515869600000001e-07,,,,,,,,,,,,
165299,,,8.515869600000001e-07,,,,,,,,,,,,
165298,,,8.515869600000001e-07,,,,,,,,,,,,
149359,,,2.55476088e-06,,,,,,,,,,,,
147570,,,4.2579348000000003e-07,,,,,,,,,,,,
158149,,,8.515869600000001e-07,,,,,,,,,,,,
147071,,,4.2579348000000003e-07,,,,,,,,,,,,
144539,,,4.2579348000000003e-07,,,,,,,,,,,,
2291178,,,4.2579348000000003e-07,,,,,,,,,,,,
1008942,,,5.961108721e-06,,,,,,,,,,,,
396313,,,8.515869600000001e-07,,,,,,,,,,,,
396315,,,4.2579348000000003e-07,,,,,,,,,,,,
139932,,,4.2579348000000003e-07,,,,,,,,,,,,
138855,,,4.2579348000000003e-07,,,,,,,,,,,,
1197307,,,4.2579348000000003e-07,,,,,,,,,,,,
173492,,,8.515869600000001e-07,,,,,,,,,,,,
32237,,,4.2579348000000003e-07,,,,,,,,,,,,
455371,,,1.3625391360000001e-05,,,,,,,,,,,,
2732720,,,4.2579348000000003e-07,,,,,,,,,,,,
164466,,,4.2579348000000003e-07,,,,,,,,,,,,
1345055,,,8.515869600000001e-07,,,,,,,,,,,,
1685480,,,0.000117944794,,,,,,,,,,,,
2706341,,,4.2579348000000003e-07,,,,,,,,,,,,
1148074,,,8.515869600000001e-07,,,,,,,,,,,,
714442,,,8.515869600000001e-07,,,,,,,,,,,,
345099,,,3.8321413209999996e-06,,,,,,,,,,,,
345092,,,4.2579348000000003e-07,,,,,,,,,,,,
124941,,,4.2579348000000003e-07,,,,,,,,,,,,
124846,,,1.7031739200000001e-06,,,,,,,,,,,,
458696,,,0.0001000614678,,,,,,,,,,,,
205465,,,4.2579348000000003e-07,,,,,,,,,,,,
2943344,,,4.2579348000000003e-07,,,,,,,,,,,,
122812,,,3.8321413209999996e-06,,,,,,,,,,,,
141186,,,4.2579348000000003e-07,,,,,,,,,,,,
121481,,,4.2579348000000003e-07,,,,,,,,,,,,
120290,,,1.575435876e-05,,,,,,,,,,,,
119954,,,1.4051184839999999e-05,,,,,,,,,,,,
1231846,,,4.2579348000000003e-07,,,,,,,,,,,,
2136660,,,4.2579348000000003e-07,,,,,,,,,,,,
323211,,,4.2579348000000003e-07,,,,,,,,,,,,
221166,,,1.27738044e-06,,,,,,,,,,,,
115620,,,4.2579348000000003e-07,,,,,,,,,,,,
112844,,,4.2579348000000003e-07,,,,,,,,,,,,
1561780,,,4.2579348000000003e-07,,,,,,,,,,,,
112565,,,4.2579348000000003e-07,,,,,,,,,,,,
126911,,,8.515869600000001e-07,,,,,,,,,,,,
552546,,,1.660594572e-05,,,,,,,,,,,,
1882861,,,4.2579348000000003e-07,,,,,,,,,,,,
1604314,,,4.2579348000000003e-07,,,,,,,,,,,,
108875,,,1.532856528e-05,,,,,,,,,,,,
1034070,,,4.2579348000000003e-07,,,,,,,,,,,,
155754,,,4.2579348000000003e-07,,,,,,,,,,,,
2594499,,,4.3430934970000004e-05,,,,,,,,,,,,
105757,,,8.515869600000001e-07,,,,,,,,,,,,
1079077,,,4.2579348000000003e-07,,,,,,,,,,,,
192012,,,6.472060897e-05,,,,,,,,,,,,
102211,,,1.27738044e-05,,,,,,,,,,,,
100861,,,1.7031739200000001e-06,,,,,,,,,8.159017826022542e-05,,,
157069,,,4.2579348000000003e-07,,,,,,,,,,,,
497687,,,4.2579348000000003e-07,,,,,,,,,,,,
108278,,,4.2579348000000003e-07,,,,,,,,,,,,
99658,,,6.599798941e-05,,,,,,,,,,,,
99438,,,4.2579348000000003e-07,,,,,,,,,,,,
2984713,,,4.2579348000000003e-07,,,,,,,,,,,,
99300,,,8.515869600000001e-07,,,,,,,,,,,,
210357,,,4.683728280999999e-06,,,,,,,,,,,,
118510,,,0.00012092534829999999,,1.515174472e-06,,,,,,,,,,5e-06
63442,,,4.2579348000000003e-07,,,,,,,,,,,,
72664,,,9.367456561e-06,,,,,,,,,,,,
106129,,,4.2579348000000003e-07,,,,,,,,,,,,
93780,,,4.2579348000000003e-07,,,,,,,,,,,,
210143,,,0.0001243316962,,,,,,,,,,,,
93759,,,3.4489271879999994e-05,,,,,,,,,,,,
93745,,,4.2579348000000003e-07,,,,,,,,,,,,
1848406,,,1.27738044e-06,,,,,,,,,,,,
289675,,,4.2579348000000003e-07,,,,,,,,,,,,
91224,,,4.2579348000000003e-07,,,,,,,,,,,,
2596667,,,4.2579348000000003e-07,,,,,,,,,,,,
202969,,,1.27738044e-06,,,,,,,,,,,,
263974,,,4.2579348000000003e-07,,,,,,,,,,,,
1580173,,,4.2579348000000003e-07,,,,,,,,,,,,
1608613,,,1.27738044e-05,,,,,,,,,,,,
161395,,,4.2579348000000003e-07,,,,,,,,,,,,
34329,,,1.3199597880000001e-05,,,,,,,,,,,,
86091,,,4.2579348000000003e-07,,,,,,,,,,,,
1504513,,,4.2579348000000003e-07,,,,,,,,,,,,
1815893,,,4.2579348000000003e-07,,,,,,,,,,,,
167572,,,4.2579348000000003e-07,,,,,,,,,,,,
1144987,,,4.2579348000000003e-07,,,,,,,,,,,,
85223,,,8.515869600000001e-07,,,,,,,,,,,,
85172,,,8.090076121e-06,,,,,,,,,,,,
83906,,,4.2579348000000003e-07,,,,,,,,,,,,
2316720,,,1.27738044e-06,,,,,,,,,,,,
1195128,,,4.2579348000000003e-07,,,,,,,,,,,,
867400,,,4.2579348000000003e-07,,,,,,,,,,,,
176265,,,1.7031739200000001e-06,,,,,,,,,,,,
642227,,,4.2579348000000003e-07,,,,,,,,,,,,
2763562,,,4.2579348000000003e-07,,,,,,,,,,,,
1241920,,,8.515869600000001e-07,,,,,,,,,,,,
544656,,,4.2579348000000003e-07,,,,,,,,,,,,
82147,,,4.2579348000000003e-07,,,,,,,,,,,,
82141,,,4.2579348000000003e-07,,,,,,,,,,,,
164262,,,4.2579348000000003e-07,,,,,,,,,,,,
78735,,,4.2579348000000003e-07,,,,,,,,,,,,
78703,,,4.2579348000000003e-07,,,,,,,,,,,,
85269,,,4.2579348000000003e-07,,,,,,,,,,,,
77022,,,8.515869600000001e-07,,,,,,,,,,,,
93890,,,4.2579348000000003e-07,,,,,,,,,,,,
703342,,,8.515869600000001e-07,,,,,,,,,,,,
76450,,,4.2579348000000003e-07,,,,,,,,,,,,
171585,,,4.2579348000000003e-07,,0.0001151532599,,,,,,,,,,
74695,,,1.7031739200000001e-06,,,,,,,,,,,,
175755,,,4.2579348000000003e-07,,,,,,,,,,,,
73751,,,8.515869600000001e-07,,,,,,,,,,,,
316732,,,4.2579348000000003e-07,,,,,,,,,,,,
73154,,,5.109521761e-06,,,,,,,,,,,,
162737,,,8.515869600000001e-07,,,,,,,,,,,,
2884084,,,1.7031739200000001e-06,,,,,,,,,,,,
326968,,,0.00012135114179999999,,,,,,,,,,,,
72124,,,4.2579348000000003e-07,,,,,,,,,,,,
71354,,,2.1289674e-06,,,,,,,,,,,,
883001,,,4.2579348000000003e-07,,,,,,,,,,,,
90675,,,1.6180152240000003e-05,,,,,,,,,,,,
70606,,,4.2579348000000003e-07,,,,,,,,,,,,
70448,,,4.2579348000000003e-07,,,,,,,,,,,,
69721,,,4.2579348000000003e-07,,,,,,,,,,,,
258762,,,4.2579348000000003e-07,,,,,,,,,,,,
68875,,,4.2579348000000003e-07,,,,,,,,,,,,
183428,,,8.515869600000001e-07,,,,,,,,,,,,
68535,,,4.2579348000000003e-07,,,,,,,,,,,,
1871066,,,8.515869600000001e-07,,,,,,,,,,,,
67918,,,8.515869600000001e-07,,,,,,,,,,,,
66656,,,0.00019075547910000001,,,,,,,,,,,,
244755,,,4.2579348000000003e-07,,,,,,,,,,,,
66629,,,4.2579348000000003e-07,,,,,,,,,,,,
1010633,,,1.91607066e-05,,,,,,,,,,,,
65774,,,4.2579348000000003e-07,,,,,,,,,,,,
82928,,,4.2579348000000003e-07,,,,,,,,,,,,
447127,,,4.2579348000000003e-07,,,,,,,,,,,,
210377,,,4.2579348000000003e-07,,,,,,,,,,,,
64118,,,4.2579348000000003e-07,,,,,,,,,,,,
64093,,,8.515869600000001e-07,,,,,,,,,,,,
2518637,,,4.2579348000000003e-07,,,,,,,,,,,,
141482,,,4.2579348000000003e-07,,,,,,,,,,,,
63353,,,4.2579348000000003e-07,,,,,,,,,,,,
63351,,,4.2579348000000003e-07,,,,,,,,,,,,
63102,,,1.7031739200000001e-06,,,,,,,,,,,,
422564,,,5.109521761e-06,,,,,,,,,,,,
62337,,,4.2579348000000003e-07,,,,,,,,,,,,
1457503,,,4.2579348000000003e-07,,,,,,,,,,,,
61864,,,2.55476088e-06,,,,,,,,,,,,
170555,,,4.2579348000000003e-07,,6.060697889e-06,,,,,,,,,,
59993,,,1.7031739200000001e-06,,,,,,,,,,,,
213274,,,4.2579348000000003e-07,,,,,,,,,,,,
2338368,,,8.515869600000001e-07,,,,,,,,,,,,
213819,,,4.2579348000000003e-07,,,,,,,,,,,,
59050,,,8.515869600000001e-07,,,,,,,,,,,,
58979,,,4.2579348000000003e-07,,,,,,,,,,,,
1665030,,,2.1289674e-06,,,,,,,,,,,,
177108,,,4.2579348000000003e-07,,,,,,,,,,,,
179189,,,4.2579348000000003e-07,,,,,,,,,,,,
56857,,,6.301743505000001e-05,,,,,,,,,,,,
71825,,,4.2579348000000003e-07,,,,,,,,,,,,
210381,,,4.2579348000000003e-07,,,,,,,,,,,,
332435,,,4.2579348000000003e-07,,,,,,,,,,,,
558494,,,4.2579348000000003e-07,,,,,,,,,,,,
434235,,,9.026821777e-05,,1.515174472e-06,,,,,,,,,,
434234,,,7.792020685e-05,,,,,,,,,,,,
55513,,,0.0001166674135,,,,,,,,,,,,
62342,,,4.2579348000000003e-07,,,,,,,,,,,,
55455,,,4.2579348000000003e-07,,,,,,,,,,,,
55373,,,0.0005267065348,,,,,,,,,,,,
54955,,,3.917300017e-05,,,,,,,,,,,,
83702,,,4.2579348000000003e-07,,,,,,,,,,,,
54724,,,4.2579348000000003e-07,,,,,,,,,,,,
54453,,,4.2579348000000003e-07,,,,,,,,,,,,
142549,,,4.2579348000000003e-07,,,,,,,,,,,,
2886864,,,4.2579348000000003e-07,,,,,,,,,,,,
362788,,,0.0001366797071,,,,,,,,,,,,
499992,,,4.2579348000000003e-07,,,,,,,,,,,,
53877,,,4.2579348000000003e-07,,,,,,,,,,,,
1237535,,,4.2579348000000003e-07,,,,,,,,,,,,
1505188,,,8.515869600000001e-07,,,,,,,,,,,,
2817244,,,4.2579348000000003e-07,,,,,,,,,,,,
52822,,,4.2579348000000003e-07,,,,,,,,,,,,
321415,,,8.515869600000001e-07,,,,,,,,,,,,
52714,,,4.2579348000000003e-07,,,,,,,,,,,,
80265,,,4.2579348000000003e-07,,,,,,,,,,,,
51953,,,3.8321413210000004e-05,,,,,,,,,,,,
1530311,,,4.2579348000000003e-07,,,,,,,,,,,,
55311,,,4.2579348000000003e-07,,,,,,,,,,,,
51503,,,4.2579348000000003e-07,,,,,,,,,,,,
51239,,,2.8953956640000003e-05,,,,,,,,,,,,
51089,,,4.2579348000000003e-07,,,,,,,,,,,,
54454,,,4.2579348000000003e-07,,,,,,,,,,,,
51004,,,0.0009448357322000001,,,,,,,,,,,,
51002,,,3.8321413209999996e-06,,,,,,,,,,,,
292912,,,1.27738044e-06,,,,,,,,,,,,
352370,,,4.2579348000000003e-07,,,,,,,,,,,,
586526,,,1.7031739200000001e-06,,,,,,,,,,,,
50452,,,1.3625391360000001e-05,,,,,,,,,,,,
50429,,,4.2579348000000003e-07,,1.515174472e-06,,,,,,,,,,
125208,,,4.2579348000000003e-07,,,,,,,,,,,,
166610,,,4.2579348000000003e-07,,,,,,,,,,,,
1248968,,,4.2579348000000003e-07,,,,,,,,,,,,
227893,,,1.27738044e-06,,,,,,,,,,,,
161750,,,8.515869600000001e-07,,,,,,,,,,,,
1088818,,,0.0002043808704,,,,,,,,,,,,
167570,,,4.2579348000000003e-07,,,,,,,,,,,,
2834331,,,1.27738044e-06,,,,,,,,,,,,
2108136,,,4.2579348000000003e-07,,,,,,,,,,,,
1118411,,,4.2579348000000003e-07,,,,,,,,,,,,
134520,,,8.515869600000001e-07,,,,,,,,,,,,
1690103,,,4.2579348000000003e-07,,,,,,,,,,,,
1798021,,,8.515869600000001e-07,,,,,,,,,,,,
40247,,,4.2579348000000003e-07,,,,,,,,,,,,
405728,,,3.8321413209999996e-06,,,,,,,,,,,,
291128,,,4.2579348000000003e-07,,,,,,,,,,,,
707309,,,4.2579348000000003e-07,,,,,,,,,,,,
48386,,,2.852816316e-05,,,,,,,,,,,,
52299,,,8.515869600000001e-07,,,,,,,,,,,,
1170855,,,4.2579348000000003e-07,,,,,,,,,,,,
183268,,,4.641148933e-05,,,,,,,,,,,,
106335,,,0.00046879862150000004,,,,,,,,,,,,
330485,,,4.2579348000000003e-07,,,,,,,,,,,,
119828,,,1.27738044e-06,,,,,,,,,,,,
46996,,,4.2579348000000003e-07,,,,,,,,,,,,
64032,,,4.2579348000000003e-07,,,,,,,,,,,,
64029,,,4.2579348000000003e-07,,,,,,,,,,,,
64027,,,4.2579348000000003e-07,,,,,,,,,,,,
46969,,,2.852816316e-05,,,,,,,,,,,,
48105,,,4.2579348000000003e-07,,,,,,,,,,,,
46367,,,4.2579348000000003e-07,,,,,,,,,,,,
74613,,,8.515869600000001e-07,,,,,,,,,,,,
49827,,,2.55476088e-06,,,,,,,,,,,,
2022672,,,7.493965249e-05,,,,,,,,,,,,
906938,,,1.49027718e-05,,,,,,,,,,,,
198213,,,2.214126096e-05,,,,,,,,,,,,
753700,,,4.2579348000000003e-07,,,,,,,,,,,,
753698,,,4.2579348000000003e-07,,,,,,,,,,,,
1038467,,,0.0004006716647,,,,,,,,,,,,
397273,,,4.2579348000000003e-07,,,,,,,,,,,,
218843,,,1.532856528e-05,,,,,,,,,,,,
45007,,,4.2579348000000003e-07,,,,,,,,,,,,
44592,,,4.2579348000000003e-07,,,,,,,,,,,,
1820010,,,8.515869600000001e-07,,,,,,,,,,,,
357929,,,4.2579348000000003e-07,,,,,,,,,,,,
1700993,,,1.7031739200000001e-06,,,,,,,,,,,,
1173001,,,5.109521761e-06,,,,,,,,,,,,
155640,,,8.856504385e-05,,,,,,,,,,,,
43545,,,4.2579348000000003e-07,,,,,,,,,,,,
43536,,,1.3625391360000001e-05,,,,,,,,,,,,
216532,,,4.2579348000000003e-07,,,,,,,,,,,,
216510,,,8.515869600000001e-07,,,,,,,,,,,,
210361,,,1.532856528e-05,,,,,,,,,,,,
48106,,,4.2579348000000003e-07,,,,,,,,,,,,
78390,,,4.2579348000000003e-07,,,,,,,,,,,,
41633,,,8.515869600000001e-07,,,,,,,,,,,,
72917,,,8.941663081e-06,,,,,,,,,,,,
101596,,,1.27738044e-06,,,,,,,,,,,,
347529,,,7.323647857000001e-05,,,,,,,,,,,,
41396,,,8.515869600000001e-07,,,,,,,,,,,,
41386,,,4.2579348000000003e-07,,,,,,,,,,,,
82927,,,4.2579348000000003e-07,,,,,,,,,,,,
386070,,,4.2579348000000003e-07,,,,,,,,,,,,
2511006,,,1.788332616e-05,,,,,,,,,,,,
2182728,,,8.217814165e-05,,,,,,,,,,,,
1413687,,,6.557219593000001e-05,,,,,,,,,,,,
1278906,,,6.003688069e-05,,,,,,,,,,,,
889485,,,1.958650008e-05,,,,,,,,,,,,
77065,,,1.6180152240000003e-05,,,,,,,,,,,,
40686,,,1.4051184839999999e-05,,,,,,,,,,,,
361394,,,8.515869600000001e-07,,,,,,,,,,,,
157652,,,0.0001826654029,,,,,,,,,,,,
39634,,,4.2579348000000003e-07,,,,,,,,,,,,
442491,,,4.2579348000000003e-07,,,,,,,,,,,,
382117,,,1.27738044e-06,,,,,,,,,,,,
1280203,,,6.386902201e-06,,,,,,,,,,,,
586722,,,0.0001319959788,,1.515174472e-06,,,,,,,,,,
39296,,,4.2579348000000003e-07,,,,,,,,,,,,
39325,,,3.61924458e-05,,,,,,,,,,,,
56036,,,3.321189144e-05,,,,,,,,,,,,
56029,,,1.7031739200000001e-06,,,,,,,,,,,,
38833,,,4.2579348000000003e-07,,,,,,,,,,,,
38735,,,4.2579348000000003e-07,,,,,,,,,,,,
208273,,,4.2579348000000003e-07,,,,,,,,,,,,
38414,,,5.961108721e-06,,,,,,,,,,,,
114812,,,4.2579348000000003e-07,,,,,,,,,,,,
228040,,,4.2579348000000003e-07,,,,,,,,,,,,
193483,,,4.2579348000000003e-07,,,,,,,,,,,,
86842,,,4.2579348000000003e-07,,,,,,,,,,,,
906689,,,0.0001149642396,,,,,,,,,,,,
161865,,,9.793250041000001e-06,,,,,,,,,,,,
94219,,,7.323647857000001e-05,,,,,,,,,,,,
3218,,,2.1289674e-06,3.6984072097491966e-06,,,,,,,,7.15703318072153e-07,,,
223129,,,4.2579348000000003e-07,,,,,,,,,,,,
133201,,,4.2579348000000003e-07,,,,,,,,,,,,
2828844,,,4.2579348000000003e-07,,,,,,,,,,,,
2704055,,,4.2579348000000003e-07,,,,,,,,,,,,
78828,,,3.61924458e-05,,,,,,,,,,,,
35974,,,8.515869600000001e-07,,,,,,,,,,,,
253034,,,4.2579348000000003e-07,,,,,,,,,,,,
253017,,,1.107063048e-05,,,,,,,,,,,,
43499,,,2.55476088e-06,,,,,,,,,,,,
364024,,,1.91607066e-05,,,,,,,,,,,,
207710,,,3.534085884e-05,,,,,,,,,,,,
323895,,,4.2579348000000003e-07,,,,,,,,,,,,
62615,,,4.2579348000000003e-07,,,,,,,,,,,,
44386,,,4.2579348000000003e-07,,,,,,,,,,,,
3014309,,,4.2579348000000003e-07,,,,,,,,,,,,
3014308,,,8.515869600000001e-07,,,,,,,,,,,,
2996821,,,4.2579348000000003e-07,,1.515174472e-06,,,,,,,,,,
2996811,,,1.27738044e-06,,,,,,,,,,,,
2019903,,,1.27738044e-06,,,,,,,,,,,,
1653831,,,4.2579348000000003e-07,,,,,,,,,,,,
589382,,,4.2579348000000003e-07,,,,,,,,,,,,
148574,,,4.2579348000000003e-07,,,,,,,,,,,,
49495,,,3.8321413209999996e-06,,,,,,,,,,,,
28610,,,4.2579348000000003e-07,,0.002100031819,,,,,,,,,,
187286,,,8.515869600000001e-07,,,,,,,,,,,,
29655,,,1.021904352e-05,,,,,4.824730231415354e-07,,,,,,,
229687,,,8.515869600000001e-07,,,,,,,,,,,,
32253,,,1.7031739200000001e-06,,,,,,,,,,,,
185002,,,4.2579348000000003e-07,,,,,,,,,,,,
2042816,,,8.515869600000001e-07,,,,,,,,,,,,
2965489,,,4.2579348000000003e-07,,,,,,,,,,,,
168488,,,3.065713056e-05,,,,,,,,,,,,
198816,,,4.2579348000000003e-07,,,,,,,,,,,,
29817,,,1.788332616e-05,,,,,,,,,,,,
2594715,,,4.2579348000000003e-07,,,,,,,,,,,,
1605874,,,4.2579348000000003e-07,,,,,,,,,,,,
1605860,,,4.2579348000000003e-07,,,,,,,,,,,,
1504431,,,2.55476088e-06,,,,,,,,,,,,
34297,,,1.7031739200000001e-06,,,,,,,,,,,,
29808,,,1.4051184839999999e-05,,,,,,,,,,,,
339321,,,4.2579348000000003e-07,,,,,,,,,,,,
43503,,,4.2579348000000003e-07,,,,,,,,,,,,
130722,,,4.2579348000000003e-07,,,,,,,,,,,,
208876,,,4.2579348000000003e-07,,,,,,,,,,,,
99289,,,4.2579348000000003e-07,,,,,,,,,,,,
1961212,,,4.2579348000000003e-07,,,,,,,,,,,,
198266,,,4.2579348000000003e-07,,,,,,,,,,,,
112863,,,1.27738044e-06,,,,,,,,,,,,
33113,,,4.2579348000000003e-07,,,,,,,,,,,,
2768810,,,4.683728280999999e-06,,,,,,,,,,,,
29780,,,2.852816316e-05,,,,,,,,,,,,
29767,,,4.2579348000000003e-07,,,,,,,,,,,,
1070709,,,4.2579348000000003e-07,,,,,,,,,,,,
80774,,,4.2579348000000003e-07,,,,,,,,,,,,
29761,,,4.2579348000000003e-07,,,,,,,,,,,,
409519,,,4.2579348000000003e-07,,,,,,,,,,,,
2814614,,,4.2579348000000003e-07,,,,,,,,,,,,
2761762,,,4.2579348000000003e-07,,,,,,,,,,,,
1497950,,,4.2579348000000003e-07,,,,,,,,,,,,
32244,,,5.066942413e-05,,,,,,,,,,,,
1308043,,,4.2579348000000003e-07,,,,,,,,,,,,
57926,,,7.238489161e-06,,,,,,,,,,,,
3015786,,,4.2579348000000003e-07,,,,,,,,,,,,
32224,,,1.3199597880000001e-05,,,,,,,,,,,,
140993,,,4.2579348000000003e-07,,,,,,,,,,,,
2294062,,,8.515869600000001e-07,,,,,,,,,,,,
346431,,,4.2579348000000003e-07,,,,,,,,,,,,
23013,,,1.27738044e-06,,,,,,,,,,,,
22663,,,0.0003282867731,,,,,,,,,,,,
34307,,,4.2579348000000003e-07,,,,,,,,,,,,
79772,,,4.2579348000000003e-07,,,,,,,,,,,,
2172029,,,4.257934801e-06,,,,,,,,,,,,
1209892,,,2.1289674e-06,,,,,,,,,,,,
226208,,,2.256705444e-05,,,,,,,,,,,,
180675,,,4.8540456730000004e-05,,1.515174472e-06,,,9.649460462830708e-07,,,,,,,
49212,,,9.793250041000001e-06,,,,,,,,,,,,
34254,,,1.532856528e-05,,,,,,,,,,,,
113202,,,4.2579348000000003e-07,,,,,,,,,,,,
63422,,,4.2579348000000003e-07,,,,,,,,,,,,
28930,,,4.257934801e-06,,,,,,,,,,,,
28929,,,8.515869600000001e-07,,,,,,,,,,,,
60419,,,5.237259805e-05,,,,,,,,,,,,
367322,,,4.2579348000000003e-07,,,,,,,,,,,,
76306,,,4.2579348000000003e-07,,,,,,,,,,,,
483875,,,4.2579348000000003e-07,,,,,,,,,,,,
390498,,,4.2579348000000003e-07,,,,,,,,,,,,
220689,,,1.3199597880000001e-05,,,,,,,,,,,,
20416,,,8.515869600000001e-07,,,,,,,,,,,,
180536,,,4.683728280999999e-06,,,,,,,,,,,,
34245,,,4.2579348000000003e-07,,,,,,,,,,,,
189247,,,1.149642396e-05,,,,,,,,,,,,
76276,,,4.2579348000000003e-07,,,,,,,,,,,,
1902425,,,1.27738044e-06,,,,,,,,,,,,
16901,,,4.2579348000000003e-07,,,,,,,,,,,,
2249226,,,2.469602184e-05,,,,,,,,,,,,
51240,,,0.0002516439467,,,,,,,,,,,,
55492,,,4.2579348000000003e-07,,,,,,,,,,,,
1126415,,,5.961108721e-06,,,,,,,,,,,,
261423,,,1.27738044e-06,,,,,,,,,,,,
81733,,,8.515869600000001e-07,,,,,,,,,,,,
103762,,,5.535315241e-06,,,,,,,,,,,,
38705,,,1.27738044e-06,,,,,,,,,,,,
96050,,,4.2579348000000003e-07,,,,,,,,,,,,
28909,,,4.2579348000000003e-07,,,,,,,,,,,,
15368,,,1.27738044e-06,,,,,,,,,,,,
78740,,,4.2579348000000003e-07,,,,,,,,,,,,
13894,,,1.234801092e-05,,,,,,,,,,,,
2759587,,,4.683728280999999e-06,,,,,,,,,,,,
13818,,,1.27738044e-06,,,,,,,,,,,,
53036,,,8.515869600000001e-07,,,,,4.824730231415354e-07,,,,,,,
69332,,,4.2579348000000003e-07,,,,,,,,,,,,
316475,,,4.2579348000000003e-07,,,,,,,,,,,,
229202,,,5.194680457e-05,,,,,,,,,,,,
190543,,,4.2579348000000003e-07,,,,,,,,,,,,
192314,,,3.4063478400000002e-06,,,,,,,,,,,,
13715,,,0.0001988455552,,,,,,,,,,,,
153531,,,1.4476978320000001e-05,,,,,,,,,,,,
710636,,,4.2579348000000003e-07,,,,,,,,,,,,
459177,,,4.2579348000000003e-07,,,,,,,,,,,,
40707,,,4.683728280999999e-06,,,,,,,,,,,,
80755,,,8.515869600000001e-07,,,,,,,,,,,,
46072,,,2.1289674e-06,,,,,,,,,,,,
13579,,,3.8321413209999996e-06,,,,,,,,,,,,
13547,,,4.2579348000000003e-07,,,,,,,,,,,,
1862640,,,2.597340228e-05,,,,,,,,,,,,
55363,,,4.513410889e-05,,,,,,,,,,,,
35925,,,5.109521761e-06,,,,,,,,,,,,
80754,,,1.27738044e-06,,,,,,,,,,,,
49390,,,1.958650008e-05,1.8492036048745983e-06,,,,,,,,,,,
49369,,,2.427022836e-05,,,,,,,,,,,,
13443,,,4.428252193e-05,,,,,,,,,,,,
54229,,,4.2579348000000003e-07,,,,,,,,,,,,
54211,,,4.2579348000000003e-07,,,,,,,,,,,,
1155220,,,4.2579348000000003e-07,,,,,,,,,,,,
337465,,,0.0001468987506,,,,,,,,,,,,
114280,,,1.70317392e-05,,,,,,,,,,,,1e-05
13427,,,1.70317392e-05,,,,,,,,,,,,
13413,,,4.2579348000000003e-07,,,,,,,,,,,,
32201,,,0.0001933102399,,,,,,,,,,,,
544730,,,2.9805543600000003e-06,,,,,,,,,,,,
1073919,,,4.2579348000000003e-07,,,,,,,,,,,,
84005,,,4.2579348000000003e-07,,,,,,,,,,,,
133955,,,8.515869600000001e-07,,,,,,,,,,,,
13333,,,5.705632633e-05,,,,,,,,,,,,
13288,,,1.4476978320000001e-05,,,,,,,,,,,,
62344,,,4.2579348000000003e-07,,,,,,,,,,,,
13216,,,1.7031739200000001e-06,,,,,,,,,,,,
1895896,,,4.2579348000000003e-07,,,,,,,,,,,,
58039,,,4.2579348000000003e-07,,,,,,,,,,,,
176857,,,7.366227205e-05,,,,,,,,,,,,
56060,,,4.2579348000000003e-07,,,,,,,,,,,,
12968,,,4.2579348000000003e-07,,,,,,,,,,,,
325095,,,4.2579348000000003e-07,,,,,,,,,,,,
158573,,,8.515869600000001e-07,,,,,,,,,,,,
158555,,,4.2579348000000003e-07,,,,,,,,,,,,
158543,,,8.515869601e-05,,,,,,,,,,,,
3048355,,,3.4063478400000002e-06,,,,,,,,,,,,
3047768,,,4.2579348000000003e-07,,,,,,,,,,,,
52996,,,4.2579348000000003e-07,,,,,,,,,,,,
3048344,,,1.7031739200000001e-06,,,,,,,,,,,,
3047955,,,4.2579348000000003e-07,,,,,,,,,,,,
3047726,,,4.2579348000000003e-07,,,,,,,,,,,,
3047382,,,8.515869600000001e-07,,,,,,,,,,,,
2593976,,,4.2579348000000003e-07,,,,,,,,,,,,
2448895,,,1.27738044e-06,,,,,,,,,,,,
13632,,,4.2579348000000003e-07,,,,,,,,,,,,
42026,,,4.2579348000000003e-07,,3.030348945e-06,,,,,,,,,,
7200,,,4.2579348000000003e-07,,1.515174472e-06,,,,,,,,,,
7130,,,2.9805543600000003e-06,,0.002748526493,,,,,,,,,,
7108,,,4.2579348000000003e-07,,0.0055652358370000005,,,,,,,,,,
6550,,,4.2579348000000003e-07,,3.030348945e-06,,,,,,,,,,
990121,,,4.2579348000000003e-07,,,,,,,,,,,,
6198,,,4.2579348000000003e-07,,,,,,,,,,,,
5963,,,4.2579348000000003e-07,,,,,,,,,7.15703318072153e-07,,,
5949,,,2.9805543600000003e-06,1.2944425234122188e-05,,,,,,,,5.510915549155577e-05,,,
65129,,,4.2579348000000003e-07,,,,,,,,,,,,
5833,,,4.2579348000000003e-07,4.623009012186496e-07,,,,,,,,0.22868581841032276,,,
5763,,,4.2579348000000003e-07,,,,,,,,,,,,
530044,,,4.2579348000000003e-07,,,,,,,,,,,,
27344,,,4.2579348000000003e-07,,,,,,,,,,,,
2600204,,,4.2579348000000003e-07,,,,,,,,,,,,
1108849,,,4.2579348000000003e-07,,,,,,,,,,,,
69774,,,4.2579348000000003e-07,,,,,,,,,,,,
423460,,,4.2579348000000003e-07,,,,,,,,,,,,
4803,,,4.2579348000000003e-07,,,,,,,,,,,,
4792,,,4.2579348000000003e-07,,,,,,,,,,,,
143451,,,4.2579348000000003e-07,,,,,,,,,,,,
4781,,,4.2579348000000003e-07,,,,,4.824730231415354e-07,,,,,,,
2767002,,,4.2579348000000003e-07,,,,,,,,,,,,
4744,,,4.2579348000000003e-07,,,,,,,,,,,,
42345,,,4.811466325e-05,,,,,,,,,,,,
85378,,,4.2579348000000003e-07,,,,,,,,,,,,
4686,,,5.620473937e-05,,,,,,,,,,,,
165650,,,8.515869600000001e-07,,,,,,,,,,,,
138327,,,4.2579348000000003e-07,,,,,,,,,,,,
113213,,,4.2579348000000003e-07,,,,,,,,,,,,
105339,,,4.2579348000000003e-07,,,,,,,,,,,,
105302,,,4.2579348000000003e-07,,,,,,,,,,,,
88843,,,4.2579348000000003e-07,,,,,,,,,,,,
4683,,,7.664282641e-06,,,,,,,,,,,,
325984,,,1.6180152240000003e-05,,,,,,,,,,,,
323665,,,4.2579348000000003e-07,,,,,,,,,,,,
55571,,,8.941663081e-06,,,,,,,,,,,,
29710,,,9.367456561e-06,,,,,,,,,,,,
94328,,,7.451385901000001e-05,6.472212617061096e-06,,,,,,,,,,,
320322,,,2.55476088e-05,,,,,,,,,,,,
213591,,,8.515869600000001e-07,,,,,,,,,,,,
52838,,,1.0644837000000001e-05,,,,,,,,,,,,
4641,,,1.3199597880000001e-05,,,,,,,,,,,,
4639,,,0.00018053643550000002,4.623009012186496e-07,,,,,,,,,,,
4615,,,8.132655469e-05,,,,,,,,,,,,
4577,,,3.789561973e-05,,,,,,,,,,,,
85692,,,8.515869600000001e-07,,,,,,,,,,,,
58933,,,4.2579348000000003e-07,,,,,,,,,,,,
4572,,,7.664282641e-06,,,,,,,,,,,,
4571,,,7.451385901000001e-05,,,,,,,,,3.5785165903607643e-07,,,
4565,,,7.238489161e-06,,,,,,,,,,,,
4558,,,1.660594572e-05,,,,,,,,,,,,
4556,,,8.515869600000001e-07,,,,,,,,,,,,
4555,,,3.4063478400000002e-06,,,,,,,,,,,,
62334,,,4.2579348000000003e-07,,,,,,,,,,,,
206008,,,1.0644837000000001e-05,,,,,,,,,,,,
38727,,,1.3199597880000001e-05,,,,,,,,,,,,
4540,,,6.386902201e-06,,,,,,,,,,,,
83307,,,2.55476088e-06,,,,,,,,,,,,
63629,,,0.0024887628909999997,,,,,,,,,,,,
4538,,,4.2579348000000003e-07,,,,,,,,,3.5785165903607643e-07,,,
4533,,,2.1289674e-06,,,,,,,,,,,,
4530,,,5.3649978490000004e-05,,1.515174472e-06,,,,,,,,,,
4529,,,4.2579348000000003e-07,,,,,,,,,,,,
89674,,,2.1289674e-06,,,,,,,,,,,,
4522,,,3.4063478400000002e-06,,,,,,,,,,,,
4513,,,1.4051184839999999e-05,,,,,,,,,,,,
4511,,,1.149642396e-05,,1.515174472e-06,,,,,,,,,,
37682,,,1.7031739200000001e-06,,,,,,,,,,,,
51605,,,1.4476978320000001e-05,,1.515174472e-06,,,,,,,,,,
123564,,,4.2579348000000003e-07,,,,,,,,,,,,
4460,,,2.3844434880000003e-05,,,,,,,,,,,,
2830873,,,4.2579348000000003e-07,,,,,,,,,,,,
1840588,,,5.3649978490000004e-05,,,,,,,,,,,,
542748,,,4.2579348000000003e-07,,,,,,,,,,,,
542725,,,4.2579348000000003e-07,,,,,,,,,,,,
147914,,,4.2579348000000003e-07,,,,,,,,,,,,
4442,,,0.0004236645127,,,,,,,,,,,,
4436,,,1.7031739200000001e-06,,,,,,,,,,,,
4432,,,0.0003184935231,,,,,,,,,,,,
4428,,,4.2579348000000003e-07,,,,,,,,,,,,
4424,,,4.2579348000000003e-07,,,,,,,,,,,,
419125,,,1.532856528e-05,,,,,,,,,,,,
210225,,,3.2786097959999996e-05,,,,,,,,,,,,
4407,,,4.2579348000000003e-07,,,,,,,,,,,,
140101,,,8.515869600000001e-07,,,,,,,,,,,,
122832,,,1.27738044e-06,,,,,,,,,,,,
4392,,,4.2579348000000003e-07,,,,,,,,,,,,
1744888,,,4.2579348000000003e-07,,,,,,,,,,,,
150966,,,1.4476978320000001e-05,,,,,,,,,,,,
122310,,,1.27738044e-06,,,,,,,,,,,,
173423,,,4.2579348000000003e-07,,,,,,,,,,,,
4366,,,4.2579348000000003e-07,,,,,,,,,,,,
479676,,,0.0001315701853,9.246018024372992e-07,,,,,,,,,,,
262921,,,0.0001822396095,,,,,,,,,,,,
182163,,,3.959879365e-05,,,,,,,,,,,,
118357,,,0.00021885784870000002,,,,,,,,,,,,
49168,,,4.811466325e-05,,,,,,,,,,,,
273540,,,3.023133708e-05,,,,,,,,,3.5785165903607643e-07,,,
60698,,,3.534085884e-05,,,,,,,,,,,,
561372,,,0.00031338400130000003,,,,,,,,,,,,
4270,,,4.2579348000000003e-07,,,,,,,,,,,,
4265,,,6.472060897e-05,,,,,,,,,,,,
75948,,,7.238489161e-06,,,,,,,,,,,,
75947,,,8.090076121e-06,,,,,,,,,,,,
4236,,,4.2153554530000004e-05,,,,,,,,,,,,
4232,,,0.00015243406590000001,,,,,,,,,,,,
35608,,,0.000192458653,,,,,,,,,,,,
4217,,,1.49027718e-05,,,,,9.649460462830708e-07,,,,,,,
4214,,,4.2579348000000003e-07,,,,,,,,,,,,
4212,,,1.3625391360000001e-05,,,,,,,,,,,,
4182,,,2.55476088e-05,,,,,,,,,,,,
4177,,,4.2579348000000003e-07,,,,,,,,,,,,
68872,,,4.0450380610000006e-05,,,,,,,,,,,,
4170,,,3.704403276e-05,,,,,,,,,,,,
49450,,,4.2579348000000003e-07,,,,,,,,,,,,
4146,,,0.0004232387192,,,,,,,,,,,,
267555,,,5.109521761e-06,,,,,,,,,,,,
192827,,,4.2579348000000003e-07,,,,,,,,,,,,
186058,,,3.1934511e-05,,,,,,,,,,,,
132261,,,1.4051184839999999e-05,,,,,,,,,,,,
41803,,,1.8309119639999998e-05,,,,,,,,,,,,
35885,,,3.40634784e-05,,,,,,,,,,,,
35883,,,2.3844434880000003e-05,,,,,,,,,,,,
4120,,,1.27738044e-06,,,,,,,,,,,,
710640,,,8.090076121e-06,,,,,,,,,,,,
421232,,,4.2579348000000003e-07,,,,,,,,,,,,
329774,,,3.4063478400000002e-06,,,,,,,,,,,,
315347,,,6.812695681e-06,,,,,,,,,,,,
172797,,,7.664282641e-06,,,,,,,,,,,,
50514,,,2.171546748e-05,,,,,,,,,,,,
45834,,,4.683728280999999e-06,,,,,,,,,,,,
28526,,,5.961108721e-06,,,,,,,,,,,,
4113,,,7.408806552999999e-05,,,,,4.824730231415354e-07,,,,,,,
4111,,,4.2579348000000003e-07,,,,,,,,,,,,
4109,,,3.7469826240000005e-05,,,,,,,,,,,,
4083,,,8.090076121e-06,4.623009012186496e-07,,,,,,,,,,,
4081,,,1.91607066e-05,,,,,,,,,,,,
4102,,,4.2579348000000003e-07,,,,,,,,,,,,
76336,,,4.2579348000000003e-07,,,,,,,,,,,,
49451,,,5.663053285e-05,,,,,4.824730231415354e-07,,,,,,,
35889,,,4.2579348000000003e-07,,,,,,,,,,,,
4100,,,4.2579348000000003e-07,,,,,,,,,,,,
4098,,,8.047496773e-05,,,,,,,,,,,,
4097,,,7.706861989e-05,,,,,,,,,,,,
4096,,,2.98055436e-05,,,,,,,,,,,,
4091,,,2.1289674e-06,,,,,,,,,,,,
4076,,,1.660594572e-05,,,,,,,,,,,,
362342,,,3.789561973e-05,,,,,,,,,,,,
80379,,,4.130196757e-05,,,,,,,,,,,,
33114,,,0.0003589439037,,,,,2.8948381388492126e-06,,,,,,,
4072,,,0.0001481761311,,1.515174472e-06,,,,,,,,,,
4058,,,2.171546748e-05,,,,,,,,,,,,
44685,,,4.2579348000000003e-07,,,,,,,,,,,,
44586,,,1.7031739200000001e-06,,,,,,,,,,,,
4054,,,1.27738044e-06,,,,,,,,,,,,
85358,,,4.2579348000000003e-07,,,,,,,,,,,,
4045,,,4.683728280999999e-06,,,,,,,,,,,,
180803,,,4.2579348000000003e-07,,,,,,,,,,,,
4039,,,9.963567433e-05,,,,,,,,,,,,
1000413,,,0.0003844915125,,1.515174472e-06,,,,,,,,,,
66201,,,4.2579348000000003e-07,,,,,,,,,,,,
45314,,,4.2579348000000003e-07,,,,,,,,,,,,
4024,,,0.0003942847625,,,,,,,,,1.073554977108229e-06,,,
4023,,,9.665511997e-05,,,,,,,,,,,,
4020,,,4.2579348000000003e-07,,,,,,,,,,,,
586396,,,7.962338077e-05,,,,,,,,,,,,
316874,,,4.2579348000000003e-07,,,,,,,,,,,,
180498,,,3.2786097959999996e-05,,,,,,,,,,,,
1046480,,,4.2579348000000003e-07,,,,,,,,,,,,
216479,,,4.2579348000000003e-07,,,,,,,,,,,,
212927,,,4.2579348000000003e-07,,,,,,,,,,,,
212836,,,4.2579348000000003e-07,,,,,,,,,,,,
142860,,,4.2579348000000003e-07,,,,,,,,,,,,
38846,,,1.660594572e-05,,,,,,,,,,,,
3988,,,6.046267417e-05,,,,,,,,,,,,
3986,,,1.021904352e-05,,,,,,,,,,,,
510185,,,4.2579348000000003e-07,,,,,,,,,,,,
3983,,,6.812695681e-05,,,,,,,,,,,,
3981,,,0.00017457532679999999,,,,,,,,,,,,
212711,,,1.7031739200000001e-06,,,,,,,,,,,,
23379,,,8.515869600000001e-07,,,,,,,,,,,,
71139,,,2.0863880519999998e-05,,,,,,,,,,,,
157791,,,4.2153554530000004e-05,,,,,6.754622323981496e-06,,,,,,,
115715,,,4.2579348000000003e-07,,,,,,,,,,,,
87088,,,5.535315241e-06,,,,,,,,,,,,
3917,,,3.023133708e-05,,,,,,,,,,,,
3914,,,7.238489161e-05,,3.030348945e-06,,,,,,,,,,
3908,,,0.001758101279,,,,,,,,,,,,
3906,,,0.001056819417,,,,,,,,,,,,
97028,,,5.3649978490000004e-05,,,,,,,,,,,,
57577,,,0.0002090645987,,,,,,,,,,,,
3900,,,0.001357003821,,,,,,,,,,,,
3899,,,3.7469826240000005e-05,,,,,,,,,,,,
485725,,,1.958650008e-05,,,,,,,,,,,,
3888,,,6.514640244999999e-05,,,,,,,,,,,,
33129,,,4.2579348000000003e-07,,,,,,,,,,,,
3885,,,1.91607066e-05,,,,,,,,,,,,
3880,,,6.174005461e-05,,,,,,,,,,,,
3879,,,4.2579348000000003e-07,,,,,,,,,,,,
3871,,,4.7688869769999995e-05,,,,,,,,,,,,
3870,,,8.856504385e-05,,,,,1.4474190694246063e-05,,0.00869,,,,,
34305,,,3.576665232e-05,,,,,,,,,,,,
3848,,,0.0002014003161,,,,,,,,,,,,
3847,,,0.0001852201638,,,,,,,,,,,,
3827,,,2.937975012e-05,,,,,,,,,,,,
3821,,,0.0005186164586999999,,,,,,,,,,,,
217475,,,6.812695681e-06,,,,,,,,,,,,
130454,,,1.532856528e-05,,,,,,,,,,,,
130453,,,1.021904352e-05,,,,,,,,,,,,
3818,,,0.00014604716369999999,,,,,,,,,,,,
3816,,,1.8309119639999998e-05,,,,,,,,,,,,
880440,,,1.107063048e-05,,,,,,,,,,,,
167791,,,3.576665232e-05,,,,,,,,,,,,
78511,,,4.2579348000000003e-07,,,,,,,,,,,,
3802,,,4.2579348000000003e-07,,,,,,,,,,,,
3035776,,,4.2579348000000003e-07,,,,,,,,,,,,
3027960,,,4.2579348000000003e-07,,,,,,,,,,,,
1616296,,,4.2579348000000003e-07,,,,,,,,,,,,
1616261,,,4.2579348000000003e-07,,,,,,,,,,,,
2859585,,,4.2579348000000003e-07,,,,,,,,,,,,
1573227,,,4.2579348000000003e-07,,,,,,,,,,,,
71990,,,4.2579348000000003e-07,,,,,,,,,,,,
439688,,,4.2579348000000003e-07,,,,,,,,,,,,
1641071,,,4.2579348000000003e-07,,,,,,,,,,,,
3775,,,0.00014902771799999999,,,,,,,,,,,,
2448454,,,4.0450380610000006e-05,,,,,,,,,,,,
436086,,,4.2579348000000003e-07,,,,,,,,,,,,
225117,,,2.55476088e-05,,,,,,,,,,,,
23211,,,4.2579348000000003e-07,,,,,,,,,,,,
74649,,,0.0006467802962,,,,,,,,,,,,
74645,,,1.27738044e-06,,,,,,,,,,,,
329890,,,4.2579348000000003e-07,,,,,,,,,,,,
133204,,,4.2579348000000003e-07,,,,,,,,,,,,
102107,,,3.065713056e-05,,,,,,,,,,,,
42229,,,6.684957637e-05,,,,,4.824730231415354e-07,,,,,,,
36596,,,7.536544596999999e-05,,,,,,,,,,,,
3760,,,0.0001451955767,,,,,,,,,,,,
3759,,,3.023133708e-05,,1.515174472e-06,,,,,,,,,,
3758,,,4.2579348000000003e-07,,,,,,,,,,,,
3755,,,0.0004615601324,,,,,,,,,,,,
106549,,,0.0001622273159,,,,,,,,,,,,
3752,,,9.367456561e-06,,,,,,,,,,,,
3750,,,8.345552209e-05,,,,,,,,,,,,
101013,,,4.2579348000000003e-07,,,,,,,,,,,,
57918,,,6.940433725e-05,,,,,,,,,,,,
3747,,,8.515869600000001e-07,,,,,,,,,,,,
3735,,,2.55476088e-06,,,,,,,,,,,,
3728,,,6.812695681e-06,,,,,,,,,,,,
3726,,,1.0644837000000001e-05,,,,,,,,,,,,
81985,,,1.27738044e-05,,,,,,,,,,,,
69181,,,2.852816316e-05,,,,,,,,,,,,
52824,,,7.238489161e-06,,,,,,,,,,,,
3712,,,5.024363065e-05,,,,,,,,,,,,
3711,,,0.00026271457720000003,,,,,,,,,,,,
3708,,,5.322418501e-05,9.246018024372992e-07,,,,,,,,3.5785165903607643e-07,,,
3707,,,4.2579348000000003e-07,,,,,,,,,,,,
1240361,,,3.576665232e-05,,,,,4.824730231415354e-07,,,,,,,
59689,,,1.27738044e-05,,,,,,,,,,,,
45249,,,3.576665232e-05,,,,,,,,,,,,
38785,,,2.55476088e-06,,,,,,,,,,,,
3702,,,3.108292404e-05,,,,,,,,,3.5785165903607643e-07,,,
444605,,,0.0001294412179,,,,,,,,,,,,
295326,,,4.2579348000000003e-07,,,,,,,,,,,,
118781,,,8.090076121e-05,,,,,,,,,,,,
75702,,,1.958650008e-05,,,,,,,,,,,,
60009,,,8.515869600000001e-07,,,,,,,,,,,,
43335,,,3.61924458e-05,,,,,,,,,,,,
3696,,,6.727536985e-05,,,,,,,,,,,,
3694,,,5.492735893e-05,,,,,,,,,,,,
3693,,,4.2579348000000003e-07,,,,,,,,,,,,
3691,,,8.515869600000001e-07,,,,,,,,,,,,
78168,,,4.2579348000000003e-07,,,,,,,,,,,,
1683993,,,8.515869600000001e-07,,,,,,,,,,,,
3673,,,2.55476088e-05,,,,,,,,,,,,
34294,,,4.087617409e-05,,,,,,,,,,,,
3663,,,1.021904352e-05,,,,,,,,,,,,
3662,,,3.8321413209999996e-06,,,,,,,,,,,,
3661,,,8.941663081e-06,,,,,,,,,,,,
3659,,,2.0863880519999998e-05,,,,,,,,,,,,
3656,,,0.0003061455122,,,,,,,,,,,,
3649,,,4.8966250209999995e-05,,,,,,,,,,,,
3641,,,0.0001507308919,,,,,,,,,,,,
47621,,,0.0001090031309,,,,,,,,,,,,
47602,,,1.4476978320000001e-05,,,,,,,,,,,,
47600,,,0.00017074318550000002,,,,,,,,,,,,
34291,,,1.70317392e-05,,,,,,,,,,,,
34290,,,1.6180152240000003e-05,,,,,,,,,,,,
34289,,,2.043808704e-05,,,,,,,,,,,,
34288,,,9.793250041000001e-06,,,,,,,,,,,,
34287,,,1.149642396e-05,,,,,,,,,,,,
34286,,,1.27738044e-05,,,,,,,,,,,,
34285,,,1.660594572e-05,,,,,,,,,,,,
34284,,,0.0001426408158,,,,,,,,,,,,
34283,,,1.1922217440000001e-05,,,,,,,,,,,,
34282,,,1.3199597880000001e-05,,,,,,,,,,,,
34281,,,1.49027718e-05,,,,,,,,,,,,
34277,,,1.3199597880000001e-05,,,,,,,,,,,,
34276,,,1.1922217440000001e-05,,,,,,,,,,,,
34275,,,2.6399195760000003e-05,,,,,,,,,,,,
29730,,,8.856504385e-05,,,,,,,,,,,,
29729,,,3.704403276e-05,,,,,,,,,,,,
3635,,,5.833370677e-05,,,,,,,,,,,,
3634,,,0.0001958650008,3.236106308530548e-06,,,,,,,,3.5785165903607643e-07,,,
165716,,,0.0001886265117,,,,,,,,,,,,
165200,,,9.963567433e-05,,,,,,,,,,,,
3625,,,0.0003921557951,,,,,,,,,,,,
926021,,,8.515869600000001e-07,,,,,,,,,,,,
416114,,,1.27738044e-06,,,,,,,,,,,,
345127,,,8.515869600000001e-07,,,,,,,,,,,,
192757,,,4.2579348000000003e-07,,,,,,,,,,,,
2983818,,,4.2579348000000003e-07,,,,,,,,,,,,
2817680,,,1.91607066e-05,,,,,,,,,,,,
2784655,,,1.7031739200000001e-06,,,,,,,,,,,,
2784632,,,4.2579348000000003e-07,,,,,,,,,,,,
2784620,,,8.515869600000001e-07,,,,,,,,,,,,
2784618,,,4.2579348000000003e-07,,,,,,,,,,,,
2599121,,,0.00142300181,,,,,,,,,,,,
2448770,,,1.7031739200000001e-06,,,,,,,,,,,,
2316920,,,1.27738044e-06,,,,,,,,,,,,
2021217,,,4.2579348000000003e-07,,,,,,,,,,,,
2021215,,,8.515869600000001e-07,,,,,,,,,,,,
1745941,,,4.2579348000000003e-07,,,,,,,,,,,,
1051312,,,4.2579348000000003e-07,,,,,,,,,,,,
1046264,,,4.2579348000000003e-07,,,,,,,,,,,,
1046262,,,3.1934511e-05,,,,,,,,,,,,
1046254,,,1.27738044e-06,,,,,,,,,,,,
1046253,,,4.2579348000000003e-07,,,,,,,,,,,,
884148,,,4.2579348000000003e-07,,,,,,,,,,,,
884146,,,8.515869600000001e-07,,,,,,,,,,,,
756011,,,0.002544116043,,,,,,,,,,,,
754104,,,8.515869600000001e-07,,,,,,,,,,,,
754102,,,4.2579348000000003e-07,,,,,,,,,,,,
754101,,,8.515869600000001e-07,,,,,,,,,,,,
754096,,,1.7031739200000001e-06,,,,,,,,,,,,
545888,,,4.2579348000000003e-07,,,,,,,,,,,,
506485,,,8.515869600000001e-07,,,,,,,,,,,,
345147,,,3.8321413209999996e-06,,,,,,,,,,,,
345145,,,8.515869600000001e-07,,,,,,,,,,,,
241073,,,0.0002691014794,,,,,,,,,,,,
239761,,,2.55476088e-06,,,,,,,,,,,,
239086,,,8.090076121e-06,,,,,,,,,,,,
231512,,,2.6399195760000003e-05,,,,,,,,,,,,
228411,,,0.001455362115,,,,,,,,,,,,
226012,,,0.0003568149363,,,,,,,,,,,,
155887,,,4.2579348000000003e-07,,,,,,,,,,,,
153476,,,3.4063478400000002e-06,,,,,,,,,,,,
153474,,,3.4063478400000002e-06,,,,,,,,,,,,
152274,,,1.234801092e-05,,,,,,,,,,,,
105599,,,1.149642396e-05,,,,,,,,,,,,
104324,,,4.2579348000000003e-07,,,,,,,,,,,,
103355,,,8.643607645e-05,,,,,,,,,,,,
103354,,,2.1289674000000003e-05,,,,,,,,,,,,
103353,,,8.515869600000001e-07,,,,,,,,,,,,
103352,,,1.7031739200000001e-06,,,,,,,,,,,,
103351,,,2.98055436e-05,,,,,,,,,,,,
103349,,,0.007993421001,,,,,,,,,,,,
96939,,,0.01901806579,,,,,,,,,,,,
29760,,,0.3948800218,,3.030348945e-06,,,4.824730231415354e-07,,,,,,,
3605,,,0.02269436669,,,,,,,,,,,,
3592,,,4.2579348000000003e-07,,,,,,,,,,,,
277990,,,4.2579348000000003e-07,,,,,,,,,,,,
107609,,,8.515869600000001e-07,,,,,,,,,,,,
29722,,,1.4051184839999999e-05,,,,,,,,,,,,
3562,,,1.8309119639999998e-05,,,,,,,,,,,,
63459,,,2.214126096e-05,,,,,,,,,,,,
3559,,,1.27738044e-06,,,,,,,,,,,,
161934,,,2.937975012e-05,,,,,,,,,,,5e-06,
118074,,,4.2579348000000003e-07,,,,,,,,,,,,
3544,,,4.2579348000000003e-07,,,,,,,,,,,,
3541,,,4.2579348000000003e-07,,,,,,,,,,,,
3533,,,2.55476088e-06,,,,,,,,,,,,
97700,,,0.00042707086049999997,,,,,,,,,,,,
58331,,,0.00017840746809999998,,1.515174472e-06,,,,,,,,,,
38942,,,4.726307629e-05,,,,,,,,,,,,
78630,,,1.27738044e-06,,,,,,,,,,,,
1853086,,,4.2579348000000003e-07,,,,,,,,,,,,
981085,,,0.0002260963379,,,,,,,,,,,,
3498,,,4.2579348000000003e-07,,,,,,,,,,,,
100569,,,0.001424704984,,,,,,,,,,,,
3494,,,0.0003721435016,,,,,,,,,,,,
3483,,,0.0007732409598,,,,,,,,,,,,
63057,,,0.00016009834849999997,,,,,,,,,,,,
1603294,,,4.2579348000000003e-07,,,,,,,,,,,,
3476,,,0.0001413634354,,,,,,,,,,,,
3472,,,4.2579348000000003e-07,,,,,,,,,,,,
357466,,,3.4063478400000002e-06,,,,,,,,,,,,
357465,,,8.515869601000001e-06,,,,,,,,,,,,
215227,,,6.386902201e-06,,,,,,,,,,,,
74823,,,9.367456561e-06,,,,,,,,,,,,
74822,,,9.367456561e-06,,,,,,,,,,,,
33128,,,4.2579348000000003e-07,,,,,,,,,,,,
3469,,,7.408806552999999e-05,,,,,,,,,,,,
2878456,,,4.2579348000000003e-07,,,,,,,,,,,,
748702,,,4.2579348000000003e-07,,,,,,,,,,,,
218851,,,4.641148933e-05,,,,,,,,,,,,
261450,,,4.3430934970000004e-05,,,,,,,,,,,,
3435,,,4.3856728449999995e-05,,,,,,,,,,,,
3431,,,4.2579348000000003e-07,,,,,,,,,,,,
86757,,,4.2579348000000003e-07,,,,,,,,,,,,
86752,,,4.3430934970000004e-05,,,,,4.824730231415354e-07,,,,,,,
3371,,,1.27738044e-06,,,,,,,,,,,,
3369,,,5.535315241e-06,,,,,,,,,,,,
88728,,,2.55476088e-06,,,,,,,,,,,,
3332,,,8.515869600000001e-07,,,,,,,,,,,,
3330,,,1.7031739200000001e-06,,,,,,,,,,,,
88036,,,4.683728280999999e-06,,,,,4.824730231415354e-07,,,,,,,
3225,,,1.7031739200000001e-06,,1.515174472e-06,,,,,,,,,,
3197,,,5.961108721e-06,,,,,4.390504510587973e-05,,,,,,,
3041901,,,8.515869600000001e-07,,,,,,,,,,,,
2026947,,,4.2579348000000003e-07,,,,,,,,,,,,
303371,,,4.2579348000000003e-07,,,,,4.824730231415354e-07,,,,,,,
2599398,,,4.2579348000000003e-07,,,,,,,,,,,,
2137199,,,4.2579348000000003e-07,,,,,,,,,,,,
85681,,,0.00039045262120000003,,,,,,,,,,,,
85571,,,4.2579348000000003e-07,,,,,,,,,,,,
55188,,,4.641148933e-05,,,,,,,,,,,,
43166,,,4.2579348000000003e-07,,,,,,,,,,,,
37690,,,4.2579348000000003e-07,,,,,,,,,,,,
2711,,,0.0009963567433,4.623009012186496e-07,1.515174472e-06,,,,,,,3.5785165903607643e-07,,,
2371,,,1.532856528e-05,,,,,,,,,,,,
3004092,,,1.27738044e-06,,,,,,,,,,,,
1991,,,8.515869600000001e-07,,,,,,,,,,,,
3004093,,,4.2579348000000003e-07,,,,,,,,,,,,
66371,,,3.4063478400000002e-06,,,,,,,,,,,,
1922,,,0.00010815154389999999,,,,,,,,,,,,
1773,,,4.2579348000000003e-07,,,,,,,,,,,,
2828363,,,1.6180152240000003e-05,,,,,,,,,,,,
216816,,,8.515869600000001e-07,,,,,,,,,,,,
1685,,,4.2579348000000003e-07,,,,,,,,,,,,
227866,,,8.515869600000001e-07,,,,,,,,,,,,
1351,,,4.2579348000000003e-07,,,,,,,,,,,,
28037,,,2.512181532e-05,,,,,,,,,,,,
1307,,,8.515869600000001e-07,,,,,,,,,,,,
1292,,,4.2579348000000003e-07,,,,,,,,,,,,
1290,,,4.2579348000000003e-07,,,,,,,,,,,,
1280,,,3.4063478400000002e-06,,,,,,,,,,,,
747,,,4.2579348000000003e-07,,,,7.5e-06,,,,,,,,
715,,,8.515869600000001e-07,,,,,,,,,,,,
2496559,,,8.515869600000001e-07,,,,,,,,,,,,
55601,,,2.55476088e-06,,,,,,,,,,,,
672,,,2.9805543600000003e-06,,,,,,,,,,,,
666,,,0.004625394574,,,,,,,,,,,,
1775171,,,4.2579348000000003e-07,,,,,,,,,,,,
632,,,4.683728280999999e-06,,,,,,,,,,,,
623,,,8.515869600000001e-07,,,,,,,,,,,,
615,,,4.2579348000000003e-07,,,,,,,,,,,,
28901,,,1.745753268e-05,,,,,,,,,,,,
584,,,4.2579348000000003e-07,,,,,,,,,,,,
1463165,,,4.2579348000000003e-07,,,,,,,,,,,,
2161825,,,4.2579348000000003e-07,,,,,,,,,,,,
158836,,,4.2579348000000003e-07,,,,,,,,,,,,
756892,,,4.2579348000000003e-07,,,,,,,,,,,,
1176177,,,4.2579348000000003e-07,,,,,,,,,,,,
61013,,,4.2579348000000003e-07,,,,,,,,,,,,
1163398,,,4.2579348000000003e-07,,,,,,,,,,,,
303,,,4.2579348000000003e-07,,,,,,,,,,,,
210,,,4.2579348000000003e-07,,,,,,,,,,,,
173,,,4.2579348000000003e-07,,,,,,,,,,,,
2053306,,,8.515869600000001e-07,,,,,,,,,,,,
2030927,,,4.2579348000000003e-07,,,,,4.824730231415354e-07,,,,,,,
2026742,,,4.2579348000000003e-07,,,,,,,,,,,,
2026734,,,4.2579348000000003e-07,,,,,,,,,,,,
2026733,,,4.2579348000000003e-07,,,,,,,,,,,,
2026724,,,4.2579348000000003e-07,,,,,,8e-05,,,,,,
2006849,,,1.27738044e-06,,,,,,,,,,,,
1898104,,,4.2579348000000003e-07,,,,,,,,,,,,
1869227,,,4.2579348000000003e-07,,,,,4.824730231415354e-07,,,,,,,5e-06
1279081,,,4.2579348000000003e-07,,,,,,,,,,,,
1279080,,,6.386902201e-06,,,,,,,,,,,,
544549,,,4.2579348000000003e-07,,,,,,,,,,,,
2026779,,,4.2579348000000003e-07,,,,,,,,,,,,
2023360,,,6.812695681e-06,,,,,,,,,,,,
2021370,,,5.961108721e-05,,,,,,,,,,,,
2024894,,,4.2579348000000003e-07,,,,,,,,,,,,
2545984,,,2.1289674e-06,,,,,,,,,,,,
2234116,,,0.0002363153814,,,,,,,,,,,,
2100,,,,2.7738054073118973e-06,,,,,,,,,,,
47281,,,,1.8492036048745983e-06,,,,,,,,,,,
2509025,,,,4.623009012186496e-07,,,,,,,,,,,
1169539,,,,1.7567434246308687e-05,,,,,,,,,,,
483139,,,,0.0006888283428157879,,,,,,,,,,,
192875,,,,1.4793628838996788e-05,,,,,,,,,,,
2530218,,,,4.623009012186496e-07,1.515174472e-06,,,,,,,,,,
2706491,,,,4.623009012186496e-07,,,,,,,,,,,
166010,,,,4.623009012186496e-07,3.030348945e-06,,,,,,,,,,
2804352,,,,4.623009012186496e-07,,,,,,,,,,,
151077,,,,9.246018024372992e-07,,,,,,,,,,,
242771,,,,4.623009012186496e-07,,,,,,,,,,,
99159,,,,4.4843187418209015e-05,,,,,,,,,,,
99158,,,,7.720425050351449e-05,,,,,,,,,,,
94643,,,,0.0028704262956665955,,,,,,,,7.15703318072153e-07,,,
89957,,,,4.623009012186496e-07,,,,4.824730231415354e-07,,,,,,,
88598,,,,4.623009012186496e-07,,,,,,,,,,,
307492,,,,4.623009012186496e-07,2.72731405e-05,,,,,,,,,,
1156799,,,,1.3869027036559486e-06,,,,,,,,,,,
1850345,,,,1.3869027036559486e-06,,,,,,,,,,,
71001,,,,2.5888850468244376e-05,,,,,,,,,,,
109461,,,,4.623009012186496e-07,,,,,,,,,,,
88456,,,,3.1436461282868174e-05,,,,,,,,2.147109954216459e-05,,,
1033282,,,,4.623009012186496e-07,,,,,,,,,,,
380012,,,,4.623009012186496e-07,,,,,,,,,,,
159749,,,,2.7275753171900328e-05,,,,0.0001833397487937835,,,,,,,
29176,,,,0.8196128054696427,,,,,,,,,,,
32597,,,,1.8492036048745983e-06,,,,,,,,,,,
10212,,,,1.4331327937778138e-05,,,,,,,,,,,
7107,,,,4.623009012186496e-07,0.0018545735540000002,,,,,,,,,,
2755281,,,,4.623009012186496e-07,9.545599176e-05,,,,,,,,,,
299642,,,,9.246018024372992e-07,7.575872362e-06,,,,,,,,,,
6287,,,,4.623009012186496e-07,,,,,,,,,,,
6280,,,,4.623009012186496e-07,1.515174472e-06,,,,,,,,,,
85433,,,,9.246018024372992e-07,,,,,,,,,,,
6035,,,,4.623009012186496e-07,,,,,,,,,,,
1481888,,,,9.246018024372992e-06,,,,,,,,,,,
5911,,,,6.472212617061096e-06,,,,4.824730231415354e-07,,,,7.15703318072153e-07,,,
2041146,,,,4.623009012186496e-07,,,,,,,,,,,
1815991,,,,4.623009012186496e-07,,,,,,,,,,,
903505,,,,1.3869027036559486e-06,,,,,,,,,,,
2870786,,,,4.623009012186496e-07,,,,,,,,,,,
1837939,,,,4.623009012186496e-07,,,,,,,,,,,
1346490,,,,4.623009012186496e-07,,,,,,,,,,,
61649,,,,9.246018024372992e-07,,,,,,,,,,,
59669,,,,9.246018024372992e-07,,,,,,,,,,,
5811,,,,0.01800338399615787,,,,,,,,,,,
2580421,,,,4.623009012186496e-07,,,,,,,,,,,
51316,,,,2.126584145605788e-05,,,,,,,,,,,
51315,,,,9.430938384860452e-05,,,,,,,,2.5049616132525354e-06,,,
51314,,,,1.3869027036559486e-06,,,,,,,,,,,
44415,,,,3.328566488774277e-05,,,,,,,,,,,
5804,,,,1.8492036048745983e-06,,,,,,,,,,,
5802,,,,8.783717123154344e-06,,,,,,,,,,,
5801,,,,1.8492036048745983e-06,,,,,,,,,,,
98861,,,,4.623009012186496e-07,,,,,,,,,,,
2961,,,,4.623009012186496e-07,,,,,,,,,,,
1282,,,,4.623009012186496e-07,,,,,,,,,,,
2099682,,,,4.623009012186496e-07,,,,,,,,,,,
2052152,,,,4.623009012186496e-07,,,,,,,,,,,
1891229,,,,4.623009012186496e-07,,,,,,,,,,,
1619107,,,,4.623009012186496e-07,,,,,,,,,,,
1819405,,,,4.623009012186496e-07,,,,,,,,,,,
1898111,,,,4.623009012186496e-07,,,,,,,,,,,
2448052,,,,4.623009012186496e-07,,,,,,,,,,,
2596887,,,,9.246018024372992e-07,,,,,,,,,,,
553151,,,,,1.515174472e-06,,,,,,,,,,
2874060,,,,,1.515174472e-06,,,,,,,,,,
2844862,,,,,6.060697889e-06,,,,,,,,,,
2820640,,,,,3.030348945e-06,,,,,,,,,,
1590,,,,,1.515174472e-06,,,,,,,,,,
2705816,,,,,1.515174472e-06,,,,,,,,,,
2662234,,,,,1.515174472e-06,,,,,,,,,,
2747482,,,,,4.545523417e-06,,,,,,,,,,
2740835,,,,,2.424279156e-05,,,,,,,,,,
2585209,,,,,0.0001242443067,,,,,,,,,,
2724140,,,,,1.212139578e-05,,,,,,,,,,
2231914,,,,,1.515174472e-06,,,,,,,,,,
2069292,,,,,1.969726814e-05,,,,,,,,,,
2015173,,,,,6.060697889e-06,,,,,,,,,,
2662218,,,,,3.030348945e-06,,,,,,,,,,
2014639,,,,,1.515174472e-06,,,,,,,,,,
2038154,,,,,0.00010454703859999999,,,,,,,,,,
1923959,,,,,1.515174472e-06,,,,,,,,,,
2857018,,,,,4.545523417e-06,,,,,,,,,,
2652724,,,,,1.515174472e-06,,,,,,,,,,
1686743,,,,,4.545523417e-06,,,,,,,,,,
1661398,,,,,1.969726814e-05,,,,,,,,,,
1586634,,,,,1.818209367e-05,,,,,,,,,,
2055514,,,,,3.030348945e-06,,,,,,,,,,
1555244,,,,,1.515174472e-06,,,,,,,,,,
1431903,,,,,2.424279156e-05,,,,,,,,,,
2202996,,,,,1.515174472e-06,,,,,,,,,,
1372098,,,,,3.030348945e-06,,,,,,,,,,
1586481,,,,,1.060622131e-05,,,,,,,,,,
35572,,,,,7.575872362e-06,,,,,,,,,,
1350488,,,,,1.515174472e-06,,,,,,,,,,
1206366,,,,,4.545523417e-06,,,,,,,,,,
1206364,,,,,1.515174472e-06,,,,,,,,,,
1178221,,,,,1.515174472e-06,,,,,,,,,,
2817044,,,,,1.969726814e-05,,,,,,,,,,
1178130,,,,,1.515174472e-06,,,,,,,,,,
1178112,,,,,1.515174472e-06,,,,,,,,,,
1032508,,,,,1.515174472e-06,,,,,,,,,,
1820997,,,,,1.515174472e-06,,,,,,,,,,
945946,,,,,1.515174472e-06,,,,,,,,,,
1373157,,,,,0.0003787936181,,,,,,,,,,
40079,,,,,1.515174472e-06,,,,,,,,,,
941097,,,,,1.515174472e-06,,,,,,,,,,
876081,,,,,9.091046834e-06,,,,,,,,,,
1178161,,,,,1.515174472e-06,,,,,,,,,,
613905,,,,,1.515174472e-06,,,,,,,,,,
2820635,,,,,1.515174472e-06,,,,,,,,,,
2820632,,,,,1.515174472e-06,,,,,,,,,,
2820624,,,,,1.515174472e-06,,,,,,,,,,
2820613,,,,,1.515174472e-06,,,,,,,,,,
709189,,,,,1.515174472e-06,,,,,,,,,,
2049163,,,,,1.515174472e-06,,,,,,,,,,
2820606,,,,,1.515174472e-06,,,,,,,,,,
2820602,,,,,1.515174472e-06,,,,,,,,,,
709150,,,,,1.515174472e-06,,,,,,,,,,
2820569,,,,,1.515174472e-06,,,,,,,,,,
2820561,,,,,1.515174472e-06,,,,,,,,,,
1107578,,,,,1.515174472e-06,,,,,,,,,,
2820555,,,,,1.515174472e-06,,,,,,,,,,
1914925,,,,,1.515174472e-06,,,,,,,,,,
1914923,,,,,1.515174472e-06,,,,,,,,,,
1219848,,,,,1.515174472e-06,,,,,,,,,,
2820545,,,,,1.515174472e-06,,,,,,,,,,
702717,,,,,0.005239473325,,,,,,,,,,
875882,,,,,1.515174472e-06,,,,,,,,,,
2014633,,,,,3.030348945e-06,,,,,,,,,,
691109,,,,,3.030348945e-06,,,,,,,,,,
680683,,,,,0.0526174639,,,,,,,,,,
2662221,,,,,1.515174472e-06,,,,,,,,,,
655075,,,,,6.060697889e-06,,,,,,,,,,
649828,,,,,1.515174472e-06,,,,,,,,,,
637853,,,,,1.515174472e-06,,,,,,,,,,
1232801,,,,,1.515174472e-06,,,,,,,,,,
617626,,,,,1.515174472e-06,,,,,,,,,,
610380,,,,,1.363657025e-05,,,,,,,,,,
596693,,,,,1.515174472e-06,,,,,,,,,,
1035111,,,,,0.0009636509644,,,,,,,,,,
1309590,,,,,3.030348945e-06,,,,,,,,,,
572853,,,,,4.545523417e-06,,,,,,,,,,
2820610,,,,,1.515174472e-06,,,,,,,,,,
1477025,,,,,0.002997015106,,,,,,,,,,
2055552,,,,,1.515174472e-06,,,,,,,,,,
614101,,,,,1.363657025e-05,,,,,,,,,,
509334,,,,,1.060622131e-05,,,,,,,,,,
2820526,,,,,1.515174472e-06,,,,,,,,,,
946274,,,,,1.515174472e-06,,,,,,,,,,
475348,,,,,1.515174472e-06,,,,,,,,,,
475259,,,,,1.515174472e-06,,,,,,,,,,
2004952,,,,,1.515174472e-06,,,,,,,,,,
454923,,,,,4.545523417e-06,,,,,,,,,,
114398,,,,,6.060697889e-06,,,,,,,,,,
931172,,,,,3.030348945e-06,,,,,,,,,,
2777746,,,,,1.515174472e-06,,,,,,,,,,
439358,,,,,3.030348945e-06,,,,,,,,,,
437488,,,,,4.545523417e-06,,,,,,,,,,
2055555,,,,,1.515174472e-06,,,,,,,,,,
2055347,,,,,1.515174472e-06,,,,,,,,,,
674869,,,,,4.545523417e-06,,,,,,,,,,
2055544,,,,,1.515174472e-06,,,,,,,,,,
415140,,,,,1.515174472e-06,,,,,,,,,,
405034,,,,,0.0003424294307,,,,,,,,,,
475252,,,,,1.515174472e-06,,,,,,,,,,
370605,,,,,2.72731405e-05,,,,,,,,,,
411798,,,,,2.72731405e-05,,,,,,,,,,
609295,,,,,1.515174472e-06,,,,,,,,,,
1481754,,,,,1.515174472e-06,,,,,,,,,,
355587,,,,,9.394081729e-05,,,,,,,,,,
655039,,,,,1.515174472e-06,,,,,,,,,,
742174,,,,,3.030348945e-06,,,,,,,,,,
343691,,,,,6.060697889e-06,,,,,,,,,,
334625,,,,,1.515174472e-06,,,,,,,,,,
330909,,,,,1.515174472e-06,,,,,,,,,,
860918,,,,,1.515174472e-06,,,,,,,,,,
325639,,,,,1.515174472e-06,,,,,,,,,,
1265417,,,,,1.060622131e-05,,,,,,,,,,
1737331,,,,,4.545523417e-06,,,,,,,,,,
318479,,,,,3.030348945e-06,,,,,,,,,,
568069,,,,,1.212139578e-05,,,,,,,,,,
311328,,,,,1.515174472e-06,,,,,,,,,,
357121,,,,,7.575872362e-06,,,,,,,,,,
305662,,,,,2.575796603e-05,,,,,,,,,,
300112,,,,,4.545523417e-06,,,,,,,,,,
300111,,,,,4.848558311e-05,,,,,,,,,,
297892,,,,,1.515174472e-06,,,,,,,,,,
2598218,,,,,1.515174472e-05,,,,,,,,,,
290404,,,,,1.818209367e-05,,,,,,,,,,
874455,,,,,0.003112168366,,,,,,,,,,
286706,,,,,6.060697889e-06,,,,,,,,,,
286459,,,,,6.060697889e-06,,,,,,,,,,
299467,,,,,1.515174472e-06,,,,,,,,,,
2872261,,,,,1.515174472e-06,,,,,,,,,,
441929,,,,,1.515174472e-06,,,,,,,,,,
441921,,,,,2.121244261e-05,,,,,,,,,,
1417369,,,,,3.030348945e-06,,,,,,,,,,
270469,,,,,1.515174472e-06,,,,,,,,,,
263140,,,,,3.030348945e-06,,,,,,,,,,
260804,,,,,1.515174472e-06,,,,,,,,,,
689277,,,,,0.005780390612,,,,,,,,,,
254370,,,,,1.515174472e-06,,,,,,,,,,
248454,,,,,3.030348945e-06,,,,,,,,,,
1406877,,,,,1.515174472e-06,,,,,,,,,,
233965,,,,,3.030348945e-06,,,,,,,,,,
2762511,,,,,1.515174472e-06,,,,,,,,,,
392030,,,,,7.575872362e-06,,,,,,,,,,
287207,,,,,1.515174472e-06,,,,,,,,,,
444603,,,,,4.545523417e-06,,,,,,,,,,
220873,,,,,3.030348945e-06,,,,,,,,,,
1163346,,,,,7.575872362e-06,,,,,,,,,,
1163345,,,,,3.030348945e-06,,,,,,,,,,
217165,,,,,1.515174472e-06,,,,,,,,,,
2249628,,,,,1.515174472e-06,,,,,,,,,,
418985,,,,,6.060697889e-06,,,,,,,,,,
467358,,,,,7.575872362e-06,,,,,,,,,,
200917,,,,,0.0001439415749,,,,,,,,,,
294128,,,,,3.030348945e-06,,,,,,,,,,
199020,,,,,1.515174472e-06,,,,,,,,,,
197152,,,,,2.878831497e-05,,,,,,,,,,
195883,,,,,6.060697889e-06,,,,,,,,,,
224129,,,,,0.0002424279156,,,,,,,,,,
192464,,,,,0.01949878028,,,,,,,,,,
615237,,,,,1.515174472e-06,,,,,,,,,,
189913,,,,,0.0009909241049,,,,,,,,,,
390850,,,,,1.515174472e-06,,,,,,,,,,
2083181,,,,,0.0002409127411,,,,,,,,,,
6573,,,,,1.515174472e-06,,,,,,,,,,
2448451,,,,,3.030348945e-06,,,,,,,,,,
178035,,,,,1.212139578e-05,,,,,,,,,,
407821,,,,,4.39400597e-05,,,,,,,,,,
202533,,,,,1.515174472e-06,,,,,,,,,,
211228,,,,,4.545523417e-06,,,,,,,,,,
1538125,,,,,4.545523417e-06,,,4.824730231415354e-07,,,,,,,
168631,,,,,0.003306110699,,,,,,,,,,
395501,,,,,3.030348945e-06,,,,,,,,,,
561572,,,,,1.212139578e-05,,,,,,,,,,
166361,,,,,0.0005181896695,,,,,,,,,,
185214,,,,,1.515174472e-06,,,,,,,,,,
158441,,,,,4.545523417e-06,,,,,,,,,,
110791,,,,,0.0002818224519,,,,,,,,,,
217634,,,,,1.212139578e-05,,,,,,,,,,
935657,,,,,1.515174472e-06,,,,,,,,,,
265458,,,,,4.545523417e-06,,,,,,,,,,
151549,,,,,0.002524280671,,,,,,,,,,
765133,,,,,0.0006969802572999999,,,,,,,,,,
144406,,,,,1.66669192e-05,,,,,,,,,,
144034,,,,,3.030348945e-06,,,,,,,,,,
143950,,,,,1.515174472e-06,,,,,,,,,,
143948,,,,,1.515174472e-06,,,,,,,,,,
139649,,,,,3.030348945e-06,,,,,,,,,,
197043,,,,,6.060697889e-05,,,,,,,,,,
190385,,,,,4.545523417e-06,,,,,,,,,,
492764,,,,,4.545523417e-06,,,,,,,,,,
139456,,,,,1.515174472e-06,,,,,,,,,,
27405,,,,,1.515174472e-06,,,,,,,,,,
6689,,,,,4.545523417e-06,,,,,,,,,,
6687,,,,,4.545523417e-06,,,,,,,,,,
330376,,,,,1.515174472e-06,,,,,,,,,,
143995,,,,,9.091046834e-06,,,,,,,,,,
227535,,,,,1.515174472e-06,,,,,,,,,,
717297,,,,,1.515174472e-06,,,,,,,,,,
473952,,,,,5.909180442e-05,,,,,,,,,,
121845,,,,,6.666767677999999e-05,,,,,,,,,,
121225,,,,,3.030348945e-06,,,,,,,,,,
117903,,,,,1.515174472e-06,,,,,,,,,,
117534,,,,,1.515174472e-06,,,,,,,,,,
597456,,,,,4.545523417e-06,,,,,,,,,,
116153,,,,,3.030348945e-06,,,,,,,,,,
115357,,,,,9.091046834e-06,,,,,,,,,,
115081,,,,,3.030348945e-06,,,,,,,,,,
2598192,,,,,1.515174472e-06,,,,,,,,,,
116150,,,,,0.001375778421,,,4.824730231415354e-07,,,,,,,
2795564,,,,,0.001010621373,,,,,,,,,,
191418,,,,,0.0002151547751,,,,,,,,,,
242261,,,,,1.515174472e-06,,,,,,,,,,
111878,,,,,1.66669192e-05,,,,,,,,,,
160290,,,,,1.515174472e-06,,,,,,,,,,
110368,,,,,0.002200033334,,,,,,,,,,
4814,,,,,1.515174472e-06,,,,,,,,,,
108931,,,,,3.787936181e-05,,,,,,,,,,
2055710,,,,,1.515174472e-06,,,,,,,,,,
2055708,,,,,1.515174472e-06,,,,,,,,,,
113334,,,,,0.0003651570478,,,,,,,,,,
104508,,,,,0.004918256337,,,,,,,,,,
104452,,,,,0.001601539417,,,,,,,,,,
2662231,,,,,1.515174472e-06,,,,,,,,,,
998833,,,,,1.515174472e-06,,,,,,,,,,
667449,,,,,0.001781845179,,,,,,,7.15703318072153e-07,,,
271217,,,,,0.002410642585,,,,,,,,,,
101105,,,,,1.515174472e-06,,,,,,,,,,
596624,,,,,6.060697889e-06,,,,,,,,,,
596621,,,,,1.515174472e-06,,,,,,,,,,
157070,,,,,3.030348945e-06,,,,,,,,,,
1357716,,,,,3.030348945e-06,,,0.0003121600459725734,,,,,,,
100452,,,,,3.030348945e-06,,,,,,,,,,
506608,,,,,9.394081729e-05,,,,,,,,,,
2484699,,,,,1.515174472e-06,,,,,,,,,,
45464,,,,,9.091046834e-06,,,,,,,,,,
327109,,,,,1.060622131e-05,,,,,,,,,,
94029,,,,,1.515174472e-06,,,,,,,,,,
93377,,,,,3.030348945e-06,,,,,,,,,,
354439,,,,,6.060697889e-06,,,,,,,,,,
32260,,,,,7.575872362e-06,,,,,,,,,,
91739,,,,,0.00024848861350000004,,,,,,,,,,
91405,,,,,4.545523417e-06,,,,,,,,,,
293665,,,,,3.030348945e-06,,,,,,,,,,
1294199,,,,,3.030348945e-06,,,,,,,,,,
142686,,,,,4.545523417e-06,,,,,,,,,,
84307,,,,,1.515174472e-06,,,,,,,,,,
83485,,,,,6.060697889e-06,,,,,,,,,,
82763,,,,,9.091046834e-06,,,,,,,,,,
82600,,,,,3.030348945e-06,,,,,,,,,,
82595,,,,,4.545523417e-06,,,,,,,,,,
92696,,,,,1.515174472e-06,,,,,,,,,,
210409,,,,,4.545523417e-06,,,,,,,,,,
307491,,,,,2.2727617089999997e-05,,,,,,,,,,
80765,,,,,6.060697889e-06,,,,,,,,,,
79923,,,,,1.515174472e-06,,,,,,,,,,
91930,,,,,1.515174472e-06,,,,,,,,,,
197161,,,,,1.212139578e-05,,,,,,,,,,
1864947,,,,,1.515174472e-06,,,,,,,,,,
156304,,,,,3.030348945e-06,,,,,,,,,,
77743,,,,,1.515174472e-06,,,,,,,,,,
675436,,,,,1.515174472e-06,,,,,,,,,,
131215,,,,,1.363657025e-05,,,,,,,,,,
77166,,,,,2.2727617089999997e-05,,,,,,,,,,
1678306,,,,,3.030348945e-06,,,,,,,,,,
866282,,,,,1.515174472e-06,,,,,,,,,,
72781,,,,,1.515174472e-06,,,,,,,,,,
400727,,,,,1.515174472e-06,,,,,,,,,,
1629725,,,,,1.515174472e-06,,,,,,,,,,
72036,,,,,1.515174472e-06,,,,,,,,,,
1093978,,,,,1.515174472e-06,,,,,,,,,,
188477,,,,,1.212139578e-05,,,,,,,,,,
71465,,,,,1.515174472e-06,,,,,,,,,,
123851,,,,,1.363657025e-05,,,,,,,,,,
69355,,,,,3.030348945e-06,,,,,,,,,,
64793,,,,,1.515174472e-06,,,,,,,,,,
2715315,,,,,1.515174472e-06,,,,,,,,,,
230686,,,,,1.515174472e-06,,,,,,,,,,
230685,,,,,1.515174472e-06,,,,,,,,,,
103372,,,,,0.004039455143,,,,,,,,,,
380381,,,,,6.515250231000001e-05,,,,,,,,,,
146774,,,,,0.0001151532599,,,,,,,,,,
64391,,,,,0.0001515174472,,,,,,,,,,
63699,,,,,4.545523417e-05,,,,,,,,,,
63436,,,,,1.515174472e-06,,,,,,,,,,
63433,,,,,3.030348945e-06,,,,,,,,,,
629360,,,,,1.212139578e-05,,,,,,,,,,
629358,,,,,7.575872362e-06,,,,,,,,,,
170557,,,,,4.545523417e-06,,,,,,,,,,
61484,,,,,1.363657025e-05,,,,,,,,,,
61482,,,,,6.060697889e-06,,,,,,,,,,
61478,,,,,4.545523417e-06,,,,,,,,,,
61476,,,,,1.060622131e-05,,,,,,,,,,
61474,,,,,1.66669192e-05,,,,,,,,,,
61472,,,,,6.060697889e-06,,,,,,,,,,
1069094,,,,,1.515174472e-06,,,,,,,,,,
105785,,,,,1.66669192e-05,,,,,,,,,,
1813611,,,,,1.515174472e-06,,,,,,,,,,
58824,,,,,0.007209200139,,,,,,,,,,
1965070,,,,,1.515174472e-06,,,,,,,,,,
58002,,,,,3.030348945e-06,,,,,,,,,,
57907,,,,,1.515174472e-06,,,,,,,,,,
110193,,,,,4.545523417e-06,,,,,,,,,,
424472,,,,,1.515174472e-06,,,,,,,,,,
219809,,,,,1.060622131e-05,,,,,,,,,,
2018661,,,,,1.515174472e-06,,,,,,,,,,
272940,,,,,1.515174472e-06,,,,,,,,,,
307658,,,,,1.060622131e-05,,,,,,,,,,
55057,,,,,1.515174472e-06,,,,,,,,,,
319348,,,,,1.515174472e-06,,,,,,,,,,
53552,,,,,1.515174472e-06,,,,,,,,,,
2138241,,,,,1.515174472e-06,,,,,,,,,,
53468,,,,,6.060697889e-06,,,,,,,,,,
362088,,,,,7.575872362e-06,,,,,,,,,,
51655,,,,,0.004507644055,,,,,,,,,,
375433,,,,,6.060697889e-06,,,,,,,,,,
69319,,,,,2.878831497e-05,,,,,,,,,,
51028,,,,,1.515174472e-06,,,,,,,,,,
1049336,,,,,2.424279156e-05,,,,,,,,,,
107213,,,,,6.060697889e-06,,,,,,,,,,
50389,,,,,2.424279156e-05,,,,,,,,,,
48709,,,,,3.030348945e-06,,,,,,,,,,
28588,,,,,7.575872362e-06,,,,,,,,,,
56364,,,,,1.515174472e-06,,,,,,,,,,
104759,,,,,1.515174472e-06,,,,,,,,,,
46433,,,,,1.515174472e-06,,,,,,,,,,
45954,,,,,7.575872362e-06,,,,,,,,,,
45351,,,,,1.515174472e-06,,,,,,,,,,
133901,,,,,4.545523417e-06,,,,,,,,,,
161013,,,,,4.545523417e-06,,,,,,,,,,
317549,,,,,6.060697889e-06,,,,,,,,,,
1173061,,,,,1.515174472e-06,,,,,,,,,,
72248,,,,,0.0002121244261,,,,,,,,,,
42296,,,,,0.0006757678147,,,,,,,,,,
213980,,,,,1.515174472e-06,,,,,,,,,,
213978,,,,,1.515174472e-06,,,,,,,,,,
213955,,,,,4.545523417e-06,,,,,,,,,,
213934,,,,,1.060622131e-05,,,,,,,,,,
213913,,,,,1.515174472e-06,,,,,,,,,,
213909,,,,,1.515174472e-06,,,,,,,,,,
213905,,,,,3.030348945e-06,,,,,,,,,,
110799,,,,,0.0009545599175999999,,,,,,,,,,
76189,,,,,1.515174472e-06,,,,,,,,,,
334116,,,,,0.0005136441461,,,,,,,,,,
171605,,,,,0.0002409127411,,,,,,,,,,
42275,,,,,0.0001060622131,,,,,,,,,,
183589,,,,,1.515174472e-06,,,0.010440716220782827,,,,,,,
41210,,,,,1.515174472e-06,,,,,,,,,,
41139,,,,,1.212139578e-05,,,,,,,,,,
2055412,,,,,2.72731405e-05,,,,,,,,,,
43146,,,,,4.545523417e-06,,,,,,,,,,
40104,,,,,1.060622131e-05,,,,,,,,,,
40085,,,,,0.0011515325989999998,,,,,,,,,,
460133,,,,,1.515174472e-06,,,,,,,,,,
56,,,,,1.515174472e-06,,2.75e-05,,,,,,,,
282301,,,,,1.515174472e-06,,,,,,,,,,
39272,,,,,4.545523417e-06,,,,,,,,,,
37621,,,,,4.545523417e-06,,,,,,,,,,
37344,,,,,4.545523417e-06,,,,,,,,,,
36987,,,,,2.575796603e-05,,,,,,,,,,
49338,,,,,1.515174472e-06,,,,,,,,,,
36765,,,,,1.515174472e-06,,,,,,,,,,
68888,,,,,4.545523417e-06,,,,,,,,,,
1564500,,,,,6.060697889e-06,,,,,,,,,,
38358,,,,,3.030348945e-06,,,,,,,,,,
471704,,,,,2.878831497e-05,,,,,,,,,,
64791,,,,,9.091046834e-06,,,,,,,,,,
34720,,,,,9.091046834e-06,,,,,,,,,,
456900,,,,,1.66669192e-05,,,,,,,,,,
266040,,,,,1.515174472e-06,,,,,,,,,,
543639,,,,,3.030348945e-06,,,,,,,,,,
34508,,,,,1.515174472e-06,,,,,,,,,,
100269,,,,,4.545523417e-06,,,,,,,,,,
33431,,,,,1.515174472e-06,,,,,,,,,,
33419,,,,,1.515174472e-06,,,,,,,,,,
33412,,,,,0.00029697419660000004,,,,,,,,,,
644536,,,,,2.575796603e-05,,,,,,,,,,
2053667,,,,,1.515174472e-06,,,,,,,,,,
89804,,,,,1.515174472e-06,,,,,,,,,,
51543,,,,,5.909180442e-05,,,,,,,,,,
32391,,,,,0.00010151668960000001,,,,,,,,,,
32264,,,,,1.515174472e-06,,,,,,,,,,
74068,,,,,1.060622131e-05,,,,,,,,,,
79782,,,,,4.545523417e-06,,,,,,,,,,
29172,,,,,1.515174472e-06,,,,,,,,,,
51022,,,,,1.515174472e-06,,,,,,,,,,
93504,,,,,0.003409142563,,,,,,,,,,
29053,,,,,3.030348945e-06,,,,,,,,,,
543379,,,,,6.060697889e-06,,,,,,,,,,
182803,,,,,0.00018636646010000002,,,,,,,7.15703318072153e-07,,,
166423,,,,,1.060622131e-05,,,,,,,,,,
516756,,,,,6.060697889e-06,,,,,,,,,,
2705177,,,,,1.515174472e-06,,,,,,,,,,
396416,,,,,1.515174472e-06,,,,,,,,,,
132113,,,,,1.515174472e-06,,,,,,,,,,
30195,,,,,1.515174472e-06,,,,,,,,,,
28612,,,,,2.121244261e-05,,,,,,,,,,
95512,,,,,1.212139578e-05,,,,,,,,,,
28586,,,,,6.060697889e-06,,,,,,,,,,
222816,,,,,1.515174472e-06,,,,,,,,,,
335457,,,,,6.060697889e-06,,,,,,,,,,
174628,,,,,4.545523417e-06,,,,,,,,,,
104688,,,,,1.515174472e-06,,,,,,,,,,
98809,,,,,0.0002151547751,,,,,,,,,,
59916,,,,,5.757662995e-05,,,,,,,,,,
27457,,,,,1.363657025e-05,,,,,,,,,,
247075,,,,,1.515174472e-06,,,,,,,,,,
94023,,,,,1.515174472e-06,,,,,,,,,,
13698,,,,,1.515174472e-06,,,,,,,,,,
28214,,,,,1.515174472e-06,,,,,,,,,,
13686,,,,,4.545523417e-06,,,,,,,,,,
104421,,,,,1.212139578e-05,,,,,,,,,,
13191,,,,,0.000577281474,,,,,,,,,,
13164,,,,,4.242488523e-05,,,,,,,,,,
13131,,,,,1.060622131e-05,,,,,,,,,,
13093,,,,,1.515174472e-06,,,,,,,,,,
151541,,,,,0.0002803072774,,,,,,,,,,
13037,,,,,0.0008484977045,,,,,,,,,,
12985,,,,,9.091046834e-06,,,,,,,,,,
520822,,,,,1.515174472e-06,,,,,,,,,,
2050976,,,,,1.515174472e-06,,,,,,,,,,
245740,,,,,1.515174472e-06,,,,,,,,,,
7539,,,,,8.333459598000001e-05,,,,,,,,,,
189513,,,,,0.0002651555327,,,,,,,,,,
7515,,,,,6.060697889e-06,,,,,,,,,,
136037,,,,,1.363657025e-05,,,,,,,,,,
86971,,,,,0.0007894059001,,,,,,,,,,
7493,,,,,1.060622131e-05,,,,,,,,,,
67767,,,,,0.0001515174472,,,,,,,,,,
7463,,,,,4.545523417e-06,,,,,,,,,,
7461,,,,,1.363657025e-05,,,,,,,,,,
7460,,,,,1.515174472e-06,,,,,,,,,,
30207,,,,,1.515174472e-06,,,,,,,,,,
27506,,,,,1.515174472e-06,,,,,,,,,,
30213,,,,,1.515174472e-06,,,,,,,,,,
30212,,,,,3.030348945e-06,,,,,,,,,,
202808,,,,,1.515174472e-06,,,,,,,,,,
7445,,,,,1.515174472e-06,,,,,,,,,,
7425,,,,,3.030348945e-06,,,,,,,,,,
460826,,,,,3.030348945e-06,,,,,,,,,,
7396,,,,,1.060622131e-05,,,,,,,,,,
7385,,,,,4.545523417e-06,,,,,,,,,,
7375,,,,,1.515174472e-05,,,,,,,3.5785165903607643e-07,,,
7370,,,,,3.030348945e-06,,,,,,,,,,
309927,,,,,3.030348945e-06,,,,,,,,,,
2848635,,,,,3.030348945e-06,,,,,,,,,,
2848634,,,,,3.030348945e-06,,,,,,,,,,
1867034,,,,,1.515174472e-06,,,,,,,,,,
244254,,,,,3.030348945e-06,,,,,,,,,,
198719,,,,,1.515174472e-06,,,,,,,,,,
193234,,,,,4.545523417e-06,,,,,,,,,,
111875,,,,,3.030348945e-06,,,,,,,,,,
103775,,,,,1.515174472e-06,,,,,,,,,,
88886,,,,,1.515174472e-06,,,,,,,,,,
65964,,,,,3.030348945e-06,,,,,,,,,,
47314,,,,,3.030348945e-06,,,,,,,,,,
30044,,,,,3.030348945e-06,,,,,,,,,,
29029,,,,,3.030348945e-06,,,,,,,,,,
7282,,,,,3.030348945e-06,,,,,,,,,,
7274,,,,,6.060697889e-06,,,,,,,,,,
7263,,,,,3.030348945e-06,,,,,,,,,,
7250,,,,,3.030348945e-06,,,,,,,,,,
7241,,,,,1.515174472e-06,,,,,,,,,,
7234,,,,,1.515174472e-06,,,,,,,,,,
7232,,,,,1.515174472e-06,,,,,,,,,,
7230,,,,,1.212139578e-05,,,,,,,,,,
7227,,,,,4.545523417e-06,,,,,,,,,,
7222,,,,,1.515174472e-06,,,,,,,,,,
7213,,,,,1.66669192e-05,,,,,,,,,,
7176,,,,,4.545523417e-06,,,,,,,,,,
1518534,,,,,1.515174472e-06,,,,,,,,,,
1496333,,,,,3.030348945e-06,,,,,,,,,,
139047,,,,,1.515174472e-06,,,,,,,,,,
139045,,,,,3.030348945e-06,,,,,,,,,,
74873,,,,,4.545523417e-06,,,,,,,,,,
62324,,,,,1.515174472e-06,,,,,,,,,,
43151,,,,,1.515174472e-06,,,,,,,,,,
42839,,,,,1.515174472e-06,,,,,,,,,,
30069,,,,,1.515174472e-06,,,,,,,,,,
7173,,,,,1.515174472e-06,,,,,,,,,,
7167,,,,,1.515174472e-06,,,,,,,,,,
7160,,,,,3.030348945e-06,,,,,,,,,,
7159,,,,,3.939453628e-05,,,,,,,,,,
315576,,,,,3.030348945e-06,,,,,,,,,,
1088851,,,,,1.515174472e-06,,,,,,,,,,
76194,,,,,0.0002590948348,,,,,,,,,,
76193,,,,,0.002240943045,,,,,,,,,,
66420,,,,,0.001430324702,,,,,,,,,,
7141,,,,,0.0008530432279,,,,,,,,,,
7137,,,,,0.001531841392,,,,,,,,,,
63990,,,,,4.545523417e-06,,,,,,,,,,
244414,,,,,4.545523417e-06,,,,,,,,,,
345717,,,,,0.00047727995879999995,,,,,,,,,,
78633,,,,,0.0001712147154,,,,,,,,,,
64459,,,,,0.0001212139578,,,,,,,,,,
7116,,,,,0.0002227306474,,,,,,,,,,
29058,,,,,0.002475795088,,,,,,,,,,
7113,,,,,0.0004515219928,,,,,,,,,,
7111,,,,,0.002250034091,,,,,,,,,,
69820,,,,,0.002018212397,,,,,,,,,,
7109,,,,,0.0001606084941,,,,,,,,,,
7092,,,,,0.0006121304868,,,,,,,,,,
7091,,,,,0.008250125002000001,,,,,,,,,,
41895,,,,,4.545523417e-06,,,,,,,,,,
7070,,,,,2.2727617089999997e-05,,,,,,,,,,
7067,,,,,2.424279156e-05,,,,,,,,,,
7054,,,,,0.0001757602388,,,,,,,,,,
7048,,,,,0.0002166699495,,,,,,,,,,
7044,,,,,4.545523417e-06,,,,,,,,,,
7038,,,,,7.575872362e-06,,,,,,,,,,
7029,,,,,1.515174472e-06,,,,,,,,,,
274614,,,,,1.515174472e-06,,,,,,,,,,
274613,,,,,1.515174472e-06,,,,,,,,,,
7011,,,,,1.515174472e-06,,,,,,,,,,
7009,,,,,3.030348945e-06,,,,,,,,,,
6999,,,,,4.545523417e-06,,,,,,,,,,
6984,,,,,1.515174472e-05,,,,,,,,,,
6978,,,,,1.969726814e-05,,,,,,,,,,
6973,,,,,7.878907256e-05,,,,,,,,,,
6954,,,,,1.515174472e-06,,,,,,,,,,
218467,,,,,3.484901286e-05,,,,,,,,,,
85552,,,,,3.030348945e-06,,,,,,,,,,
6728,,,,,3.030348945e-06,,,,,,,,,,
27406,,,,,1.515174472e-06,,,,,,,,,,
6706,,,,,1.515174472e-06,,,,,,,,,,
35525,,,,,3.030348945e-06,,,0.0005485718273119259,,,,,,,
35523,,,,,1.515174472e-06,,,,,,,,,,
2607531,,,,,3.030348945e-06,,,,,,,,,,
158019,,,,,3.030348945e-06,,,,,,,,,,
6604,,,,,4.545523417e-06,,,,,,,3.5785165903607643e-07,,,
6596,,,,,3.030348945e-06,,,,,,,,,,
29159,,,,,1.515174472e-06,,,,,,,,,,
6565,,,,,1.515174472e-06,,,5.8861708823267325e-05,,,,,,,
29158,,,,,4.545523417e-06,,,,,,,,,,
6526,,,,,1.515174472e-06,,,,,,,,,,
104711,,,,,1.515174472e-06,,,,,,,,,,
6412,,,,,3.939453628e-05,,,,,,,,,,
144512,,,,,1.515174472e-06,,,,,,,,,,
334426,,,,,1.515174472e-06,,,,,,,,,,
6313,,,,,1.515174472e-06,,,,,,,,,,
42156,,,,,3.030348945e-06,,,,,,,,,,
6293,,,,,1.515174472e-06,,,,,,,,,,
6290,,,,,1.515174472e-06,,,,,,,,,,
6265,,,,,1.515174472e-06,,,,,,,,,,
2777116,,,,,1.515174472e-06,,,,,,,,,,
31234,,,,,3.030348945e-06,,,,,,,,,,
6238,,,,,1.515174472e-06,,,,,,,,,,
46835,,,,,1.515174472e-06,,,,,,,,,,
1163369,,,,,1.515174472e-06,,,,,,,,,,
6184,,,,,1.515174472e-06,,,,,,,,,,
6183,,,,,1.515174472e-06,,,,,,,,,,
6182,,,,,1.515174472e-06,,,,,,,,,,
44689,,,,,1.515174472e-06,,,,,,,,,,
46634,,,,,1.515174472e-06,,,,,,,,,,
1080232,,,,,1.515174472e-06,,,,,,,,,,
63821,,,,,1.515174472e-06,,,,,,,,,,
979670,,,,,4.545523417e-06,,,,,,,,,,
41804,,,,,1.515174472e-06,,,,,,,,,,
4846,,,,,4.545523417e-06,,,,,,,,,,
114742,,,,,1.515174472e-06,,,,,,,,,,
1643,,,,,4.545523417e-06,,,,,,,,,,
1502,,,,,1.515174472e-06,,,,,,,,,,
955,,,,,3.030348945e-06,,,,,,,,,,
287,,,,,6.818285126000001e-05,,,,,,,,,,5e-06
2803731,,,,,1.515174472e-06,,,,,,,,,,
2528034,,,,,1.515174472e-06,,,,,,,,,,
2212473,,,,,1.515174472e-06,,,,,,,,,,
2026887,,,,,1.515174472e-06,,,,,,,,,,
2026760,,,,,1.515174472e-06,,,,,,,,,,
2021391,,,,,3.030348945e-06,,,,,,,,,,
1977087,,,,,4.545523417e-06,,,,,,,,,,
1703775,,,,,1.515174472e-06,,,,,,,,,,
2548340,,,,,1.515174472e-06,,,,,,,,,,
1518645,,,,,1.515174472e-06,,,,,,,,,,
2802581,,,,,1.515174472e-06,,,,,,,,,,
2597806,,,,,1.515174472e-06,,,,,,,,,,
2052170,,,,,,2.5e-06,,,,,,,,,
1926877,,,,,,5e-06,,,,,,,,,
1915561,,,,,,0.0191675,,,,,,,,,
1915559,,,,,,0.00139,,,,,,,,,
1811689,,,,,,0.0168175,,,,,,,,,
1811688,,,,,,0.0088525,,,,,,,,,
1811685,,,,,,0.00313,,,,,,,,,
1811683,,,,,,0.04104,,,,,,,,,
301375,,,,,,1.75e-05,,,,,,,,,
90426,,,,,,0.06433,,,,,,,,,
2223,,,,,,0.7968925,,,,,,,,,
2250255,,,,,,0.013885,,,,,,,,,
2250254,,,,,,0.0007325,,,,,,,,,
1852877,,,,,,0.0183975,,,,,,,,,
115547,,,,,,1e-05,,,,,,,,7e-05,
2595067,,,,,,3.75e-05,,,,,,,,,
271420,,,,,,,1.25e-05,,,,,,,,1e-05
2364274,,,,,,,2.5e-06,,,,,,,,
1825523,,,,,,,7.5e-06,,,,,,,,
1247936,,,,,,,7.5e-06,,,,,,,,
1535422,,,,,,,5e-06,,,,,,,,1.5e-05
360316,,,,,,,5e-06,,,,,,,,
190892,,,,,,,1.75e-05,,,,,,,,
1869214,,,,,,,2.5e-06,,,,,,,,
3036714,,,,,,,2.5e-06,,,,,,,,
3035203,,,,,,,2.5e-06,,,,,,,,
3025336,,,,,,,0.000105,,,,,,,,
3025335,,,,,,,0.003485,,,,,,,,
3025331,,,,,,,5e-06,,,,,,,,
3025329,,,,,,,7.5e-06,,,,,,,,
2929857,,,,,,,1e-05,,,,,,,,
2929853,,,,,,,0.0005175,,,,,,,,
2929851,,,,,,,9.5e-05,,,,,,,,
2929162,,,,,,,0.0135575,,,,,,,,
2917754,,,,,,,5e-06,,,,,,,,
2916633,,,,,,,5e-06,,,,,,,,
2908526,,,,,,,5e-06,,,,,,,,
2792074,,,,,,,2.5e-06,,,,,,,,
2792072,,,,,,,2.5e-06,,,,,,,,
2792071,,,,,,,1e-05,,,,,,,,
2792060,,,,,,,2.5e-06,,,,,,,,
2792049,,,,,,,7.5e-06,,,,,,,,
2792046,,,,,,,0.000675,,,,,,,,
2760979,,,,,,,2.5e-06,,,,,,,,
2760958,,,,,,,0.0013275,,,,,,,,
2760933,,,,,,,2.5e-06,,,,,,,,
2729544,,,,,,,1.5e-05,,,,,,,,
2687287,,,,,,,7.5e-06,,,,,,,,
2571103,,,,,,,0.0002075,,,,,,,,
2490635,,,,,,,0.0084575,,,,,,,,
2203192,,,,,,,2.5e-06,,,,,,,,
2109918,,,,,,,2.5e-06,,,,,,,,
2077104,,,,,,,6.5e-05,,,,,,,,
2066516,,,,,,,1e-05,,,,,,,,
2058300,,,,,,,2.5e-06,,,,,,,,
2014532,,,,,,,1.25e-05,,,,,,,,
1967839,,,,,,,2.5e-06,,,,,,,,
1947294,,,,,,,5e-06,,,,,,,,
1938595,,,,,,,2.5e-06,,,,,,,,
1938368,,,,,,,2.5e-06,,,,,,,,
1938366,,,,,,,2.5e-06,,,,,,,,
1874619,,,,,,,2.5e-06,,,,,,,,
1872678,,,,,,,2.5e-06,,,,,,,,
1723760,,,,,,,0.0325125,,,,,,,,
1723756,,,,,,,0.00461,,,,,,,,
1723755,,,,,,,0.0037475,,,,,,,,
1715254,,,,,,,0.32912,,,,,,,,
1710353,,,,,,,7.5e-05,,,,,,,,
1461766,,,,,,,0.00338,,,,,,,,
1348395,,,,,,,2.5e-06,,,,,,,,
1348393,,,,,,,1.25e-05,,,,,,,,
1190813,,,,,,,5e-06,,,,,,,,
1055803,,,,,,,0.0006475,,,,,,,,
621376,,,,,,,2.5e-06,,,,,,,,
579572,,,,,,,0.0048275,,,,,,,,
579571,,,,,,,2.5e-06,,,,,,,,
579569,,,,,,,5e-06,,,,,,,,
579563,,,,,,,2.5e-06,,,,,,,,
579545,,,,,,,0.0031975,,,,,,,,
579535,,,,,,,0.0032025,,,,,,,,
579533,,,,,,,7.5e-06,,,,,,,,
579532,,,,,,,0.00817,,,,,,,,
579531,,,,,,,2.5e-06,,,,,,,,
579530,,,,,,,0.0107475,,,,,,,,
579518,,,,,,,0.0027575,,,,,,,,
579515,,,,,,,1.5e-05,,,,,,,,
579511,,,,,,,0.0247525,,,,,,,,
579506,,,,,,,5e-06,,,,,,,,
394751,,,,,,,1.5e-05,,,,,,,,
386429,,,,,,,2.5e-06,,,,,,,,
383911,,,,,,,2.5e-06,,,,,,,,
182141,,,,,,,2.5e-06,,,,,,,,
176102,,,,,,,0.4533375,,,,,,,,
166935,,,,,,,1.25e-05,,,,,,,,
162160,,,,,,,0.0207925,,,,,,,,
142792,,,,,,,0.0010675,,,,,,,,
114053,,,,,,,3.5e-05,,,,,,,,
81037,,,,,,,5e-06,,,,,,,,
77608,,,,,,,1.75e-05,,,,,,,,
53249,,,,,,,3e-05,,,,,,,,
43660,,,,,,,1.75e-05,,,,,,,,
43657,,,,,,,3.75e-05,,,,,,,,
28109,,,,,,,5e-06,,,,,,,,
28107,,,,,,,3e-05,,,,,,,,
288,,,,,,,0.0437325,,,,,,,,
227,,,,,,,0.00107,,,,,,,,
40324,,,,,,,5e-06,,,,,,,,3.5e-05
554131,,,,,,,5e-06,,,,,,,,
2759849,,,,,,,0.0011175,,,,,,,,
1313,,,,,,,7.5e-06,,,,,,,,
729,,,,,,,2.75e-05,,,,,,,,
1603038,,,,,,,2.5e-06,,,,,,,,
47951,,,,,,,0.00331,,,,,,,,
29497,,,,,,,2.5e-06,,,,,,,,
28171,,,,,,,2.5e-06,,,,,,,,
669,,,,,,,0.00053,,,,,,,,
1295392,,,,,,,2.75e-05,,,,,,,,
121723,,,,,,,2.5e-06,,,,,,,,
38293,,,,,,,2.5e-06,,,,,,,,
661,,,,,,,3.75e-05,,,,,,,,
645,,,,,,,7.5e-06,,,,,,,,
290112,,,,,,,2.5e-06,,,,,,,,
628,,,,,,,1e-05,,,,,,,,1.5e-05
137545,,,,,,,1e-05,,,,,,,,
28151,,,,,,,2.5e-06,,,,,,,,
183417,,,,,,,2.5e-05,,,,,,,,5e-06
35703,,,,,,,5e-06,,,,,,,,
414,,,,,,,2.5e-06,,,,,,,,
2078787,,,,,,,1.5e-05,,,,,,,,6.5e-05
86185,,,,,,,2.5e-06,,,,,,,,1e-05
256839,,,,,,,7.5e-06,,,,,,,,
50422,,,,,,,5e-06,,,,,,,,1e-05
2832643,,,,,,,1.5e-05,,,,,,,,
2653183,,,,,,,1.25e-05,,,,,,,,
2026799,,,,,,,5e-06,,,,,,,,
710999,,,,,,,1.75e-05,,,,,,,,
156578,,,,,,,9.25e-05,,,,,,,,5e-06
312026,,,,,,,,4.824730231415354e-07,,,,,,,
109884,,,,,,,,4.824730231415354e-07,,,,,,,
1940289,,,,,,,,4.824730231415354e-07,,,,,,,
2608001,,,,,,,,2.0263866971944487e-05,,,,,,,
1519565,,,,,,,,0.04277412833963597,,,,,,,
2614602,,,,,,,,9.649460462830708e-07,,,,,,,
2557542,,,,,,,,9.649460462830708e-07,,,,,,,
1534972,,,,,,,,9.649460462830708e-07,,,,,,,
722753,,,,,,,,9.649460462830708e-07,,,,,,,
2943436,,,,,,,,4.824730231415354e-07,,,,,,,
2872254,,,,,,,,0.000435190666873665,,,,,,,
1285465,,,,,,,,1.3991717671104528e-05,,,,,,,
568900,,,,,,,,0.00044532260035963733,,,,,,,
186039,,,,,,,,0.0008009052184149489,,,,,,,
135588,,,,,,,,4.824730231415354e-07,,,,,,,
109871,,,,,,,,4.824730231415354e-07,,,,,,,
1447940,,,,,,,,4.824730231415354e-07,,,,,,,
91374,,,,,,,,9.649460462830708e-07,,,,,,,
83374,,,,,,,,4.824730231415354e-07,,,,,,,
72019,,,,,,,,1.0131933485972244e-05,,,,,,,
542832,,,,,,,,4.824730231415354e-07,,,,,,,
1890364,,,,,,,,4.824730231415354e-07,,,,,,,
84751,,,,,,,,4.824730231415354e-07,,,,,,,
426638,,,,,,,,2.1711286041369098e-05,,,,,,,
296587,,,,,,,,4.824730231415354e-07,,,,,,,
37360,,,,,,,,4.824730231415354e-07,,,,,,,
35128,,,,,,,,0.00021807780645997403,,,,,,,
210448,,,,,,,,0.00014329448787303602,,,,,,,
128215,,,,,,,,4.824730231415354e-07,,,,1.4314066361443061e-06,,,
195482,,,,,,,,4.824730231415354e-07,,,,,,,
4932,,,,,,,,4.824730231415354e-07,,,,,,,
109152,,,,,,,,4.824730231415354e-07,,,,,,,
67593,,,,,,,,4.824730231415354e-07,,,,,,,
4785,,,,,,,,4.824730231415354e-07,,,,,,,
4779,,,,,,,,9.649460462830708e-07,,,,,,,
1650286,,,,,,,,4.824730231415354e-07,,,,,,,
631055,,,,,,,,9.649460462830708e-07,,,,,,,
2952,,,,,,,,4.824730231415354e-07,,,,,,,
2951,,,,,,,,4.824730231415354e-07,,,,,,,
2903,,,,,,,,3.0395800457916733e-05,,,,,,,
303405,,,,,,,,0.00022242006366824784,,,,,,,
2850,,,,,,,,0.9020199847128592,,,,,,,
1352,,,,,,,,9.649460462830708e-07,,,,,,,
945775,,,,,,,,4.824730231415354e-07,,,,,,,
64976,,,,,,,,1.4474190694246063e-06,,,,,,,
983,,,,,,,,9.649460462830708e-07,,,,,,,
1513297,,,,,,,,1.4474190694246063e-06,,,,,,,
1597977,,,,,,,,9.649460462830708e-07,,,,,,,
1975534,,,,,,,,4.824730231415354e-07,,,,,,,
2720479,,,,,,,,1.4474190694246063e-06,,,,,,,
2053569,,,,,,,,1.4474190694246063e-06,,,,,,,
2026780,,,,,,,,4.824730231415354e-07,,,,,,,
2026761,,,,,,,,2.412365115707677e-06,,,,,,,
1978231,,,,,,,,4.824730231415354e-07,,,,,,,
1974754,,,,,,,,2.8948381388492126e-06,,,,,,,
1798491,,,,,,,,4.101020696703051e-05,,,,,,,
1871071,,,,,,,,4.824730231415354e-07,,,,,,,
2614250,,,,,,,,9.649460462830708e-07,,,,,,,
2608793,,,,,,,,,1e-05,,,,,,
2032688,,,,,,,,,1e-05,,,,,,
136072,,,,,,,,,1e-05,,,,,,
1114924,,,,,,,,,0.0003,,,,,,
101192,,,,,,,,,5e-06,,,,,,
83986,,,,,,,,,1e-05,,,,,,
2828780,,,,,,,,,1.5e-05,,,,,,
1874706,,,,,,,,,0.001145,,,,,,
1794908,,,,,,,,,1.5e-05,,,,,,
2992839,,,,,,,,,1.5e-05,,,,,,
2605695,,,,,,,,,4.5e-05,,,,,,
2605639,,,,,,,,,3.5e-05,,,,,,
1915574,,,,,,,,,1.5e-05,,,,,,
1882735,,,,,,,,,0.00102,,,,,,
1715806,,,,,,,,,3.5e-05,,,,,,
1483602,,,,,,,,,0.00119,,,,,,
1483601,,,,,,,,,0.00163,,,,,,
1483600,,,,,,,,,0.001445,,,,,,
1483599,,,,,,,,,5e-06,,,,,,
1483598,,,,,,,,,2e-05,,,,,,
1483597,,,,,,,,,4e-05,,,,,,
1483596,,,,,,,,,0.000275,,,,,,
1434103,,,,,,,,,0.00032,,,,,,
1434102,,,,,,,,,0.000815,,,,,,
1434100,,,,,,,,,0.001295,,,,,,
1434099,,,,,,,,,0.000885,,,,,,
1036679,,,,,,,,,0.00082,,,,,,
1036677,,,,,,,,,1e-05,,,,,,
418008,,,,,,,,,0.00255,,,,,,
170861,,,,,,,,,0.003155,,,,,,
38027,,,,,,,,,0.062345,,,,,,
2215,,,,,,,,,5e-06,,,,,,
2214,,,,,,,,,0.85952,,1.3092005862738036e-05,,,,
2213,,,,,,,,,0.00021,,,,,,
2210,,,,,,,,,5e-06,,,,,,
2209,,,,,,,,,0.00513,,,,,,
2208,,,,,,,,,0.004505,,,,,,
2491675,,,,,,,,,5e-06,,,,,,
1884871,,,,,,,,,5e-05,,,,,,
2692771,,,,,,,,,5e-06,,,,,,
3016432,,,,,,,,,5e-06,,,,,,
108980,,,,,,,,,1e-05,,,,,,
2484983,,,,,,,,,5e-06,,,,,,
2654282,,,,,,,,,7.5e-05,,,,,,
2682145,,,,,,,,,1e-05,,,,,,
2614251,,,,,,,,,5e-06,,,,,,
2250277,,,,,,,,,2e-05,,,,,,
2056317,,,,,,,,,4.5e-05,,,,,,
2056316,,,,,,,,,5e-06,,,,,,
2052143,,,,,,,,,5e-06,,,,,,
2044939,,,,,,,,,1e-05,,,,,,
2026747,,,,,,,,,5e-06,,,,,,
2026739,,,,,,,,,4.5e-05,,,,,,
1913988,,,,,,,,,3.5e-05,,,,,,
1906665,,,,,,,,,1e-05,,,,,,
1891238,,,,,,,,,1e-05,,,,,,
1456403,,,,,,,,,5e-06,,,,,,
2511821,,,,,,,,,5e-06,,,,,,
2169593,,,,,,,,,1e-05,,,,,,
2069432,,,,,,,,,,3.5e-05,,,,,
1628250,,,,,,,,,,1.5e-05,,,,,
2992764,,,,,,,,,,1.5e-05,,,,,
2954503,,,,,,,,,,0.01696,,,,,
2480802,,,,,,,,,,0.017155,,,,,
2480800,,,,,,,,,,0.084215,,,,,
2358479,,,,,,,,,,0.025175,,,,,
1325435,,,,,,,,,,8e-05,,,,,
561505,,,,,,,,,,0.005555,,,,,
174713,,,,,,,,,,2.5e-05,,,,,
107401,,,,,,,,,,5e-06,,,,,
104268,,,,,,,,,,0.699455,,,,,
2480808,,,,,,,,,,0.03742,,,,,
2480807,,,,,,,,,,0.05825,,,,,
1898204,,,,,,,,,,5e-06,,,,,
3017187,,,,,,,,,,,3.4452647007205353e-07,,,,
2666342,,,,,,,,,,,1.3781058802882143e-06,,,,
1945580,,,,,,,,,,,0.003485918824189038,,,,
1945579,,,,,,,,,,,1.0335794102161607e-06,,,,
1561964,,,,,,,,,,,0.0054821051917865165,,,,
1077256,,,,,,,,,,,0.6837806515725945,,,,
262501,,,,,,,,,,,3.4452647007205353e-07,,,,
2317,,,,,,,,,,,0.0001646836526944416,,,,
2303,,,,,,,,,,,3.4452647007205353e-07,,,,
2099680,,,,,,,,,,,1.3781058802882143e-06,,,,
1746090,,,,,,,,,,,,3.9363682493968405e-06,,,
82926,,,,,,,,,,,,3.5785165903607643e-07,,,
463800,,,,,,,,,,,,3.5785165903607643e-07,,,
103836,,,,,,,,,,,,3.5785165903607643e-07,,,
245562,,,,,,,,,,,,3.5785165903607643e-07,,,
101115,,,,,,,,,,,,3.5785165903607643e-07,,,
2600580,,,,,,,,,,,,1.7892582951803824e-06,,,
2053460,,,,,,,,,,,,7.15703318072153e-07,,,
268475,,,,,,,,,,,,7.15703318072153e-07,,,
6334,,,,,,,,,,,,3.5785165903607643e-07,,,
519541,,,,,,,,,,,,1.4314066361443061e-06,,,
1410047,,,,,,,,,,,,1.4314066361443061e-06,,,
880536,,,,,,,,,,,,0.0009805135457588495,,,
880535,,,,,,,,,,,,0.0002866391788878972,,,
880534,,,,,,,,,,,,0.005689125675355545,,,
720590,,,,,,,,,,,,0.0012141906791094078,,,
647221,,,,,,,,,,,,0.0009518854130359633,,,
208452,,,,,,,,,,,,1.0735549771082295e-05,,,
85471,,,,,,,,,,,,5.009923226505071e-06,,,
77519,,,,,,,,,,,,4.6520715674689934e-06,,,
52288,,,,,,,,,,,,0.00010986045932407547,,,
36330,,,,,,,,,,,,0.00010413483277949824,,,
31272,,,,,,,,,,,,0.0009064382523383816,,,
5861,,,,,,,,,,,,8.624224982769443e-05,,,
5860,,,,,,,,,,,,0.00014206710863732234,,,
5858,,,,,,,,,,,,0.0001198803057770856,,,
5857,,,,,,,,,,,,1.7892582951803824e-06,,,
5855,,,,,,,,,,,,6.763396355781845e-05,,,
5854,,,,,,,,,,,,0.005115489465920713,,,
5850,,,,,,,,,,,,2.8628132722886122e-05,,,
5849,,,,,,,,,,,,2.89859843819222e-05,,,
5827,,,,,,,,,,,,3.220664931324688e-06,,,
5825,,,,,,,,,,,,1.4314066361443061e-06,,,
5824,,,,,,,,,,,,2.5049616132525354e-06,,,
5821,,,,,,,,,,,,3.220664931324688e-06,,,
1280935,,,,,,,,,,,,3.5785165903607643e-07,,,
44941,,,,,,,,,,,,3.5785165903607643e-07,,,
64518,,,,,,,,,,,,3.5785165903607643e-07,,,
269771,,,,,,,,,,,,3.5785165903607643e-07,,,
90262,,,,,,,,,,,,3.5785165903607643e-07,,,
113107,,,,,,,,,,,,3.9363682493968405e-06,,,
1884223,,,,,,,,,,,,,1.000010000100001e-05,,
2870563,,,,,,,,,,,,,5.000050000500005e-06,,
1860156,,,,,,,,,,,,,0.06457564575645756,,
1348249,,,,,,,,,,,,,0.005330053300533005,,
253161,,,,,,,,,,,,,0.009190091900919009,,
66852,,,,,,,,,,,,,5.000050000500005e-06,,
2173,,,,,,,,,,,,,0.8070330703307033,,
774,,,,,,,,,,,,,1.000010000100001e-05,,
1635283,,,,,,,,,,,,,0.005205052050520505,,
1175445,,,,,,,,,,,,,,0.98478,
570267,,,,,,,,,,,,,,5e-06,
1301915,,,,,,,,,,,,,,0.00147,
202604,,,,,,,,,,,,,,5e-06,
39664,,,,,,,,,,,,,,1.5e-05,
1379702,,,,,,,,,,,,,,0.002815,
2026795,,,,,,,,,,,,,,5e-06,
1619001,,,,,,,,,,,,,,5e-05,
1967665,,,,,,,,,,,,,,,1e-05
45497,,,,,,,,,,,,,,,5e-06
2675273,,,,,,,,,,,,,,,1e-05
1778263,,,,,,,,,,,,,,,5e-06
2036687,,,,,,,,,,,,,,,3e-05
1856287,,,,,,,,,,,,,,,5e-06
477689,,,,,,,,,,,,,,,0.00084
2781390,,,,,,,,,,,,,,,0.00031
207949,,,,,,,,,,,,,,,1e-05
2653137,,,,,,,,,,,,,,,1.5e-05
2995320,,,,,,,,,,,,,,,1.5e-05
164546,,,,,,,,,,,,,,,5e-06
415421,,,,,,,,,,,,,,,2.5e-05
58051,,,,,,,,,,,,,,,1.5e-05
57040,,,,,,,,,,,,,,,5e-06
472694,,,,,,,,,,,,,,,5e-06
314277,,,,,,,,,,,,,,,9e-05
2912588,,,,,,,,,,,,,,,5e-06
2841562,,,,,,,,,,,,,,,1e-05
2759844,,,,,,,,,,,,,,,1e-05
2759836,,,,,,,,,,,,,,,5e-06
2689569,,,,,,,,,,,,,,,5e-06
2304625,,,,,,,,,,,,,,,8e-05
2267621,,,,,,,,,,,,,,,0.002065
2058305,,,,,,,,,,,,,,,0.156735
2058299,,,,,,,,,,,,,,,0.00123
1982103,,,,,,,,,,,,,,,7.5e-05
1856279,,,,,,,,,,,,,,,0.00018
1816218,,,,,,,,,,,,,,,0.0088
1737566,,,,,,,,,,,,,,,0.00211
1720342,,,,,,,,,,,,,,,1e-05
1513592,,,,,,,,,,,,,,,5e-05
888425,,,,,,,,,,,,,,,0.004935
211668,,,,,,,,,,,,,,,6.5e-05
89401,,,,,,,,,,,,,,,0.07964
58049,,,,,,,,,,,,,,,5e-06
936053,,,,,,,,,,,,,,,5e-06
2743,,,,,,,,,,,,,,,1.5e-05
98228,,,,,,,,,,,,,,,2e-05
52443,,,,,,,,,,,,,,,1e-05
196024,,,,,,,,,,,,,,,5e-06
351671,,,,,,,,,,,,,,,5e-06
2773264,,,,,,,,,,,,,,,1e-05
138074,,,,,,,,,,,,,,,5e-06
545,,,,,,,,,,,,,,,0.00081
1776741,,,,,,,,,,,,,,,5e-06
45065,,,,,,,,,,,,,,,1e-05
2707345,,,,,,,,,,,,,,,5e-06
1355477,,,,,,,,,,,,,,,2e-05
56448,,,,,,,,,,,,,,,5e-06
346,,,,,,,,,,,,,,,5e-06
2772300,,,,,,,,,,,,,,,5e-06
380021,,,,,,,,,,,,,,,5e-06
263,,,,,,,,,,,,,,,0.000395
2739432,,,,,,,,,,,,,,,5e-06
2053527,,,,,,,,,,,,,,,5e-06
710972,,,,,,,,,,,,,,,1e-05
1917481,,,,,,,,,,,,,,,5e-06
2813024,,,,,,,,,,,,,,,2.5e-05
