,taxon_id,GCF_000002765.6_family,GCF_000007345.1_family,GCF_000012325.1_family,GCF_000016525.1_family,GCF_000063445.1_family,GCF_000150955.2_family,GCF_000204415.1_family,GCF_000208865.1_family,GCF_000967895.1_family,GCF_001653755.1_family,GCF_002287195.1_family,GCF_002310855.1_family,GCF_009362255.1_family,GCF_030704535.1_family,GCF_032362555.1_family
Plasmodiidae,1639119.0,0.638035,2e-05,,,,3.6262479430108546e-07,,6.870702679645614e-05,,,,,,1.9047619047619047e-06,3.3333333333333333e-06
Streptosporangiaceae,2004.0,0.00021714285714285715,,,,,,,,,,,,,3.8095238095238094e-06,2.4242424242424244e-06
Streptococcaceae,1300.0,7.571428571428571e-05,,0.00015,,,,,,8e-05,,3.4482758620689656e-07,,,0.002092857142857143,3.606060606060606e-05
Oxytrichidae,57506.0,4.642857142857143e-05,,,,,3.5053730115771593e-06,,7.156981957964182e-07,,,,,,7.142857142857143e-06,6.96969696969697e-06
Enterobacteriaceae,543.0,4.142857142857143e-05,,0.0008,,,,,3.578490978982091e-06,0.00025,,,0.000495,,0.005406666666666666,0.0026184848484848483
Trypanosomatidae,5654.0,3.928571428571428e-05,,,,,2.417498628673903e-07,,4.294189174778509e-06,,,,,,1.1428571428571429e-05,3.909090909090909e-05
Neocallimastigaceae,29007.0,3.928571428571428e-05,,,,,,,,,,,,,3.238095238095238e-05,3.484848484848485e-05
Spongiibacteraceae,1706375.0,2.857142857142857e-05,,,,,,,,0.00011,,,5e-06,,,9.09090909090909e-07
Theileriidae,27994.0,1.2142857142857142e-05,,,,,1.2087493143369515e-07,,2.9343626027653148e-05,,,,,,2.8571428571428573e-06,7.575757575757576e-06
Pythiaceae,4782.0,1e-05,,,,,5.076747120215196e-06,,5.725585566371345e-06,,,,,,2.8095238095238096e-05,3.121212121212121e-05
Vibrionaceae,641.0,9.285714285714286e-06,,0.00251,,,1.2087493143369515e-07,,,0.00115,6e-05,,0.00152,1e-05,0.00879095238095238,0.0007875757575757575
Acaulosporaceae,36752.0,8.571428571428571e-06,,,,,7.252495886021709e-07,,,,,,,,5.7142857142857145e-06,1.1212121212121212e-05
Mortierellaceae,4854.0,7.857142857142858e-06,,,,,1.5713741086380369e-06,,7.156981957964182e-07,,,,,,5.095238095238095e-05,9.424242424242424e-05
Brachyspiraceae,143786.0,7.142857142857143e-06,,,,,,,,,,,,,,3.636363636363636e-06
Sarcocystidae,5809.0,5.7142857142857145e-06,,,,,3.867997805878245e-06,,0.45500655937396445,,,,,,1.2857142857142857e-05,2.9696969696969696e-05
Basidiobolaceae,4858.0,5e-06,,,,,3.6262479430108546e-07,,,,,,,,1e-05,2.1515151515151516e-05
Helicobacteraceae,72293.0,5e-06,,,,,2.1757487658065125e-06,,,,,,,,7.619047619047619e-06,6.060606060606061e-07
Sclerotiniaceae,28983.0,4.2857142857142855e-06,,,,,3.6262479430108546e-07,,,,,,,,4.2857142857142855e-06,3.3333333333333333e-06
Blastocystidae,2547934.0,4.2857142857142855e-06,,,,,3.6262479430108546e-07,,,,,,,,1.1904761904761905e-05,9.090909090909091e-06
Legeriomycetaceae,4883.0,3.5714285714285714e-06,,,,,,,,,,,,,9.523809523809523e-06,2.0303030303030303e-05
Tetrahymenidae,291294.0,3.5714285714285714e-06,,,,,,,1.2882567524335528e-05,,,,,,1.3333333333333333e-05,6.666666666666667e-06
Morganellaceae,1903414.0,3.5714285714285714e-06,,0.00012,,,1.2087493143369515e-07,,7.156981957964182e-07,3e-05,,,6e-05,,0.0006504761904761905,
Chlorellaceae,35461.0,2.8571428571428573e-06,,,,,6.043746571684758e-07,,7.156981957964182e-07,,,,,,0.0005461904761904762,3.7272727272727276e-05
Pleomassariaceae,85915.0,2.8571428571428573e-06,,,,,,,,,,,,,,5.151515151515151e-06
Ceratobasidiaceae,5250.0,2.1428571428571427e-06,,,,,,,7.156981957964182e-07,,,,,,1.9523809523809524e-05,1.0909090909090909e-05
Eimeriidae,5799.0,2.1428571428571427e-06,,,,,1.2087493143369515e-07,,0.00017964024714490096,,,,,,2.8571428571428573e-06,7.878787878787878e-06
Aspergillaceae,1131492.0,2.1428571428571427e-06,,,,,4.834997257347806e-07,,7.156981957964182e-07,,,,,,1.5714285714285715e-05,1.9696969696969697e-05
Moraxellaceae,468.0,1.4285714285714286e-06,,9e-05,,,3.263623148709769e-06,,,9e-05,,1.2758620689655172e-05,0.000115,,0.003656190476190476,0.00199030303030303
Cryptosporidiidae,35082.0,1.4285714285714286e-06,,,,,1.2087493143369515e-07,,1.4313963915928364e-06,,,,,,4.7619047619047615e-06,3.3333333333333333e-06
Gigasporaceae,36753.0,1.4285714285714286e-06,,,,,4.834997257347806e-07,,1.4313963915928364e-06,,,,,,1.0952380952380953e-05,3.484848484848485e-05
Acetobacteraceae,433.0,7.142857142857143e-07,,,,,2.417498628673903e-07,,,1e-05,,,2.5e-05,,0.0003071428571428571,1.2121212121212122e-05
Acholeplasmataceae,2146.0,7.142857142857143e-07,,,,,,,,,,,,,,
Perkinsidae,27999.0,7.142857142857143e-07,,,,,1.2087493143369515e-07,,7.156981957964182e-07,,,,,,1e-05,1.4242424242424243e-05
Mucoraceae,34489.0,7.142857142857143e-07,,,,,1.3296242457706466e-06,,,,,,,,1.0952380952380953e-05,2.1818181818181818e-05
Gregarinidae,35088.0,7.142857142857143e-07,,,,,,,1.4313963915928364e-06,,,,,,1.4285714285714286e-06,1.2121212121212122e-06
Ascoideaceae,44277.0,7.142857142857143e-07,,,,,3.6262479430108546e-07,,,,,,,,4.761904761904762e-07,2.121212121212121e-06
Tetrabaenaceae,47777.0,7.142857142857143e-07,,,,,,,,,,,,,7.142857142857143e-06,
Omphalotaceae,72117.0,7.142857142857143e-07,,,,,,,,,,,,,1e-05,5.4545454545454545e-06
Salpingoecidae,81529.0,7.142857142857143e-07,,,,,2.417498628673903e-07,,,,,,,,1.5714285714285715e-05,0.0002593939393939394
Pelomyxidae,168130.0,7.142857142857143e-07,,,,,,,,,,,,,1.5238095238095238e-05,1.606060606060606e-05
Stentoridae,219169.0,7.142857142857143e-07,,,,,,,1.4313963915928364e-06,,,,,,4.7619047619047615e-06,7.272727272727272e-06
Cyanidiaceae,265316.0,7.142857142857143e-07,,,,,,,7.156981957964182e-07,,,,,,2.9523809523809523e-05,1.2727272727272727e-05
Trichomonascaceae,410830.0,7.142857142857143e-07,,,,,1.2087493143369515e-07,,,,,,,,5.2380952380952384e-06,2.303030303030303e-05
Ceratocystidaceae,1028423.0,7.142857142857143e-07,,,,,,,,,,,,,1.4285714285714286e-06,3.0303030303030305e-07
Hypoxylaceae,2033035.0,7.142857142857143e-07,,,,,,,,,,,,,9.523809523809523e-07,1.2121212121212122e-06
Chloropicaceae,2302913.0,7.142857142857143e-07,,,,,,,,,,,,,7.952380952380952e-05,1.606060606060606e-05
Terasakiellaceae,2813951.0,7.142857142857143e-07,,,,,1.2087493143369515e-07,,1.4313963915928364e-06,,,,,,4.761904761904762e-07,
Viruses,10239.0,1.4285714285714286e-06,0.0,1e-05,0.0007,0.0,0.0,0.0,8.588378349557018e-06,0.0,0.0,0.0,0.0,0.0,6.19047619047619e-05,0.0006827272727272727
cannot be assigned to a (non-viral) family,nan,0.00236,0.00203,0.03056,0.01627,0.03252,0.002361170910625801,0.011795,0.0009626140733461825,0.01324,0.1409,0.00032620689655172414,0.136945,0.65565,0.02037952380952381,0.004383333333333334
unclassified,nan,0.35899714285714285,0.08082,0.02901,0.02194,0.03639,0.33946842106153813,0.02999,0.5435942506532535,0.01862,0.01148,0.05428413793103448,0.01773,0.01583,0.9248214285714286,0.9781951515151515
Methanosarcinaceae,2206.0,,0.91662,,6e-05,0.00021,,8.5e-05,,,,0.00010448275862068966,,,,1.818181818181818e-06
Methanotrichaceae,143067.0,,0.00015,,,,,0.957995,,,,,,,,3.0303030303030305e-07
Streptomycetaceae,2062.0,,0.00012,,,1e-05,3.6262479430108546e-07,1e-05,,,,,,,0.002822857142857143,4.242424242424242e-06
Candidatus Methanoperedenaceae,1392996.0,,8e-05,,,,,,,,,,,,,
Methanocaldococcaceae,196117.0,,3e-05,,1e-05,,,,,,,,,,,
Oscillospiraceae,216572.0,,3e-05,,,,,,,,,2.275862068965517e-05,,,1.9047619047619047e-06,2.121212121212121e-06
Methanomicrobiaceae,2194.0,,2e-05,,,,,1.5e-05,,,,,,,1.9047619047619047e-06,
Vallitaleaceae,2603322.0,,2e-05,,,,,,,,,,,,,
Methanobacteriaceae,2159.0,,1e-05,,0.96053,,,,,,,0.9452420689655172,,,4.761904761904762e-07,3.0303030303030305e-07
Thermococcaceae,2259.0,,1e-05,,0.00028,,,5e-06,,,,,,,,6.060606060606061e-07
Microbacteriaceae,85023.0,,1e-05,,,,,,,,,3.4482758620689656e-07,,,0.00022095238095238095,0.0002915151515151515
Peptococcaceae,186807.0,,1e-05,,,,,,,,,3.4482758620689656e-07,,,8.571428571428571e-05,
Desulfobacteraceae,213119.0,,1e-05,,,,2.417498628673903e-07,5e-06,,,,3.4482758620689656e-07,,,3.8095238095238094e-06,2.121212121212121e-06
Ktedonobacteraceae,388449.0,,1e-05,,,,1.2087493143369515e-07,,,,,,,,,3.0303030303030305e-07
Colwelliaceae,267889.0,,,0.93298,,,2.2966236972402076e-06,,,0.00012,,,9e-05,,2.8571428571428573e-06,
Shewanellaceae,267890.0,,,0.00054,,,,,,,,,4e-05,,1.3333333333333333e-05,7.575757575757576e-06
Halomonadaceae,28256.0,,,0.00044,,,,,,0.00023,,,0.00032,1e-05,0.0005419047619047619,2.7272727272727272e-06
Pseudomonadaceae,135621.0,,,0.00042,,,3.6262479430108546e-07,,7.156981957964182e-07,0.0009,,,9.5e-05,,0.00035428571428571426,0.0018515151515151515
Pseudoalteromonadaceae,267888.0,,,0.00042,,,,,,8e-05,,,0.840975,1e-05,2.904761904761905e-05,3.0303030303030305e-06
Moritellaceae,267891.0,,,0.00034,,,,,,2e-05,,,3e-05,,,
Yersiniaceae,1903411.0,,,0.00026,,,,,,,,,3.5e-05,,6.047619047619048e-05,0.00047636363636363637
Alteromonadaceae,72275.0,,,0.00025,,,2.417498628673903e-07,,,0.00026,,,0.000295,0.0005,6.190476190476191e-06,3.939393939393939e-06
Rhizopodaceae,1344955.0,,,0.00022,,,,,,,,,5e-06,,1.2857142857142857e-05,2.0303030303030303e-05
Bacillaceae,186817.0,,,0.0002,,,1.2087493143369515e-07,,,9e-05,,,,,0.00047714285714285713,2.575757575757576e-05
Chromatiaceae,1046.0,,,0.00014,,,,,,,,,1e-05,,2.3809523809523808e-06,1.5151515151515152e-06
Oceanospirillaceae,135620.0,,,9e-05,,,1.4504991772043418e-06,,,0.96294,,,0.00016,,1.4285714285714286e-06,2.4242424242424244e-06
Pasteurellaceae,712.0,,,7e-05,,,,,,4e-05,,,0.00014,,1.619047619047619e-05,2.7272727272727272e-06
Psychromonadaceae,267894.0,,,5e-05,,,,,,2e-05,,,2e-05,,4.761904761904762e-07,
Woeseiaceae,1738654.0,,,5e-05,,,,,,,,,8.5e-05,,,
Erwiniaceae,1903409.0,,,5e-05,,,,,,9e-05,,,5.5e-05,,1.0476190476190477e-05,5.757575757575758e-06
Saccharospirillaceae,255527.0,,,4e-05,,,,,,2e-05,,,,,9.523809523809523e-07,9.09090909090909e-07
Burkholderiaceae,119060.0,,,2e-05,,,1.2087493143369515e-07,,,0.00018,,,2e-05,,0.00012285714285714287,8.787878787878788e-06
Orbaceae,1240483.0,,,2e-05,,,,,,4e-05,,3.4482758620689656e-07,,,,
Cellvibrionaceae,1706371.0,,,2e-05,,,,,,6e-05,,,5e-06,,2.3809523809523808e-06,1.818181818181818e-06
Legionellaceae,444.0,,,1e-05,,,,,,5e-05,5e-05,,0.000175,,3.8095238095238094e-06,2.7272727272727272e-06
Rickettsiaceae,775.0,,,1e-05,,,1.2087493143369515e-07,,,,,,,1e-05,0.0005395238095238095,6.060606060606061e-07
Rhodospirillaceae,41295.0,,,1e-05,,,,,,,,,4e-05,,9.047619047619047e-06,3.939393939393939e-06
Rhizobiaceae,82115.0,,,1e-05,,,3.6262479430108544e-06,,,,,,,,0.00023666666666666665,5.4545454545454545e-06
Aeromonadaceae,84642.0,,,1e-05,,,1.2087493143369515e-06,,2.8627927831856727e-06,1e-05,,,1e-05,,1.2380952380952381e-05,0.0004493939393939394
Nitrospiraceae,189779.0,,,1e-05,,,1.2087493143369515e-07,,,,,,,,9.523809523809523e-07,3.0303030303030305e-07
Alcanivoracaceae,224372.0,,,1e-05,,,,,,1e-05,,,,,2.3809523809523808e-06,
Idiomarinaceae,267893.0,,,1e-05,,,,,,2e-05,,,2e-05,,1.5714285714285715e-05,
Celerinatantimonadaceae,412032.0,,,1e-05,,,,,,1e-05,,,5e-06,,4.761904761904762e-07,
Porticoccaceae,1706374.0,,,1e-05,,,,,,1e-05,,,,,9.523809523809523e-07,
Sterolibacteriaceae,2008793.0,,,1e-05,,,,,,,,,,,,
Endozoicomonadaceae,2066474.0,,,1e-05,,,1.2087493143369515e-07,,,0.00026,,,1e-05,,3.8095238095238094e-06,3.0303030303030305e-07
Ahrensiaceae,2829814.0,,,1e-05,,,,,,,,,,,,
Haloarculaceae,1963268.0,,,,0.00019,,,,,,,,,,4.7619047619047615e-06,
Clostridiaceae,31979.0,,,,1e-05,,,,,,,3.4482758620689656e-07,,,0.00014904761904761904,5.151515151515151e-06
Candidatus Anstonellaceae,2885742.0,,,,1e-05,,,,,,,,,,,
Methanocellaceae,570265.0,,,,,0.93067,,,,,,,,,,9.09090909090909e-07
Methanococcaceae,2183.0,,,,,0.00018,,,,,,,,,,
Spirochaetaceae,137.0,,,,,1e-05,,,,,,,,,1.4285714285714286e-06,1.2121212121212122e-06
Methanoregulaceae,1198451.0,,,,,1e-05,,,,,,,,,4.761904761904762e-07,
Phaeodactylaceae,38749.0,,,,,,0.6512870641824129,,,7e-05,,,,,1.9047619047619047e-06,1.2121212121212122e-06
Naviculaceae,67474.0,,,,,,0.003420156184916404,,,,,,,,1.4285714285714286e-06,1.5151515151515152e-06
Bacillariaceae,33852.0,,,,,,0.0022150331185224635,,2.1470945873892545e-06,,,,,,6.666666666666667e-06,7.878787878787878e-06
Chaetocerotaceae,49236.0,,,,,,0.0006133194020945692,,,,,,,,9.047619047619047e-06,4.242424242424242e-06
Thalassiosiraceae,29202.0,,,,,,0.00041290876577750263,,,,,,,,7.619047619047619e-06,1.393939393939394e-05
Peronosporaceae,4777.0,,,,,,4.48445995619009e-05,,7.156981957964182e-06,,,,,,9.380952380952381e-05,5.515151515151515e-05
Flavobacteriaceae,49546.0,,,,,,1.0516119034731478e-05,,,,0.84737,,,0.32775,0.00012,6.545454545454545e-05
Debaryomycetaceae,766764.0,,,,,,9.307369720394525e-06,,,,,,,,4.7619047619047615e-06,8.787878787878788e-06
Ectocarpaceae,2878.0,,,,,,9.18649478896083e-06,,1.4313963915928364e-06,,,,,,1.5238095238095238e-05,1.4848484848484848e-05
Saprolegniaceae,4764.0,,,,,,9.18649478896083e-06,,2.1470945873892545e-06,,,,,,6.476190476190476e-05,4.787878787878788e-05
Tribonemataceae,2979.0,,,,,,6.768996160286928e-06,,,,,,,,1.1904761904761905e-05,1e-05
Noelaerhabdaceae,418966.0,,,,,,6.527246297419538e-06,,,,,,,,1.6666666666666667e-05,1.1818181818181819e-05
Monodopsidaceae,425072.0,,,,,,5.439371914516281e-06,,7.156981957964182e-07,,,,,,1e-05,1.2424242424242424e-05
Geosiphonaceae,214505.0,,,,,,4.834997257347806e-06,,,,,,,,1.4285714285714286e-06,7.272727272727272e-06
Comamonadaceae,80864.0,,,,,,4.593247394480415e-06,,,5e-05,,,5e-06,,3.3333333333333333e-06,6.96969696969697e-06
Schizosaccharomycetaceae,4894.0,,,,,,3.98887273731194e-06,,7.156981957964182e-07,,,,,,6.666666666666667e-06,1.1515151515151515e-05
Paenibacillaceae,186822.0,,,,,,3.384498080143464e-06,,2.8627927831856727e-06,,,,,,8.523809523809524e-05,5.151515151515151e-06
Chrysochromulinaceae,1136790.0,,,,,,3.1427482172760738e-06,,,,,,,,1.2857142857142857e-05,9.090909090909091e-06
Tulasnellaceae,5237.0,,,,,,2.780123422974988e-06,,,,,,,,5.7142857142857145e-06,1.303030303030303e-05
Halteriidae,5972.0,,,,,,2.659248491541293e-06,,,,,,,,5.2380952380952384e-06,3.0303030303030305e-06
Glomeraceae,36751.0,,,,,,2.538373560107598e-06,,3.578490978982091e-06,1e-05,,,,,0.00015523809523809525,2.818181818181818e-05
Bathycoccaceae,1525212.0,,,,,,2.2966236972402076e-06,,,,,,,,0.00013142857142857143,1.5151515151515151e-05
Ilumatobacteraceae,2448023.0,,,,,,2.2966236972402076e-06,,,,,,,,4.761904761904762e-07,
Geminigeraceae,589343.0,,,,,,2.1757487658065125e-06,,,,,,,,2.1428571428571428e-05,2.121212121212121e-05
Kickxellaceae,4862.0,,,,,,2.0548738343728175e-06,,,,,,,,5.7142857142857145e-06,6.666666666666667e-06
Saccharomycetaceae,4893.0,,,,,,1.9339989029391224e-06,,,,,,,,1.0952380952380953e-05,2.7575757575757575e-05
Suessiaceae,89955.0,,,,,,1.8131239715054272e-06,,5.009887370574928e-06,,,,,,3.3333333333333333e-06,6.96969696969697e-06
Bifidobacteriaceae,31953.0,,,,,,1.692249040071732e-06,,,,,,,,7.619047619047619e-06,3.0303030303030305e-07
Sphingomonadaceae,41297.0,,,,,,1.692249040071732e-06,,,,,,,,2.8571428571428573e-06,5.4545454545454545e-06
Desulfobulbaceae,213121.0,,,,,,1.692249040071732e-06,,,,,,,1e-05,2.3809523809523808e-06,1.2121212121212122e-06
Cytophagaceae,89373.0,,,,,,1.5713741086380369e-06,,,,,,,,3.3333333333333333e-06,1.4848484848484848e-05
Selenastraceae,35466.0,,,,,,1.4504991772043418e-06,,,,,,,,7.095238095238095e-05,7.878787878787878e-06
Plasmodiophoridae,37358.0,,,,,,1.3296242457706466e-06,,7.156981957964182e-07,,,,,,8.571428571428571e-06,1.0909090909090909e-05
Streblomastigidae,222438.0,,,,,,1.3296242457706466e-06,,1.4313963915928364e-06,,,,,,1.4285714285714286e-06,6.363636363636363e-06
Marinobacteraceae,2887365.0,,,,,,1.2087493143369515e-06,,1.4313963915928364e-06,0.00029,,,8.5e-05,,6.666666666666667e-06,1.2121212121212122e-06
Roseobacteraceae,2854170.0,,,,,,1.0878743829032563e-06,,7.156981957964182e-07,,,,5e-06,,6.142857142857143e-05,9.696969696969698e-06
Scytonemataceae,1182.0,,,,,,9.669994514695612e-07,,,,,,,,8.142857142857143e-05,
Corynebacteriaceae,1653.0,,,,,,9.669994514695612e-07,,,,,,,,0.001097142857142857,3.0303030303030305e-07
Dunaliellaceae,3043.0,,,,,,9.669994514695612e-07,,,,,,,,4.2857142857142856e-05,4.242424242424242e-06
Vahlkampfiidae,5765.0,,,,,,9.669994514695612e-07,,2.1470945873892545e-06,,,,,,1.619047619047619e-05,1.7272727272727274e-05
Pavlovaceae,418969.0,,,,,,9.669994514695612e-07,,,,,,,,1.8095238095238094e-05,8.787878787878788e-06
Xanthomonadaceae,32033.0,,,,,,8.46124520035866e-07,,,,1e-05,,,,0.0004861904761904762,0.0006563636363636364
Symbiodiniaceae,252141.0,,,,,,8.46124520035866e-07,,4.294189174778509e-06,,1e-05,,,,3.380952380952381e-05,4.575757575757576e-05
Taphrinaceae,5009.0,,,,,,7.252495886021709e-07,,,,,,,,4.761904761904762e-07,2.121212121212121e-06
Babesiidae,32594.0,,,,,,7.252495886021709e-07,,3.578490978982091e-06,,,,,,4.2857142857142855e-06,4.242424242424242e-06
Ostreobiaceae,35434.0,,,,,,7.252495886021709e-07,,,,,,,,7.428571428571429e-05,6.363636363636363e-06
Chytriomycetaceae,1352827.0,,,,,,7.252495886021709e-07,,7.156981957964182e-07,,,,,,6.666666666666667e-06,2.3333333333333332e-05
Sporidiobolaceae,1799696.0,,,,,,7.252495886021709e-07,,1.4313963915928364e-06,,,,,,3.3333333333333333e-06,7.575757575757576e-06
Strophariaceae,40562.0,,,,,,6.043746571684758e-07,,7.156981957964182e-07,,,,,,9.523809523809523e-06,4.848484848484849e-06
Albuginaceae,65355.0,,,,,,6.043746571684758e-07,,,,,,,,1.1904761904761905e-05,1.3333333333333333e-05
Diversisporaceae,308925.0,,,,,,6.043746571684758e-07,,3.578490978982091e-06,,,,,,1.4285714285714286e-06,9.393939393939394e-06
Lindgomycetaceae,717954.0,,,,,,6.043746571684758e-07,,,,,,,,1.4285714285714286e-06,6.060606060606061e-07
Porosporidae,947094.0,,,,,,6.043746571684758e-07,,7.156981957964182e-07,,,,,,6.666666666666667e-06,5.4545454545454545e-06
Trebouxiaceae,2507902.0,,,,,,6.043746571684758e-07,,,,,,,,0.00010095238095238095,4.848484848484849e-06
Leptospiraceae,170.0,,,,,,4.834997257347806e-07,,7.156981957964182e-07,,1e-05,,,,3.3333333333333333e-06,3.3333333333333333e-06
Piptocephalidaceae,78903.0,,,,,,4.834997257347806e-07,,,,,,,,6.190476190476191e-06,1.4242424242424243e-05
Erythrobacteraceae,335929.0,,,,,,4.834997257347806e-07,,,,,,,,3.142857142857143e-05,3.0303030303030305e-07
Isochrysidaceae,418951.0,,,,,,4.834997257347806e-07,,,,,,,,,
Ceraceosoraceae,742847.0,,,,,,4.834997257347806e-07,,,,,,,,4.761904761904762e-07,1.2121212121212122e-06
Thalassospiraceae,2844866.0,,,,,,4.834997257347806e-07,,,,,,,,4.761904761904762e-07,3.0303030303030305e-07
Tricholomataceae,5351.0,,,,,,3.6262479430108546e-07,,7.156981957964182e-07,,,,,,1.4285714285714286e-06,2.7272727272727272e-06
Acanthamoebidae,33677.0,,,,,,3.6262479430108546e-07,,7.156981957964182e-07,,,,,,2.7142857142857144e-05,3.121212121212121e-05
Enterococcaceae,81852.0,,,,,,3.6262479430108546e-07,,,,,,,,0.0006904761904761905,0.00026454545454545453
Nocardiaceae,85025.0,,,,,,3.6262479430108546e-07,,,,,,,,5.190476190476191e-05,4.848484848484849e-06
Phaffomycetaceae,115784.0,,,,,,3.6262479430108546e-07,,,,,,,,3.3333333333333333e-06,7.878787878787878e-06
Opitutaceae,134623.0,,,,,,3.6262479430108546e-07,,,,,,,,9.523809523809523e-07,3.0303030303030305e-07
Geobacteraceae,213422.0,,,,,,3.6262479430108546e-07,,,,,,,,1.4285714285714286e-06,9.09090909090909e-07
Synergistaceae,649777.0,,,,,,3.6262479430108546e-07,,,,,,,,,6.060606060606061e-07
Leptolyngbyaceae,1890438.0,,,,,,3.6262479430108546e-07,,,,,,,1e-05,3.095238095238095e-05,1.5151515151515152e-06
Tichowtungiaceae,2907186.0,,,,,,3.6262479430108546e-07,,,,,,,,,
Chlamydomonadaceae,3051.0,,,,,,2.417498628673903e-07,,,,,,,,0.0001376190476190476,1.393939393939394e-05
Russulaceae,5401.0,,,,,,2.417498628673903e-07,,7.156981957964182e-07,,,,,,1.9047619047619047e-06,0.0003978787878787879
Pleosporaceae,28556.0,,,,,,2.417498628673903e-07,,,,,,,,2.904761904761905e-05,9.09090909090909e-07
Clavicipitaceae,34397.0,,,,,,2.417498628673903e-07,,,,,,,,6.666666666666667e-06,3.484848484848485e-05
Pneumocystidaceae,44281.0,,,,,,2.417498628673903e-07,,2.1470945873892545e-06,,,,,,1.0476190476190477e-05,1.8484848484848484e-05
Sphingobacteriaceae,84566.0,,,,,,2.417498628673903e-07,,,,1e-05,,,1e-05,0.002684285714285714,1.2424242424242424e-05
Wallemiaceae,431959.0,,,,,,2.417498628673903e-07,,,1e-05,,,,,3.3333333333333333e-06,3.636363636363636e-06
Cavosteliaceae,435412.0,,,,,,2.417498628673903e-07,,1.4313963915928364e-06,,,,,,2e-05,2.6969696969696968e-05
Sutterellaceae,995019.0,,,,,,2.417498628673903e-07,,,4e-05,,,0.000105,,4.761904761904762e-07,
Umbelopsidaceae,1403793.0,,,,,,2.417498628673903e-07,,,,,,,,6.190476190476191e-06,1.8484848484848484e-05
Dacryobolaceae,2028214.0,,,,,,2.417498628673903e-07,,,,,,,,9.523809523809523e-07,2.121212121212121e-06
Devosiaceae,2831106.0,,,,,,2.417498628673903e-07,,7.156981957964182e-07,,,,,,1.4285714285714286e-06,3.636363636363636e-06
Halobacteriaceae,2236.0,,,,,,1.2087493143369515e-07,4e-05,,,,3.4482758620689656e-07,,,3.3333333333333333e-06,
Porphyridiaceae,2799.0,,,,,,1.2087493143369515e-07,,7.156981957964182e-07,,,,,,3.380952380952381e-05,8.787878787878788e-06
Scenedesmaceae,3086.0,,,,,,1.2087493143369515e-07,,,,,,,,9.095238095238095e-05,1.1212121212121212e-05
Endogonaceae,4870.0,,,,,,1.2087493143369515e-07,,,,,,,,7.619047619047619e-06,1e-05
Ascosphaeraceae,5103.0,,,,,,1.2087493143369515e-07,,,,,,,,9.523809523809523e-07,1.5151515151515152e-06
Pezizaceae,5186.0,,,,,,1.2087493143369515e-07,,,,,,,,3.3333333333333333e-06,2.4242424242424244e-06
Dacrymycetaceae,5254.0,,,,,,1.2087493143369515e-07,,3.578490978982091e-06,,,,,,1.4285714285714286e-06,4.242424242424242e-06
Melampsoraceae,5259.0,,,,,,1.2087493143369515e-07,,,,,,,,9.523809523809523e-07,1.818181818181818e-06
Ustilaginaceae,5268.0,,,,,,1.2087493143369515e-07,,,,,,,,4.2857142857142855e-06,3.090909090909091e-05
Micromonosporaceae,28056.0,,,,,,1.2087493143369515e-07,,,,,,,,3.9523809523809526e-05,3.636363636363636e-06
Bangiaceae,31345.0,,,,,,1.2087493143369515e-07,,,,,,,,1.2857142857142857e-05,4.848484848484849e-06
Rhodobacteraceae,31989.0,,,,,,1.2087493143369515e-07,,,,,,1.5e-05,9e-05,4.6190476190476194e-05,0.00012484848484848484
Thraustochytriaceae,33674.0,,,,,,1.2087493143369515e-07,,,,,,,,9.523809523809523e-06,1.2424242424242424e-05
Dipodascaceae,34353.0,,,,,,1.2087493143369515e-07,,,,,,,,1.2380952380952381e-05,1.0606060606060606e-05
Spizellomycetaceae,34479.0,,,,,,1.2087493143369515e-07,,,,,,,,4.7619047619047615e-06,1.0303030303030302e-05
Pluteaceae,36657.0,,,,,,1.2087493143369515e-07,,,,,,,,4.761904761904762e-07,1.2121212121212122e-06
Auriscalpiaceae,40417.0,,,,,,1.2087493143369515e-07,,,,,,,,9.523809523809523e-07,1.818181818181818e-06
Hymenochaetaceae,40424.0,,,,,,1.2087493143369515e-07,,,,,,,,7.619047619047619e-06,8.181818181818181e-06
Pycnococcaceae,41878.0,,,,,,1.2087493143369515e-07,,,,,,,,8.285714285714286e-05,4.5454545454545455e-06
Amanitaceae,41954.0,,,,,,1.2087493143369515e-07,,,,,,,,3.3333333333333333e-06,3.3333333333333333e-06
Cantharellaceae,57201.0,,,,,,1.2087493143369515e-07,,,,,,,,4.761904761904762e-07,
Sphaerozoidae,65588.0,,,,,,1.2087493143369515e-07,,,,,,,,,
Gordoniaceae,85026.0,,,,,,1.2087493143369515e-07,,,,,,,,4.761904761904762e-07,3.0303030303030305e-07
Mycosphaerellaceae,93133.0,,,,,,1.2087493143369515e-07,,,,,,,,3.3333333333333333e-06,3.939393939393939e-06
Catenariaceae,109872.0,,,,,,1.2087493143369515e-07,,,,,,,,3.3333333333333333e-06,8.787878787878788e-06
Gonapodyaceae,109943.0,,,,,,1.2087493143369515e-07,,,,,,,,7.142857142857143e-06,1.696969696969697e-05
Nectriaceae,110618.0,,,,,,1.2087493143369515e-07,,,,,,,,2.4285714285714285e-05,9.393939393939394e-06
Deinococcaceae,183710.0,,,,,,1.2087493143369515e-07,,,,,,,,5.7142857142857145e-06,1.5151515151515152e-06
Bdellovibrionaceae,213483.0,,,,,,1.2087493143369515e-07,,,,,,,,1.4285714285714286e-06,
Pisolithaceae,227329.0,,,,,,1.2087493143369515e-07,,,,,,,,4.761904761904762e-07,1.818181818181818e-06
Suillaceae,227336.0,,,,,,1.2087493143369515e-07,,,,,,,,9.523809523809523e-07,2.4242424242424244e-06
Serpulaceae,389951.0,,,,,,1.2087493143369515e-07,,,,,,,,9.523809523809523e-07,9.09090909090909e-07
Lichtheimiaceae,499202.0,,,,,,1.2087493143369515e-07,,,,,,,,6.190476190476191e-06,1.2424242424242424e-05
Desulfurobacteriaceae,558314.0,,,,,,1.2087493143369515e-07,,,,,,,,,
Hemiselmidaceae,589351.0,,,,,,1.2087493143369515e-07,,,,,,,,,
Malasseziaceae,742845.0,,,,,,1.2087493143369515e-07,,,,,,,,5.7142857142857145e-06,1.3333333333333333e-05
Euzebyaceae,908622.0,,,,,,1.2087493143369515e-07,,,,,,,,,
Lyophyllaceae,930979.0,,,,,,1.2087493143369515e-07,,,,,,,,1.9047619047619047e-06,1.818181818181818e-06
Pinguiochrysidaceae,1004268.0,,,,,,1.2087493143369515e-07,,,,,,,,,
Ichthyobodonidae,1027875.0,,,,,,1.2087493143369515e-07,,,,,,,,1.9047619047619047e-06,1.2121212121212122e-06
Plectosphaerellaceae,1033978.0,,,,,,1.2087493143369515e-07,,,,,,,,1.9047619047619047e-06,6.060606060606061e-07
Chilodonellidae,1170554.0,,,,,,1.2087493143369515e-07,,,,,,,,,
Chromobacteriaceae,1499392.0,,,,,,1.2087493143369515e-07,,,,,,,,1.9047619047619047e-06,
Chitinivibrionaceae,1505234.0,,,,,,1.2087493143369515e-07,,,,,,,,,
Rubritaleaceae,1648490.0,,,,,,1.2087493143369515e-07,,,,,,,,9.523809523809523e-07,
Stachybotryaceae,1667166.0,,,,,,1.2087493143369515e-07,,,,,,,,,1.818181818181818e-06
Trichosporonaceae,1759442.0,,,,,,1.2087493143369515e-07,,,,,,,,9.047619047619047e-06,2.7272727272727272e-06
Mrakiaceae,1851551.0,,,,,,1.2087493143369515e-07,,,,,,,,2.3809523809523808e-06,3.636363636363636e-06
Cryptococcaceae,1884633.0,,,,,,1.2087493143369515e-07,,,,,,,,2.3809523809523808e-06,3.939393939393939e-06
Synechococcaceae,1890426.0,,,,,,1.2087493143369515e-07,,,,,,,,0.00016333333333333334,9.09090909090909e-07
Maricaulaceae,2800061.0,,,,,,1.2087493143369515e-07,,,,,,,,1.9047619047619046e-05,3.121212121212121e-05
Rhodovibrionaceae,2844403.0,,,,,,1.2087493143369515e-07,,,,,,,,,9.09090909090909e-07
Syntrophaceae,213468.0,,,,,,,4e-05,,,,,,,4.761904761904762e-07,
Lacipirellulaceae,2691359.0,,,,,,,1.5e-05,,,,,,,1.9047619047619047e-06,6.060606060606061e-07
Syntrophorhabdaceae,513556.0,,,,,,,5e-06,,,,,,,,
Vitrellaceae,2605696.0,,,,,,,,1.145117113274269e-05,,,,,,9.523809523809523e-06,6.96969696969697e-06
Mycoplasmataceae,2092.0,,,,,,,,7.156981957964182e-06,,,,,,4.904761904761905e-05,
Sphaerobolaceae,68784.0,,,,,,,,4.294189174778509e-06,,,,,,2.3809523809523808e-06,9.09090909090909e-07
Parameciidae,340080.0,,,,,,,,3.578490978982091e-06,,,,,,5.2380952380952384e-06,4.5454545454545455e-06
Morchellaceae,5192.0,,,,,,,,2.1470945873892545e-06,,,,,,1.9047619047619047e-06,1.2121212121212122e-06
Hericiaceae,40458.0,,,,,,,,2.1470945873892545e-06,,,,,,2.3809523809523808e-06,3.0303030303030305e-07
Pfiesteriaceae,403651.0,,,,,,,,2.1470945873892545e-06,,,,,,,
Ophiocordycipitaceae,474942.0,,,,,,,,2.1470945873892545e-06,,,,,,4.2857142857142855e-06,1.303030303030303e-05
Lipomycetaceae,29827.0,,,,,,,,1.4313963915928364e-06,,,,,,4.761904761904762e-07,1.818181818181818e-06
Erysiphaceae,34371.0,,,,,,,,1.4313963915928364e-06,,,,,,0.0002819047619047619,3.818181818181818e-05
Pseudocohnilembidae,35102.0,,,,,,,,1.4313963915928364e-06,,,,,,5.2380952380952384e-06,4.5454545454545455e-06
Psathyrellaceae,184208.0,,,,,,,,1.4313963915928364e-06,,,,,,9.523809523809523e-07,2.7272727272727272e-06
Corynesporascaceae,281124.0,,,,,,,,1.4313963915928364e-06,,,,,,,3.939393939393939e-06
Volvocaceae,3065.0,,,,,,,,7.156981957964182e-07,,,,,,8.476190476190476e-05,1.5454545454545454e-05
Unikaryonidae,36734.0,,,,,,,,7.156981957964182e-07,,,,,,4.761904761904762e-07,6.060606060606061e-07
Syncephalastraceae,37566.0,,,,,,,,7.156981957964182e-07,,,,,,3.8095238095238094e-06,5.4545454545454545e-06
Amoebophryaceae,88548.0,,,,,,,,7.156981957964182e-07,,,,,,6.190476190476191e-06,1.2424242424242424e-05
Ajellomycetaceae,299071.0,,,,,,,,7.156981957964182e-07,,,,,,1.4285714285714286e-06,1.818181818181818e-06
Phanerochaetaceae,396331.0,,,,,,,,7.156981957964182e-07,,,,,,5.2380952380952384e-06,2.7272727272727272e-06
Sorogenidae,459516.0,,,,,,,,7.156981957964182e-07,,,,,,,
Leucocytozoidae,1639122.0,,,,,,,,7.156981957964182e-07,,,,,,,
Rhodanobacteraceae,1775411.0,,,,,,,,7.156981957964182e-07,,,,,,1.9047619047619047e-06,2.121212121212121e-06
Methylophilaceae,32011.0,,,,,,,,,0.00013,,,,,1.9047619047619047e-06,1.2121212121212122e-06
Halieaceae,1706372.0,,,,,,,,,0.00013,,,,,,
Pirellulaceae,2691357.0,,,,,,,,,6e-05,,,,,0.00030476190476190474,
Methylococcaceae,403.0,,,,,,,,,2e-05,,,0.000155,,2.8571428571428573e-06,3.0303030303030305e-07
Coxiellaceae,118968.0,,,,,,,,,2e-05,,,,,1.4285714285714286e-06,
Oleiphilaceae,191033.0,,,,,,,,,2e-05,,,,,,3.0303030303030305e-07
Lactobacillaceae,33958.0,,,,,,,,,1e-05,,,,,0.00012523809523809525,6.96969696969697e-06
Ectothiorhodospiraceae,72276.0,,,,,,,,,1e-05,,,,,2.3809523809523808e-06,
Oxalobacteraceae,75682.0,,,,,,,,,1e-05,,,5e-06,,1.4285714285714285e-05,0.00029515151515151515
Gallionellaceae,90627.0,,,,,,,,,1e-05,,,,,,
Thiotrichaceae,135617.0,,,,,,,,,1e-05,,3.4482758620689656e-07,5e-06,,9.523809523809523e-07,6.060606060606061e-07
Lachnospiraceae,186803.0,,,,,,,,,1e-05,,3.4482758620689656e-07,,,8.095238095238095e-06,3.3333333333333333e-06
Chrysiogenaceae,189770.0,,,,,,,,,1e-05,,,,,,
Ferrimonadaceae,267892.0,,,,,,,,,1e-05,,,,,0.0001304761904761905,1.2121212121212122e-06
Xanthobacteraceae,335928.0,,,,,,,,,1e-05,,,,,9.523809523809523e-07,
Fastidiosibacteraceae,2056687.0,,,,,,,,,1e-05,,,,,4.761904761904762e-07,
Azospirillaceae,2829815.0,,,,,,,,,1e-05,,,,,3.3333333333333333e-06,6.060606060606061e-07
Bacteroidaceae,815.0,,,,,,,,,,4e-05,,,,1.2857142857142857e-05,3.0303030303030305e-06
Fulvivirgaceae,2762286.0,,,,,,,,,,2e-05,,,,2.3809523809523808e-06,
Cryomorphaceae,246874.0,,,,,,,,,,1e-05,,,,4.761904761904762e-07,
Crocinitomicaceae,1853230.0,,,,,,,,,,1e-05,,,,9.523809523809523e-07,9.09090909090909e-07
Lewinellaceae,1937960.0,,,,,,,,,,1e-05,,,,,9.09090909090909e-07
Weeksellaceae,2762318.0,,,,,,,,,,1e-05,3.4482758620689656e-07,,3e-05,9.047619047619047e-06,6.060606060606061e-07
Methanothermaceae,2178.0,,,,,,,,,,,6.896551724137931e-07,,,,
Ferroplasmaceae,90142.0,,,,,,,,,,,6.896551724137931e-07,,,,
Propionibacteriaceae,31957.0,,,,,,,,,,,3.4482758620689656e-07,,,,0.0016042424242424243
Thermoplasmataceae,46659.0,,,,,,,,,,,3.4482758620689656e-07,,,,
Succinivibrionaceae,83763.0,,,,,,,,,,,3.4482758620689656e-07,,,,
Staphylococcaceae,90964.0,,,,,,,,,,,3.4482758620689656e-07,,,0.0018714285714285714,0.00035515151515151514
Erysipelotrichaceae,128827.0,,,,,,,,,,,3.4482758620689656e-07,,,4.380952380952381e-05,1.2121212121212122e-06
Acidobacteriaceae,204434.0,,,,,,,,,,,3.4482758620689656e-07,,,9.523809523809523e-07,3.0303030303030305e-06
Nitrosopumilaceae,338190.0,,,,,,,,,,,3.4482758620689656e-07,,,,
Limnochordaceae,1676650.0,,,,,,,,,,,3.4482758620689656e-07,,,,
Mycobacteriaceae,1762.0,,,,,,,,,,,,3e-05,,3.476190476190476e-05,3.0303030303030305e-06
Heliobacteriaceae,31984.0,,,,,,,,,,,,1e-05,,9.523809523809523e-07,
Coleofasciculaceae,1892251.0,,,,,,,,,,,,1e-05,,2.8095238095238096e-05,
Neisseriaceae,481.0,,,,,,,,,,,,5e-06,,4.2857142857142855e-06,4.848484848484849e-06
Piscirickettsiaceae,135616.0,,,,,,,,,,,,5e-06,,9.523809523809523e-07,0.00011545454545454546
Astraeaceae,150780.0,,,,,,,,,,,,5e-06,,,1.2121212121212122e-06
Prevotellaceae,171552.0,,,,,,,,,,,,5e-06,1e-05,4.2857142857142855e-06,2.121212121212121e-06
Desulfuromonadaceae,213421.0,,,,,,,,,,,,5e-06,,9.523809523809523e-07,3.0303030303030305e-07
Halobacteriovoraceae,1652132.0,,,,,,,,,,,,5e-06,,4.761904761904762e-07,
Boseaceae,2831100.0,,,,,,,,,,,,5e-06,,1.4285714285714286e-06,
Chlamydiaceae,809.0,,,,,,,,,,,,,4e-05,1.4761904761904761e-05,6.0606060606060605e-05
Chitinophagaceae,563835.0,,,,,,,,,,,,,1e-05,2.857142857142857e-05,1.2727272727272727e-05
Acaryochloridaceae,1890429.0,,,,,,,,,,,,,1e-05,1.9047619047619047e-06,1.5151515151515152e-06
Tannerellaceae,2005525.0,,,,,,,,,,,,,1e-05,9.523809523809523e-07,3.0303030303030305e-07
Geodermatophilaceae,85030.0,,,,,,,,,,,,,,0.00399952380952381,3.0303030303030305e-07
Frankiaceae,74712.0,,,,,,,,,,,,,,0.003299047619047619,1.5151515151515152e-06
Marinilabiliaceae,558415.0,,,,,,,,,,,,,,0.0015557142857142857,
Solirubrobacteraceae,320599.0,,,,,,,,,,,,,,0.001381904761904762,3.0303030303030305e-07
Micrococcaceae,1268.0,,,,,,,,,,,,,,0.0013790476190476192,2.121212121212121e-06
Marinifilaceae,1573805.0,,,,,,,,,,,,,,0.0006504761904761905,
Thermomonosporaceae,2012.0,,,,,,,,,,,,,,0.0005380952380952381,1.2121212121212122e-06
Phyllobacteriaceae,69277.0,,,,,,,,,,,,,,0.0004538095238095238,2.4242424242424244e-06
Spirosomaceae,2896860.0,,,,,,,,,,,,,,0.00038952380952380955,2.121212121212121e-06
Geminicoccaceae,2066434.0,,,,,,,,,,,,,,0.0003119047619047619,
Chordaceae,3024.0,,,,,,,,,,,,,,0.0001795238095238095,
Bradyrhizobiaceae,41294.0,,,,,,,,,,,,,,0.00016857142857142857,3.636363636363636e-06
Ulvaceae,3114.0,,,,,,,,,,,,,,0.00016523809523809525,
Mamiellaceae,41873.0,,,,,,,,,,,,,,0.00014047619047619049,1.6666666666666667e-05
Tissierellaceae,1737406.0,,,,,,,,,,,,,,0.00013523809523809525,1.0303030303030302e-05
Hymenobacteraceae,1853232.0,,,,,,,,,,,,,,0.0001219047619047619,3.3333333333333333e-06
Nocardioidaceae,85015.0,,,,,,,,,,,,,,0.00011428571428571428,5.212121212121212e-05
Steroidobacteraceae,2689614.0,,,,,,,,,,,,,,0.00010761904761904762,
Myxococcaceae,31.0,,,,,,,,,,,,,,0.00010476190476190476,2.121212121212121e-06
Desulfovibrionaceae,194924.0,,,,,,,,,,,,,,9e-05,9.303030303030303e-05
Microcoleaceae,1892252.0,,,,,,,,,,,,,,8.19047619047619e-05,1.818181818181818e-06
Valsaceae,5117.0,,,,,,,,,,,,,,5.095238095238095e-05,9.09090909090909e-07
Pectobacteriaceae,1903410.0,,,,,,,,,,,,,,5.095238095238095e-05,3.636363636363636e-06
Acidaminococcaceae,909930.0,,,,,,,,,,,,,,4.2857142857142856e-05,
Coprobacillaceae,2810280.0,,,,,,,,,,,,,,4.0476190476190474e-05,3.0303030303030305e-07
Nitrosomonadaceae,206379.0,,,,,,,,,,,,,,3.476190476190476e-05,9.09090909090909e-07
Microcystaceae,1890449.0,,,,,,,,,,,,,,2.904761904761905e-05,
Caulerpaceae,35432.0,,,,,,,,,,,,,,2.761904761904762e-05,
Dixoniellaceae,1292368.0,,,,,,,,,,,,,,2.5238095238095237e-05,
Kribbellaceae,2726069.0,,,,,,,,,,,,,,2.0952380952380954e-05,
Haematococcaceae,35484.0,,,,,,,,,,,,,,2.0476190476190476e-05,4.242424242424242e-06
Botryosphaeriaceae,45131.0,,,,,,,,,,,,,,1.8571428571428572e-05,6.060606060606061e-07
Dictyosteliaceae,2058185.0,,,,,,,,,,,,,,1.8095238095238094e-05,1.7878787878787877e-05
Astrephomenaceae,48501.0,,,,,,,,,,,,,,1.761904761904762e-05,3.939393939393939e-06
Listeriaceae,186820.0,,,,,,,,,,,,,,1.7142857142857142e-05,6.939393939393939e-05
Synchytriaceae,286113.0,,,,,,,,,,,,,,1.7142857142857142e-05,2.818181818181818e-05
Hapalosiphonaceae,1892263.0,,,,,,,,,,,,,,1.7142857142857142e-05,1.5151515151515152e-06
Bondarzewiaceae,40420.0,,,,,,,,,,,,,,1.6666666666666667e-05,1.2121212121212122e-06
Apusomonadidae,172820.0,,,,,,,,,,,,,,1.6666666666666667e-05,1.8181818181818182e-05
Picocystaceae,2682562.0,,,,,,,,,,,,,,1.5238095238095238e-05,
Acytosteliaceae,2058183.0,,,,,,,,,,,,,,1.380952380952381e-05,1.878787878787879e-05
Tilletiaceae,5279.0,,,,,,,,,,,,,,1.3333333333333333e-05,6.96969696969697e-06
Thermogemmatisporaceae,768668.0,,,,,,,,,,,,,,1.2857142857142857e-05,
Gigartinaceae,29217.0,,,,,,,,,,,,,,1.1428571428571429e-05,9.090909090909091e-06
Prolixibacteraceae,1471398.0,,,,,,,,,,,,,,1.1428571428571429e-05,1.818181818181818e-06
Nostocaceae,1162.0,,,,,,,,,,,,,,1.0952380952380953e-05,1.5151515151515152e-06
Gracilariaceae,31469.0,,,,,,,,,,,,,,1.0952380952380953e-05,3.0303030303030305e-06
Coriobacteriaceae,84107.0,,,,,,,,,,,,,,1.0952380952380953e-05,
Microsporaceae,163315.0,,,,,,,,,,,,,,1e-05,
Marasmiaceae,654128.0,,,,,,,,,,,,,,9.523809523809523e-06,1.2121212121212122e-06
Bodonidae,5708.0,,,,,,,,,,,,,,9.047619047619047e-06,5.151515151515151e-06
Powellomycetaceae,1134080.0,,,,,,,,,,,,,,9.047619047619047e-06,1.2424242424242424e-05
Olpidiaceae,70187.0,,,,,,,,,,,,,,8.571428571428571e-06,5.151515151515151e-06
Porphyromonadaceae,171551.0,,,,,,,,,,,,,,8.571428571428571e-06,1.2121212121212122e-06
Teratosphaeriaceae,668547.0,,,,,,,,,,,,,,8.571428571428571e-06,6.96969696969697e-06
Prochlorotrichaceae,2303730.0,,,,,,,,,,,,,,8.571428571428571e-06,
Cunninghamellaceae,4851.0,,,,,,,,,,,,,,8.095238095238095e-06,1.0303030303030302e-05
Agaricaceae,5339.0,,,,,,,,,,,,,,7.619047619047619e-06,3.3333333333333333e-06
Cavenderiaceae,2058184.0,,,,,,,,,,,,,,7.619047619047619e-06,7.878787878787878e-06
Polyporaceae,5317.0,,,,,,,,,,,,,,6.666666666666667e-06,7.575757575757576e-06
Reticulomyxidae,188961.0,,,,,,,,,,,,,,6.666666666666667e-06,6.363636363636363e-06
Claroideoglomeraceae,1129546.0,,,,,,,,,,,,,,6.666666666666667e-06,3.636363636363636e-06
Serendipitaceae,1506295.0,,,,,,,,,,,,,,6.666666666666667e-06,3.939393939393939e-06
Muribaculaceae,2005473.0,,,,,,,,,,,,,,6.666666666666667e-06,
Raperosteliaceae,2058186.0,,,,,,,,,,,,,,6.666666666666667e-06,1e-05
Ambisporaceae,453565.0,,,,,,,,,,,,,,6.190476190476191e-06,1.0606060606060606e-05
Barnesiellaceae,2005519.0,,,,,,,,,,,,,,6.190476190476191e-06,
Sigmoideomycetaceae,78905.0,,,,,,,,,,,,,,5.7142857142857145e-06,1e-05
Treponemataceae,2845253.0,,,,,,,,,,,,,,5.7142857142857145e-06,6.060606060606061e-07
Blastocladiaceae,4806.0,,,,,,,,,,,,,,5.2380952380952384e-06,1.7272727272727274e-05
Microbotryaceae,55071.0,,,,,,,,,,,,,,5.2380952380952384e-06,2.4242424242424244e-06
Paraglomeraceae,144536.0,,,,,,,,,,,,,,5.2380952380952384e-06,1.5151515151515151e-05
Monomastigaceae,1525215.0,,,,,,,,,,,,,,5.2380952380952384e-06,6.060606060606061e-07
Planctomycetaceae,126.0,,,,,,,,,,,,,,4.7619047619047615e-06,9.09090909090909e-07
Intrasporangiaceae,85021.0,,,,,,,,,,,,,,4.7619047619047615e-06,
Peptostreptococcaceae,186804.0,,,,,,,,,,,,,,4.7619047619047615e-06,7.878787878787878e-06
Oscillatoriaceae,1892254.0,,,,,,,,,,,,,,4.7619047619047615e-06,3.0303030303030305e-07
Nephroselmidaceae,2682465.0,,,,,,,,,,,,,,4.7619047619047615e-06,6.060606060606061e-07
Alcaligenaceae,506.0,,,,,,,,,,,,,,4.2857142857142855e-06,2.4242424242424244e-06
Spiroplasmataceae,2131.0,,,,,,,,,,,,,,4.2857142857142855e-06,
Cyclobacteriaceae,563798.0,,,,,,,,,,,,,,4.2857142857142855e-06,2.7272727272727272e-06
Physalacriaceae,862241.0,,,,,,,,,,,,,,4.2857142857142855e-06,3.3333333333333333e-06
Prochlorococcaceae,2881426.0,,,,,,,,,,,,,,4.2857142857142855e-06,
Ophiostomataceae,5152.0,,,,,,,,,,,,,,3.8095238095238094e-06,5.151515151515151e-06
Caulobacteraceae,76892.0,,,,,,,,,,,,,,3.8095238095238094e-06,1.5151515151515152e-06
Dimargaritaceae,78919.0,,,,,,,,,,,,,,3.8095238095238094e-06,7.575757575757576e-06
Cafeteriaceae,238884.0,,,,,,,,,,,,,,3.8095238095238094e-06,5.151515151515151e-06
Halimedaceae,379500.0,,,,,,,,,,,,,,3.8095238095238094e-06,
Pleomorphomonadaceae,2843308.0,,,,,,,,,,,,,,3.8095238095238094e-06,
Boletaceae,5368.0,,,,,,,,,,,,,,3.3333333333333333e-06,4.242424242424242e-06
Filobasidiaceae,5408.0,,,,,,,,,,,,,,3.3333333333333333e-06,4.848484848484849e-06
Entomophthoraceae,34481.0,,,,,,,,,,,,,,3.3333333333333333e-06,7.575757575757576e-06
Campylobacteraceae,72294.0,,,,,,,,,,,,,,3.3333333333333333e-06,1.818181818181818e-06
Anaerolineaceae,292628.0,,,,,,,,,,,,,,3.3333333333333333e-06,3.0303030303030305e-07
Nitrospinaceae,407032.0,,,,,,,,,,,,,,3.3333333333333333e-06,
Glomerellaceae,681950.0,,,,,,,,,,,,,,3.3333333333333333e-06,5.757575757575758e-06
Caulochytriaceae,1555239.0,,,,,,,,,,,,,,3.3333333333333333e-06,7.272727272727272e-06
Aphanothecaceae,1890450.0,,,,,,,,,,,,,,3.3333333333333333e-06,1.2121212121212122e-06
Mycenaceae,2024004.0,,,,,,,,,,,,,,3.3333333333333333e-06,2.7272727272727272e-06
Stappiaceae,2821832.0,,,,,,,,,,,,,,3.3333333333333333e-06,1.2121212121212122e-06
Pseudonocardiaceae,2070.0,,,,,,,,,,,,,,2.8571428571428573e-06,4.787878787878788e-05
Pucciniaceae,5262.0,,,,,,,,,,,,,,2.8571428571428573e-06,4.9696969696969694e-05
Xylariaceae,37990.0,,,,,,,,,,,,,,2.8571428571428573e-06,2.7272727272727272e-06
Sphaerobacteraceae,85002.0,,,,,,,,,,,,,,2.8571428571428573e-06,
Kofleriaceae,224464.0,,,,,,,,,,,,,,2.8571428571428573e-06,
Dientamoebidae,740973.0,,,,,,,,,,,,,,2.8571428571428573e-06,1.2121212121212122e-06
Tritrichomonadidae,740983.0,,,,,,,,,,,,,,2.8571428571428573e-06,4.242424242424242e-06
Diaporthaceae,767018.0,,,,,,,,,,,,,,2.8571428571428573e-06,6.060606060606061e-07
Cyphellophoraceae,1341112.0,,,,,,,,,,,,,,2.8571428571428573e-06,
Phycomycetaceae,1344966.0,,,,,,,,,,,,,,2.8571428571428573e-06,6.060606060606061e-06
Pseudanabaenaceae,1890436.0,,,,,,,,,,,,,,2.8571428571428573e-06,2.121212121212121e-06
Prasinococcaceae,2201465.0,,,,,,,,,,,,,,2.8571428571428573e-06,3.0303030303030305e-07
Calotrichaceae,2661849.0,,,,,,,,,,,,,,2.8571428571428573e-06,3.0303030303030305e-07
Archangiaceae,39.0,,,,,,,,,,,,,,2.3809523809523808e-06,2.121212121212121e-06
Dictyotaceae,2874.0,,,,,,,,,,,,,,2.3809523809523808e-06,
Hypocreaceae,5129.0,,,,,,,,,,,,,,2.3809523809523808e-06,3.939393939393939e-06
Helotiaceae,5181.0,,,,,,,,,,,,,,2.3809523809523808e-06,2.121212121212121e-06
Trichocomaceae,28568.0,,,,,,,,,,,,,,2.3809523809523808e-06,3.3333333333333333e-06
Neolectaceae,29824.0,,,,,,,,,,,,,,2.3809523809523808e-06,4.848484848484849e-06
Entamoebidae,33084.0,,,,,,,,,,,,,,2.3809523809523808e-06,9.09090909090909e-07
Saccharomycodaceae,34365.0,,,,,,,,,,,,,,2.3809523809523808e-06,2.121212121212121e-06
Geoglossaceae,34368.0,,,,,,,,,,,,,,2.3809523809523808e-06,3.0303030303030305e-07
Ancylistaceae,34486.0,,,,,,,,,,,,,,2.3809523809523808e-06,9.393939393939394e-06
Sparassidaceae,40465.0,,,,,,,,,,,,,,2.3809523809523808e-06,3.0303030303030305e-07
Ascodesmidaceae,47181.0,,,,,,,,,,,,,,2.3809523809523808e-06,1.818181818181818e-06
Steccherinaceae,81059.0,,,,,,,,,,,,,,2.3809523809523808e-06,9.09090909090909e-07
Aerococcaceae,186827.0,,,,,,,,,,,,,,2.3809523809523808e-06,6.060606060606061e-07
Verrucomicrobiaceae,203557.0,,,,,,,,,,,,,,2.3809523809523808e-06,1.2121212121212122e-06
Polymastigidae,302780.0,,,,,,,,,,,,,,2.3809523809523808e-06,2.7272727272727272e-06
Acidiferrobacteraceae,1692041.0,,,,,,,,,,,,,,2.3809523809523808e-06,
Aphanizomenonaceae,1892259.0,,,,,,,,,,,,,,2.3809523809523808e-06,2.121212121212121e-06
Lachnaceae,2589077.0,,,,,,,,,,,,,,2.3809523809523808e-06,2.7272727272727272e-06
Stygiellidae,2683625.0,,,,,,,,,,,,,,2.3809523809523808e-06,5.151515151515151e-06
Hexamitidae,5739.0,,,,,,,,,,,,,,1.9047619047619047e-06,2.121212121212121e-06
Hoehnelomycetaceae,34421.0,,,,,,,,,,,,,,1.9047619047619047e-06,5.151515151515151e-06
Cortinariaceae,34450.0,,,,,,,,,,,,,,1.9047619047619047e-06,3.0303030303030305e-07
Trentepohliaceae,35445.0,,,,,,,,,,,,,,1.9047619047619047e-06,
Myxotrichaceae,37240.0,,,,,,,,,,,,,,1.9047619047619047e-06,6.060606060606061e-07
Tuberaceae,40289.0,,,,,,,,,,,,,,1.9047619047619047e-06,3.0303030303030305e-06
Herpotrichiellaceae,43219.0,,,,,,,,,,,,,,1.9047619047619047e-06,3.939393939393939e-06
Meruliaceae,81064.0,,,,,,,,,,,,,,1.9047619047619047e-06,9.09090909090909e-07
Gomphonemataceae,97225.0,,,,,,,,,,,,,,1.9047619047619047e-06,
Brucellaceae,118882.0,,,,,,,,,,,,,,1.9047619047619047e-06,
Eubacteriaceae,186806.0,,,,,,,,,,,,,,1.9047619047619047e-06,3.0303030303030305e-07
Acidithiobacillaceae,225058.0,,,,,,,,,,,,,,1.9047619047619047e-06,
Erythrotrichiaceae,240428.0,,,,,,,,,,,,,,1.9047619047619047e-06,
Phacaceae,1131319.0,,,,,,,,,,,,,,1.9047619047619047e-06,
Pichiaceae,1156497.0,,,,,,,,,,,,,,1.9047619047619047e-06,1.1212121212121212e-05
Fomitopsidaceae,1769247.0,,,,,,,,,,,,,,1.9047619047619047e-06,9.09090909090909e-07
Bradymonadaceae,1779135.0,,,,,,,,,,,,,,1.9047619047619047e-06,6.060606060606061e-07
Chroococcaceae,1890464.0,,,,,,,,,,,,,,1.9047619047619047e-06,
Panaceae,2028207.0,,,,,,,,,,,,,,1.9047619047619047e-06,
Roseivirgaceae,2762306.0,,,,,,,,,,,,,,1.9047619047619047e-06,6.060606060606061e-07
Desulfurococcaceae,2272.0,,,,,,,,,,,,,,1.4285714285714286e-06,
Metschnikowiaceae,27319.0,,,,,,,,,,,,,,1.4285714285714286e-06,1.3636363636363637e-05
Nosematidae,27974.0,,,,,,,,,,,,,,1.4285714285714286e-06,5.757575757575758e-06
Methylocystaceae,31993.0,,,,,,,,,,,,,,1.4285714285714286e-06,3.0303030303030305e-07
Cyanophoraceae,33678.0,,,,,,,,,,,,,,1.4285714285714286e-06,
Arthrodermataceae,34384.0,,,,,,,,,,,,,,1.4285714285714286e-06,1.2121212121212122e-06
Elsinoaceae,40995.0,,,,,,,,,,,,,,1.4285714285714286e-06,2.121212121212121e-06
Hyphomicrobiaceae,45401.0,,,,,,,,,,,,,,1.4285714285714286e-06,2.4242424242424244e-06
Beijerinckiaceae,45404.0,,,,,,,,,,,,,,1.4285714285714286e-06,9.09090909090909e-07
Orbiliaceae,47021.0,,,,,,,,,,,,,,1.4285714285714286e-06,6.060606060606061e-06
Hyaloscyphaceae,47743.0,,,,,,,,,,,,,,1.4285714285714286e-06,
Cryptobasidiaceae,62920.0,,,,,,,,,,,,,,1.4285714285714286e-06,9.09090909090909e-07
Gymnodiniaceae,66801.0,,,,,,,,,,,,,,1.4285714285714286e-06,
Syntrophomonadaceae,68298.0,,,,,,,,,,,,,,1.4285714285714286e-06,
Nidulariaceae,68773.0,,,,,,,,,,,,,,1.4285714285714286e-06,9.09090909090909e-07
Botryobasidiaceae,68792.0,,,,,,,,,,,,,,1.4285714285714286e-06,6.060606060606061e-07
Gautieriaceae,80642.0,,,,,,,,,,,,,,1.4285714285714286e-06,3.0303030303030305e-07
Choanephoraceae,101094.0,,,,,,,,,,,,,,1.4285714285714286e-06,3.636363636363636e-06
Chaetosphaeriaceae,103886.0,,,,,,,,,,,,,,1.4285714285714286e-06,9.09090909090909e-07
Coleosporiaceae,106328.0,,,,,,,,,,,,,,1.4285714285714286e-06,
Verrucomicrobia subdivision 6,134627.0,,,,,,,,,,,,,,1.4285714285714286e-06,
Mixiaceae,165795.0,,,,,,,,,,,,,,1.4285714285714286e-06,3.3333333333333333e-06
Trichomonadidae,181550.0,,,,,,,,,,,,,,1.4285714285714286e-06,3.0303030303030305e-06
Thermoanaerobacteraceae,186814.0,,,,,,,,,,,,,,1.4285714285714286e-06,
Planococcaceae,186818.0,,,,,,,,,,,,,,1.4285714285714286e-06,6.060606060606061e-07
Alicyclobacillaceae,186823.0,,,,,,,,,,,,,,1.4285714285714286e-06,3.0303030303030305e-07
Chlorobiaceae,191412.0,,,,,,,,,,,,,,1.4285714285714286e-06,6.060606060606061e-07
Flammeovirgaceae,200667.0,,,,,,,,,,,,,,1.4285714285714286e-06,3.0303030303030305e-07
Cucurbitariaceae,221670.0,,,,,,,,,,,,,,1.4285714285714286e-06,6.060606060606061e-07
Puniceicoccaceae,415002.0,,,,,,,,,,,,,,1.4285714285714286e-06,
Ceratiomyxaceae,435413.0,,,,,,,,,,,,,,1.4285714285714286e-06,
Clostridiales Family XVII. Incertae Sedis,539000.0,,,,,,,,,,,,,,1.4285714285714286e-06,
Histionidae,556285.0,,,,,,,,,,,,,,1.4285714285714286e-06,
Sinobacteraceae,568386.0,,,,,,,,,,,,,,1.4285714285714286e-06,9.09090909090909e-07
Salinisphaeraceae,742031.0,,,,,,,,,,,,,,1.4285714285714286e-06,
Euglenaceae,1131320.0,,,,,,,,,,,,,,1.4285714285714286e-06,
Scotinosphaeraceae,1387702.0,,,,,,,,,,,,,,1.4285714285714286e-06,
Candidatus Competibacteraceae,1400857.0,,,,,,,,,,,,,,1.4285714285714286e-06,9.09090909090909e-07
Methylothermaceae,1486721.0,,,,,,,,,,,,,,1.4285714285714286e-06,
Schizoparmaceae,1535530.0,,,,,,,,,,,,,,1.4285714285714286e-06,1.818181818181818e-06
Saccotheciaceae,1570301.0,,,,,,,,,,,,,,1.4285714285714286e-06,3.939393939393939e-06
Tepidisphaeraceae,1771355.0,,,,,,,,,,,,,,1.4285714285714286e-06,
Gloeobacteraceae,1890422.0,,,,,,,,,,,,,,1.4285714285714286e-06,3.0303030303030305e-07
Chamaesiphonaceae,1890431.0,,,,,,,,,,,,,,1.4285714285714286e-06,
Hyellaceae,1890500.0,,,,,,,,,,,,,,1.4285714285714286e-06,
Gemmataceae,1914233.0,,,,,,,,,,,,,,1.4285714285714286e-06,3.0303030303030305e-07
Gloeomargaritaceae,1955043.0,,,,,,,,,,,,,,1.4285714285714286e-06,
Chlorociboriaceae,1971365.0,,,,,,,,,,,,,,1.4285714285714286e-06,3.0303030303030305e-07
Zoogloeaceae,2008794.0,,,,,,,,,,,,,,1.4285714285714286e-06,1.5151515151515152e-06
Azonexaceae,2008795.0,,,,,,,,,,,,,,1.4285714285714286e-06,3.0303030303030305e-07
Gelatoporiaceae,2028217.0,,,,,,,,,,,,,,1.4285714285714286e-06,
Oculatellaceae,2303507.0,,,,,,,,,,,,,,1.4285714285714286e-06,
Pleurastraceae,2682564.0,,,,,,,,,,,,,,1.4285714285714286e-06,
Lineolataceae,2714149.0,,,,,,,,,,,,,,1.4285714285714286e-06,9.09090909090909e-07
Mollisiaceae,2755564.0,,,,,,,,,,,,,,1.4285714285714286e-06,6.060606060606061e-07
Stellaceae,2844601.0,,,,,,,,,,,,,,1.4285714285714286e-06,3.0303030303030305e-07
Cryptomonadaceae,2896.0,,,,,,,,,,,,,,9.523809523809523e-07,3.0303030303030305e-07
Codiaceae,3131.0,,,,,,,,,,,,,,9.523809523809523e-07,
Tremellaceae,5215.0,,,,,,,,,,,,,,9.523809523809523e-07,9.09090909090909e-07
Microascaceae,5593.0,,,,,,,,,,,,,,9.523809523809523e-07,1.5151515151515152e-06
Protomycetaceae,27330.0,,,,,,,,,,,,,,9.523809523809523e-07,9.09090909090909e-07
Veillonellaceae,31977.0,,,,,,,,,,,,,,9.523809523809523e-07,2.121212121212121e-06
Onygenaceae,33184.0,,,,,,,,,,,,,,9.523809523809523e-07,1.5151515151515152e-06
Pedinomonadaceae,35424.0,,,,,,,,,,,,,,9.523809523809523e-07,3.121212121212121e-05
Glaucocystaceae,38257.0,,,,,,,,,,,,,,9.523809523809523e-07,
Gloeochaetaceae,38266.0,,,,,,,,,,,,,,9.523809523809523e-07,
Blattabacteriaceae,39782.0,,,,,,,,,,,,,,9.523809523809523e-07,
Phaeotrichaceae,45152.0,,,,,,,,,,,,,,9.523809523809523e-07,3.0303030303030305e-07
Physciaceae,50934.0,,,,,,,,,,,,,,9.523809523809523e-07,3.636363636363636e-06
Capnodiaceae,62133.0,,,,,,,,,,,,,,9.523809523809523e-07,1.818181818181818e-06
Dothioraceae,64899.0,,,,,,,,,,,,,,9.523809523809523e-07,
Coniochaetaceae,79807.0,,,,,,,,,,,,,,9.523809523809523e-07,1.5151515151515152e-06
Melanogastraceae,80611.0,,,,,,,,,,,,,,9.523809523809523e-07,3.0303030303030305e-07
Brevibacteriaceae,85019.0,,,,,,,,,,,,,,9.523809523809523e-07,
Umbilicariaceae,87265.0,,,,,,,,,,,,,,9.523809523809523e-07,
Simkaniaceae,92712.0,,,,,,,,,,,,,,9.523809523809523e-07,
Uronychiidae,100129.0,,,,,,,,,,,,,,9.523809523809523e-07,
Stereaceae,103376.0,,,,,,,,,,,,,,9.523809523809523e-07,1.5151515151515152e-06
Hysterangiaceae,112992.0,,,,,,,,,,,,,,9.523809523809523e-07,1.5151515151515152e-06
Sulfolobaceae,118883.0,,,,,,,,,,,,,,9.523809523809523e-07,
Methylobacteriaceae,119045.0,,,,,,,,,,,,,,9.523809523809523e-07,1.2121212121212122e-06
Malawimonadidae,136087.0,,,,,,,,,,,,,,9.523809523809523e-07,9.09090909090909e-07
Verrucariaceae,146292.0,,,,,,,,,,,,,,9.523809523809523e-07,6.060606060606061e-07
Carnobacteriaceae,186828.0,,,,,,,,,,,,,,9.523809523809523e-07,2.121212121212121e-06
Deferribacteraceae,191394.0,,,,,,,,,,,,,,9.523809523809523e-07,
Biddulphiaceae,210445.0,,,,,,,,,,,,,,9.523809523809523e-07,
Parvularculaceae,255474.0,,,,,,,,,,,,,,9.523809523809523e-07,9.09090909090909e-07
Aurantimonadaceae,255475.0,,,,,,,,,,,,,,9.523809523809523e-07,3.0303030303030305e-07
Trypetheliaceae,271822.0,,,,,,,,,,,,,,9.523809523809523e-07,2.4242424242424244e-06
Microthyriaceae,281213.0,,,,,,,,,,,,,,9.523809523809523e-07,1.818181818181818e-06
Stylonemataceae,446133.0,,,,,,,,,,,,,,9.523809523809523e-07,
Natranaerobiaceae,485255.0,,,,,,,,,,,,,,9.523809523809523e-07,
Cohaesibacteraceae,655351.0,,,,,,,,,,,,,,9.523809523809523e-07,
Chattonellaceae,658124.0,,,,,,,,,,,,,,9.523809523809523e-07,
Sympoventuriaceae,1111112.0,,,,,,,,,,,,,,9.523809523809523e-07,1.2121212121212122e-06
Leptotrichiaceae,1129771.0,,,,,,,,,,,,,,9.523809523809523e-07,
Kordiimonadaceae,1331809.0,,,,,,,,,,,,,,9.523809523809523e-07,3.0303030303030305e-07
Amoebophilaceae,1501348.0,,,,,,,,,,,,,,9.523809523809523e-07,
Kallotenuaceae,1508536.0,,,,,,,,,,,,,,9.523809523809523e-07,9.09090909090909e-07
Roseiflexaceae,1508635.0,,,,,,,,,,,,,,9.523809523809523e-07,
Anaeromyxobacteraceae,1524215.0,,,,,,,,,,,,,,9.523809523809523e-07,
Trigonopsidaceae,1540145.0,,,,,,,,,,,,,,9.523809523809523e-07,2.7272727272727272e-06
Peptoniphilaceae,1570339.0,,,,,,,,,,,,,,9.523809523809523e-07,
Sporocadaceae,1812776.0,,,,,,,,,,,,,,9.523809523809523e-07,3.0303030303030305e-07
Balneolaceae,1813606.0,,,,,,,,,,,,,,9.523809523809523e-07,
Merismopediaceae,1890428.0,,,,,,,,,,,,,,9.523809523809523e-07,
Spirulinaceae,1890448.0,,,,,,,,,,,,,,9.523809523809523e-07,
Bernardetiaceae,1937968.0,,,,,,,,,,,,,,9.523809523809523e-07,
Thiobacillaceae,2008790.0,,,,,,,,,,,,,,9.523809523809523e-07,
Laetiporaceae,2028212.0,,,,,,,,,,,,,,9.523809523809523e-07,9.09090909090909e-07
Koliellaceae,2030936.0,,,,,,,,,,,,,,9.523809523809523e-07,
Polyblepharidaceae,2682471.0,,,,,,,,,,,,,,9.523809523809523e-07,
Ktedonosporobacteraceae,2692416.0,,,,,,,,,,,,,,9.523809523809523e-07,
Reichenbachiellaceae,2762302.0,,,,,,,,,,,,,,9.523809523809523e-07,9.09090909090909e-07
Sulfurovaceae,2771472.0,,,,,,,,,,,,,,9.523809523809523e-07,2.7272727272727272e-06
Aggregatilineaceae,2806305.0,,,,,,,,,,,,,,9.523809523809523e-07,
Geminocystaceae,2815910.0,,,,,,,,,,,,,,9.523809523809523e-07,
Thalassobaculaceae,2844864.0,,,,,,,,,,,,,,9.523809523809523e-07,1.5151515151515152e-06
Anaplasmataceae,942.0,,,,,,,,,,,,,,4.761904761904762e-07,0.0002693939393939394
Stigonemataceae,1189.0,,,,,,,,,,,,,,4.761904761904762e-07,
Rhodomelaceae,2803.0,,,,,,,,,,,,,,4.761904761904762e-07,9.09090909090909e-07
Oocystaceae,3070.0,,,,,,,,,,,,,,4.761904761904762e-07,
Ascobolaceae,5189.0,,,,,,,,,,,,,,4.761904761904762e-07,2.4242424242424244e-06
Auriculariaceae,5227.0,,,,,,,,,,,,,,4.761904761904762e-07,
Paxillaceae,5394.0,,,,,,,,,,,,,,4.761904761904762e-07,3.0303030303030305e-06
Bolbitiaceae,5398.0,,,,,,,,,,,,,,4.761904761904762e-07,9.09090909090909e-07
Enterocytozoonidae,27970.0,,,,,,,,,,,,,,4.761904761904762e-07,6.060606060606061e-06
Lemaneaceae,31374.0,,,,,,,,,,,,,,4.761904761904762e-07,
Derbesiaceae,33105.0,,,,,,,,,,,,,,4.761904761904762e-07,
Laminariaceae,33636.0,,,,,,,,,,,,,,4.761904761904762e-07,
Exidiaceae,34426.0,,,,,,,,,,,,,,4.761904761904762e-07,9.09090909090909e-07
Dasyaceae,35164.0,,,,,,,,,,,,,,4.761904761904762e-07,
Dichotomosiphonaceae,35433.0,,,,,,,,,,,,,,4.761904761904762e-07,
Aphanochaetaceae,35458.0,,,,,,,,,,,,,,4.761904761904762e-07,
Chaetomiaceae,35718.0,,,,,,,,,,,,,,4.761904761904762e-07,2.7272727272727272e-06
Thalassionemataceae,38755.0,,,,,,,,,,,,,,4.761904761904762e-07,
Diatrypaceae,42364.0,,,,,,,,,,,,,,4.761904761904762e-07,
Sphaeropleaceae,52675.0,,,,,,,,,,,,,,4.761904761904762e-07,
Tilletiariaceae,62919.0,,,,,,,,,,,,,,4.761904761904762e-07,2.121212121212121e-06
Hydnaceae,68758.0,,,,,,,,,,,,,,4.761904761904762e-07,5.151515151515151e-06
Lachnocladiaceae,68781.0,,,,,,,,,,,,,,4.761904761904762e-07,9.09090909090909e-07
Hyphomonadaceae,69657.0,,,,,,,,,,,,,,4.761904761904762e-07,9.09090909090909e-07
Parmeliaceae,78060.0,,,,,,,,,,,,,,4.761904761904762e-07,9.09090909090909e-07
Atheliaceae,80628.0,,,,,,,,,,,,,,4.761904761904762e-07,1.2121212121212122e-06
Coniophoraceae,80634.0,,,,,,,,,,,,,,4.761904761904762e-07,3.0303030303030305e-07
Kineosporiaceae,83778.0,,,,,,,,,,,,,,4.761904761904762e-07,
Acidimicrobiaceae,84994.0,,,,,,,,,,,,,,4.761904761904762e-07,
Opisthonectidae,85901.0,,,,,,,,,,,,,,4.761904761904762e-07,
Saprospiraceae,89374.0,,,,,,,,,,,,,,4.761904761904762e-07,1.5151515151515152e-06
Pleurotaceae,104366.0,,,,,,,,,,,,,,4.761904761904762e-07,7.575757575757576e-06
Pyronemataceae,110846.0,,,,,,,,,,,,,,4.761904761904762e-07,2.4242424242424244e-06
Rhodobiaceae,119043.0,,,,,,,,,,,,,,4.761904761904762e-07,
Verrucomicrobia subdivision 3,134621.0,,,,,,,,,,,,,,4.761904761904762e-07,
Piedraiaceae,147571.0,,,,,,,,,,,,,,4.761904761904762e-07,1.2121212121212122e-06
Peltulaceae,157476.0,,,,,,,,,,,,,,4.761904761904762e-07,
Oxyrrhinaceae,174810.0,,,,,,,,,,,,,,4.761904761904762e-07,
Boletinellaceae,178450.0,,,,,,,,,,,,,,4.761904761904762e-07,
Sporolactobacillaceae,186821.0,,,,,,,,,,,,,,4.761904761904762e-07,3.3333333333333333e-06
Thermotogaceae,188709.0,,,,,,,,,,,,,,4.761904761904762e-07,
Thermaceae,188786.0,,,,,,,,,,,,,,4.761904761904762e-07,
Paramoebidae,200887.0,,,,,,,,,,,,,,4.761904761904762e-07,
Ulotrichaceae,205394.0,,,,,,,,,,,,,,4.761904761904762e-07,
Desulfomicrobiaceae,213116.0,,,,,,,,,,,,,,4.761904761904762e-07,
Syntrophobacteraceae,213465.0,,,,,,,,,,,,,,4.761904761904762e-07,
Didymosphaeriaceae,221678.0,,,,,,,,,,,,,,4.761904761904762e-07,
Hydrogenothermaceae,224027.0,,,,,,,,,,,,,,4.761904761904762e-07,
Nautiliaceae,224467.0,,,,,,,,,,,,,,4.761904761904762e-07,
Sticholonchidae,240576.0,,,,,,,,,,,,,,4.761904761904762e-07,9.09090909090909e-07
Victivallaceae,255528.0,,,,,,,,,,,,,,4.761904761904762e-07,
Pterulaceae,262632.0,,,,,,,,,,,,,,4.761904761904762e-07,6.060606060606061e-07
Saccinobaculidae,388026.0,,,,,,,,,,,,,,4.761904761904762e-07,
Prymnesiaceae,418967.0,,,,,,,,,,,,,,4.761904761904762e-07,
Eustigmataceae,425071.0,,,,,,,,,,,,,,4.761904761904762e-07,
Gloeophyllaceae,452340.0,,,,,,,,,,,,,,4.761904761904762e-07,9.09090909090909e-07
Caldilineaceae,475964.0,,,,,,,,,,,,,,4.761904761904762e-07,
Schizoporaceae,574935.0,,,,,,,,,,,,,,4.761904761904762e-07,2.4242424242424244e-06
Mariprofundaceae,580372.0,,,,,,,,,,,,,,4.761904761904762e-07,
Pyrenomonadaceae,589344.0,,,,,,,,,,,,,,4.761904761904762e-07,
Caldicoprobacteraceae,715221.0,,,,,,,,,,,,,,4.761904761904762e-07,3.0303030303030305e-07
Punctulariaceae,908827.0,,,,,,,,,,,,,,4.761904761904762e-07,1.818181818181818e-06
Acropisthiidae,990167.0,,,,,,,,,,,,,,4.761904761904762e-07,
Sandaracinaceae,1055686.0,,,,,,,,,,,,,,4.761904761904762e-07,
Thioalkalispiraceae,1096778.0,,,,,,,,,,,,,,4.761904761904762e-07,
Physaraceae,1115744.0,,,,,,,,,,,,,,4.761904761904762e-07,6.060606060606061e-07
Candidatus Brocadiaceae,1127830.0,,,,,,,,,,,,,,4.761904761904762e-07,
Leucosporidiaceae,1163720.0,,,,,,,,,,,,,,4.761904761904762e-07,9.09090909090909e-07
Bracteacoccaceae,1284389.0,,,,,,,,,,,,,,4.761904761904762e-07,
Candidatus Midichloriaceae,1328881.0,,,,,,,,,,,,,,4.761904761904762e-07,
Saccharataceae,1450292.0,,,,,,,,,,,,,,4.761904761904762e-07,
Proteinivoraceae,1491775.0,,,,,,,,,,,,,,4.761904761904762e-07,
Thermoflexaceae,1495648.0,,,,,,,,,,,,,,4.761904761904762e-07,
Crustomastigaceae,1525216.0,,,,,,,,,,,,,,4.761904761904762e-07,
Creneidae,1591240.0,,,,,,,,,,,,,,4.761904761904762e-07,
Kosmotogaceae,1643948.0,,,,,,,,,,,,,,4.761904761904762e-07,3.0303030303030305e-07
Pelagibacteraceae,1655514.0,,,,,,,,,,,,,,4.761904761904762e-07,3.0303030303030305e-07
Rotundellaceae,1656241.0,,,,,,,,,,,,,,4.761904761904762e-07,
Microbulbiferaceae,1706373.0,,,,,,,,,,,,,,4.761904761904762e-07,1.5151515151515152e-06
Microthrixaceae,1798913.0,,,,,,,,,,,,,,4.761904761904762e-07,
Pseudomassariaceae,1812770.0,,,,,,,,,,,,,,4.761904761904762e-07,
Lentimicrobiaceae,1840213.0,,,,,,,,,,,,,,4.761904761904762e-07,
Selenomonadaceae,1843491.0,,,,,,,,,,,,,,4.761904761904762e-07,
Rubricoccaceae,1853227.0,,,,,,,,,,,,,,4.761904761904762e-07,
Candidatus Thermochlorobacteriaceae,1868322.0,,,,,,,,,,,,,,4.761904761904762e-07,
Trimorphomycetaceae,1890237.0,,,,,,,,,,,,,,4.761904761904762e-07,
Chroococcidiopsidaceae,1890528.0,,,,,,,,,,,,,,4.761904761904762e-07,
Gomontiellaceae,1892255.0,,,,,,,,,,,,,,4.761904761904762e-07,
Symphyonemataceae,1892258.0,,,,,,,,,,,,,,4.761904761904762e-07,
Chlorogloeopsidaceae,1892261.0,,,,,,,,,,,,,,4.761904761904762e-07,
Amphiacanthidae,1892434.0,,,,,,,,,,,,,,4.761904761904762e-07,1.5151515151515152e-06
Cuniculitremaceae,1910893.0,,,,,,,,,,,,,,4.761904761904762e-07,6.060606060606061e-07
Kangiellaceae,1920240.0,,,,,,,,,,,,,,4.761904761904762e-07,
Desertifilaceae,1969992.0,,,,,,,,,,,,,,4.761904761904762e-07,3.0303030303030305e-07
Agaraceae,2012474.0,,,,,,,,,,,,,,4.761904761904762e-07,
Phaeomoniellaceae,2231493.0,,,,,,,,,,,,,,4.761904761904762e-07,6.060606060606061e-07
Pezizellaceae,2488219.0,,,,,,,,,,,,,,4.761904761904762e-07,
Dictyobacteraceae,2571193.0,,,,,,,,,,,,,,4.761904761904762e-07,
Stephanopogonidae,2602915.0,,,,,,,,,,,,,,4.761904761904762e-07,
Microthamniaceae,2682484.0,,,,,,,,,,,,,,4.761904761904762e-07,
Thermoguttaceae,2691358.0,,,,,,,,,,,,,,4.761904761904762e-07,
Sulfuricellaceae,2772226.0,,,,,,,,,,,,,,4.761904761904762e-07,
Kaistiaceae,2831111.0,,,,,,,,,,,,,,4.761904761904762e-07,
Reyranellaceae,2844375.0,,,,,,,,,,,,,,4.761904761904762e-07,6.060606060606061e-07
Carbonactinosporaceae,2864377.0,,,,,,,,,,,,,,4.761904761904762e-07,
Thermosynechococcaceae,2881378.0,,,,,,,,,,,,,,4.761904761904762e-07,
Thermostichaceae,2881384.0,,,,,,,,,,,,,,4.761904761904762e-07,
Desulfocapsaceae,2886822.0,,,,,,,,,,,,,,4.761904761904762e-07,4.242424242424242e-06
Amorphothecaceae,2907085.0,,,,,,,,,,,,,,4.761904761904762e-07,3.0303030303030305e-07
Tricladiaceae,2907192.0,,,,,,,,,,,,,,4.761904761904762e-07,3.0303030303030305e-07
Stichococcaceae,2910630.0,,,,,,,,,,,,,,4.761904761904762e-07,
Lingulodiniaceae,2910922.0,,,,,,,,,,,,,,4.761904761904762e-07,6.212121212121213e-05
Francisellaceae,34064.0,,,,,,,,,,,,,,,0.00023818181818181818
Myzocytiopsidaceae,442668.0,,,,,,,,,,,,,,,0.00017303030303030304
Chlorodendraceae,35429.0,,,,,,,,,,,,,,,0.00014696969696969696
Batrachospermaceae,31371.0,,,,,,,,,,,,,,,0.0001
Harpochytriaceae,109762.0,,,,,,,,,,,,,,,2.2424242424242424e-05
Dermatophilaceae,85018.0,,,,,,,,,,,,,,,1.5151515151515151e-05
Salinarimonadaceae,2137278.0,,,,,,,,,,,,,,,1.1515151515151515e-05
Cordycipitaceae,474943.0,,,,,,,,,,,,,,,3.636363636363636e-06
Aquificaceae,64898.0,,,,,,,,,,,,,,,3.3333333333333333e-06
Elaphomycetaceae,147546.0,,,,,,,,,,,,,,,3.3333333333333333e-06
Brachybasidiaceae,190068.0,,,,,,,,,,,,,,,3.3333333333333333e-06
Magnetococcaceae,1191479.0,,,,,,,,,,,,,,,3.3333333333333333e-06
Rhodocyclaceae,75787.0,,,,,,,,,,,,,,,3.0303030303030305e-06
Venturiaceae,5023.0,,,,,,,,,,,,,,,2.4242424242424244e-06
Fistulinaceae,40455.0,,,,,,,,,,,,,,,2.4242424242424244e-06
Peniophoraceae,103393.0,,,,,,,,,,,,,,,2.4242424242424244e-06
Violaceomycetaceae,1749038.0,,,,,,,,,,,,,,,2.4242424242424244e-06
Sordariaceae,5148.0,,,,,,,,,,,,,,,1.818181818181818e-06
Cellulomonadaceae,85016.0,,,,,,,,,,,,,,,1.818181818181818e-06
Graphidaceae,71598.0,,,,,,,,,,,,,,,1.5151515151515152e-06
Philasteridae,197859.0,,,,,,,,,,,,,,,1.5151515151515152e-06
Jaapiaceae,721929.0,,,,,,,,,,,,,,,1.5151515151515152e-06
Xylonaceae,1217822.0,,,,,,,,,,,,,,,1.5151515151515152e-06
Ploettnerulaceae,2316155.0,,,,,,,,,,,,,,,1.5151515151515152e-06
Robiginitomaculaceae,2800062.0,,,,,,,,,,,,,,,1.5151515151515152e-06
Actinomycetaceae,2049.0,,,,,,,,,,,,,,,1.2121212121212122e-06
Schizophyllaceae,5332.0,,,,,,,,,,,,,,,1.2121212121212122e-06
Solieriaceae,31441.0,,,,,,,,,,,,,,,1.2121212121212122e-06
Ramalinaceae,56478.0,,,,,,,,,,,,,,,1.2121212121212122e-06
Thelephoraceae,56488.0,,,,,,,,,,,,,,,1.2121212121212122e-06
Clathraceae,68805.0,,,,,,,,,,,,,,,1.2121212121212122e-06
Gemmatimonadaceae,219687.0,,,,,,,,,,,,,,,1.2121212121212122e-06
Delitschiaceae,221679.0,,,,,,,,,,,,,,,1.2121212121212122e-06
Mytilinidiaceae,281242.0,,,,,,,,,,,,,,,1.2121212121212122e-06
Hygrophoropsidaceae,389734.0,,,,,,,,,,,,,,,1.2121212121212122e-06
Amylocorticiaceae,721957.0,,,,,,,,,,,,,,,1.2121212121212122e-06
Irpicaceae,1931355.0,,,,,,,,,,,,,,,1.2121212121212122e-06
Abitibacteriaceae,2109261.0,,,,,,,,,,,,,,,1.2121212121212122e-06
Candidatus Nanosyncoccacae,2171994.0,,,,,,,,,,,,,,,1.2121212121212122e-06
Pyriculariaceae,2528436.0,,,,,,,,,,,,,,,1.2121212121212122e-06
Drepanopezizaceae,2793945.0,,,,,,,,,,,,,,,1.2121212121212122e-06
Pleioneaceae,2823145.0,,,,,,,,,,,,,,,1.2121212121212122e-06
Salisaetaceae,2893042.0,,,,,,,,,,,,,,,1.2121212121212122e-06
Polyangiaceae,49.0,,,,,,,,,,,,,,,9.09090909090909e-07
Bartonellaceae,772.0,,,,,,,,,,,,,,,9.09090909090909e-07
Cystocloniaceae,31412.0,,,,,,,,,,,,,,,9.09090909090909e-07
Pseudeurotiaceae,34379.0,,,,,,,,,,,,,,,9.09090909090909e-07
Sporormiaceae,55176.0,,,,,,,,,,,,,,,9.09090909090909e-07
Harpellaceae,61422.0,,,,,,,,,,,,,,,9.09090909090909e-07
Dermabacteraceae,85020.0,,,,,,,,,,,,,,,9.09090909090909e-07
Parachlamydiaceae,92713.0,,,,,,,,,,,,,,,9.09090909090909e-07
Oscillochloridaceae,104174.0,,,,,,,,,,,,,,,9.09090909090909e-07
Desulfurellaceae,117942.0,,,,,,,,,,,,,,,9.09090909090909e-07
Myriangiaceae,147568.0,,,,,,,,,,,,,,,9.09090909090909e-07
Fusobacteriaceae,203492.0,,,,,,,,,,,,,,,9.09090909090909e-07
Aulographaceae,281109.0,,,,,,,,,,,,,,,9.09090909090909e-07
Actinopolysporaceae,622451.0,,,,,,,,,,,,,,,9.09090909090909e-07
Tetraplosphaeriaceae,714940.0,,,,,,,,,,,,,,,9.09090909090909e-07
Dissoconiaceae,744530.0,,,,,,,,,,,,,,,9.09090909090909e-07
Stephanoecidae,1158810.0,,,,,,,,,,,,,,,9.09090909090909e-07
Jiangellaceae,1217100.0,,,,,,,,,,,,,,,9.09090909090909e-07
Aplosporellaceae,1450293.0,,,,,,,,,,,,,,,9.09090909090909e-07
Torulaceae,1667020.0,,,,,,,,,,,,,,,9.09090909090909e-07
Budviciaceae,1903416.0,,,,,,,,,,,,,,,9.09090909090909e-07
Candidatus Deianiraeaceae,2603433.0,,,,,,,,,,,,,,,9.09090909090909e-07
Nitratiruptoraceae,2795691.0,,,,,,,,,,,,,,,9.09090909090909e-07
Parvibaculaceae,2813035.0,,,,,,,,,,,,,,,9.09090909090909e-07
Cardiobacteriaceae,868.0,,,,,,,,,,,,,,,6.060606060606061e-07
Goniomonadaceae,31323.0,,,,,,,,,,,,,,,6.060606060606061e-07
Kallymeniaceae,31430.0,,,,,,,,,,,,,,,6.060606060606061e-07
Plocamiaceae,31450.0,,,,,,,,,,,,,,,6.060606060606061e-07
Ophryoscolecidae,47890.0,,,,,,,,,,,,,,,6.060606060606061e-07
Glycomycetaceae,85034.0,,,,,,,,,,,,,,,6.060606060606061e-07
Dubosqiidae,103457.0,,,,,,,,,,,,,,,6.060606060606061e-07
Bionectriaceae,103887.0,,,,,,,,,,,,,,,6.060606060606061e-07
Jakobidae,143015.0,,,,,,,,,,,,,,,6.060606060606061e-07
Eurychasmataceae,159315.0,,,,,,,,,,,,,,,6.060606060606061e-07
Thermoactinomycetaceae,186824.0,,,,,,,,,,,,,,,6.060606060606061e-07
Anthracoideaceae,251612.0,,,,,,,,,,,,,,,6.060606060606061e-07
Argynnaceae,281106.0,,,,,,,,,,,,,,,6.060606060606061e-07
Conexibacteraceae,320583.0,,,,,,,,,,,,,,,6.060606060606061e-07
Solibacteraceae,332161.0,,,,,,,,,,,,,,,6.060606060606061e-07
Kiloniellaceae,597359.0,,,,,,,,,,,,,,,6.060606060606061e-07
Gloniaceae,603431.0,,,,,,,,,,,,,,,6.060606060606061e-07
Algiphilaceae,1266054.0,,,,,,,,,,,,,,,6.060606060606061e-07
Ruaniaceae,1331736.0,,,,,,,,,,,,,,,6.060606060606061e-07
Togniniaceae,1756146.0,,,,,,,,,,,,,,,6.060606060606061e-07
Haliscomenobacteraceae,1937961.0,,,,,,,,,,,,,,,6.060606060606061e-07
Sarocladiaceae,2502719.0,,,,,,,,,,,,,,,6.060606060606061e-07
Chromeraceae,2605701.0,,,,,,,,,,,,,,,6.060606060606061e-07
Amorphaceae,2685818.0,,,,,,,,,,,,,,,6.060606060606061e-07
Cylindrosympodiaceae,2728979.0,,,,,,,,,,,,,,,6.060606060606061e-07
Tepidamorphaceae,2844863.0,,,,,,,,,,,,,,,6.060606060606061e-07
Hydrodictyaceae,3103.0,,,,,,,,,,,,,,,3.0303030303030305e-07
Phaeosphaeriaceae,5020.0,,,,,,,,,,,,,,,3.0303030303030305e-07
Ceramiaceae,31377.0,,,,,,,,,,,,,,,3.0303030303030305e-07
Sclerodermataceae,37466.0,,,,,,,,,,,,,,,3.0303030303030305e-07
Crypthecodiniaceae,39452.0,,,,,,,,,,,,,,,3.0303030303030305e-07
Gomphaceae,60108.0,,,,,,,,,,,,,,,3.0303030303030305e-07
Chordariaceae,66220.0,,,,,,,,,,,,,,,3.0303030303030305e-07
Gyrodontaceae,73894.0,,,,,,,,,,,,,,,3.0303030303030305e-07
Faucheaceae,81601.0,,,,,,,,,,,,,,,3.0303030303030305e-07
Vannellidae,95227.0,,,,,,,,,,,,,,,3.0303030303030305e-07
Euplotidae,100127.0,,,,,,,,,,,,,,,3.0303030303030305e-07
Crepidotaceae,104350.0,,,,,,,,,,,,,,,3.0303030303030305e-07
Rutstroemiaceae,110844.0,,,,,,,,,,,,,,,3.0303030303030305e-07
Aspidiscidae,138847.0,,,,,,,,,,,,,,,3.0303030303030305e-07
Dermacoccaceae,145357.0,,,,,,,,,,,,,,,3.0303030303030305e-07
Phakopsoraceae,145793.0,,,,,,,,,,,,,,,3.0303030303030305e-07
Acrospermaceae,152637.0,,,,,,,,,,,,,,,3.0303030303030305e-07
Hydrogenophilaceae,206349.0,,,,,,,,,,,,,,,3.0303030303030305e-07
Eremomycetaceae,241722.0,,,,,,,,,,,,,,,3.0303030303030305e-07
Mesodiniidae,283645.0,,,,,,,,,,,,,,,3.0303030303030305e-07
Trueperaceae,332247.0,,,,,,,,,,,,,,,3.0303030303030305e-07
Cryphonectriaceae,399129.0,,,,,,,,,,,,,,,3.0303030303030305e-07
Mallomonadaceae,420617.0,,,,,,,,,,,,,,,3.0303030303030305e-07
Cryptosporangiaceae,622454.0,,,,,,,,,,,,,,,3.0303030303030305e-07
Didymellaceae,683158.0,,,,,,,,,,,,,,,3.0303030303030305e-07
Amniculicolaceae,715292.0,,,,,,,,,,,,,,,3.0303030303030305e-07
Thermoascaceae,1131624.0,,,,,,,,,,,,,,,3.0303030303030305e-07
Ardenticatenaceae,1382930.0,,,,,,,,,,,,,,,3.0303030303030305e-07
Colponemidia,1492816.0,,,,,,,,,,,,,,,3.0303030303030305e-07
Oligoflexaceae,1553902.0,,,,,,,,,,,,,,,3.0303030303030305e-07
Petrotogaceae,1643949.0,,,,,,,,,,,,,,,3.0303030303030305e-07
Fervidobacteriaceae,1643950.0,,,,,,,,,,,,,,,3.0303030303030305e-07
Akkermansiaceae,1647988.0,,,,,,,,,,,,,,,3.0303030303030305e-07
Chromochloridaceae,1656248.0,,,,,,,,,,,,,,,3.0303030303030305e-07
Wenzhouxiangellaceae,1676141.0,,,,,,,,,,,,,,,3.0303030303030305e-07
Pseudobacteriovoracaceae,1769745.0,,,,,,,,,,,,,,,3.0303030303030305e-07
Candidatus Paracaedibacteraceae,1777752.0,,,,,,,,,,,,,,,3.0303030303030305e-07
Sporomusaceae,1843490.0,,,,,,,,,,,,,,,3.0303030303030305e-07
Periconiaceae,1898439.0,,,,,,,,,,,,,,,3.0303030303030305e-07
Hafniaceae,1903412.0,,,,,,,,,,,,,,,3.0303030303030305e-07
Naemateliaceae,1910785.0,,,,,,,,,,,,,,,3.0303030303030305e-07
Microscillaceae,1937962.0,,,,,,,,,,,,,,,3.0303030303030305e-07
Halococcaceae,1963270.0,,,,,,,,,,,,,,,3.0303030303030305e-07
Paludibacteraceae,2005523.0,,,,,,,,,,,,,,,3.0303030303030305e-07
Silvanigrellaceae,2024974.0,,,,,,,,,,,,,,,3.0303030303030305e-07
Grifolaceae,2028216.0,,,,,,,,,,,,,,,3.0303030303030305e-07
Chelatococcaceae,2036754.0,,,,,,,,,,,,,,,3.0303030303030305e-07
Trichocoleusaceae,2303527.0,,,,,,,,,,,,,,,3.0303030303030305e-07
Podosporaceae,2609812.0,,,,,,,,,,,,,,,3.0303030303030305e-07
Cesiribacteraceae,2762276.0,,,,,,,,,,,,,,,3.0303030303030305e-07
Sphingosinicellaceae,2820280.0,,,,,,,,,,,,,,,3.0303030303030305e-07
Candidatus Uabimicrobiaceae,2897348.0,,,,,,,,,,,,,,,3.0303030303030305e-07
