Genus,OL-16S-1a,OL-16S-1b,OL-16S-2a,OL-16S-2b,OL-16S-3a,OL-16S-3b,OL-16S-4a,OL-16S-4b
028H05-P-BN-P5,0.0,0.0,0.0,0.0,0.0033174671859224,0.0,0.0,0.0016617429837518464
0319-6G20,0.00859106529209622,0.00817592331547787,0.0098159509202454,0.006169154228855721,0.0,0.0,0.0,0.0
053A03-B-DI-P58,0.0,0.0,0.0,0.0,0.0,0.0,0.0,0.00258493353028065
67-14,0.0,0.0,0.0,0.006965174129353234,0.0,0.0,0.002208317997791682,0.0
A0839,0.0,0.0,0.0,0.006965174129353234,0.0,0.0,0.0,0.0
A4b,0.0012272950417280314,0.0,0.0,0.0,0.00793307370546661,0.0,0.005888847994111152,0.007200886262924667
AEGEAN-169_marine_group,0.019391261659302897,0.023963913166055822,0.024049079754601226,0.019303482587064675,0.006490696668109044,0.0,0.009569377990430622,0.006277695716395864
AKYH767,0.0,0.006202424584155625,0.009570552147239264,0.0015920398009950248,0.0,0.0,0.0,0.0
Acanthopleuribacter,0.0,0.0,0.0,0.0,0.0,0.0,0.0,0.0022156573116691287
Acholeplasma,0.0,0.0,0.0,0.0,0.0,0.0,0.0,0.004615952732644018
Acidibacter,0.018409425625920472,0.01240484916831125,0.013496932515337423,0.016318407960199004,0.0,0.0,0.0,0.0
Aestuariicella,0.0,0.0,0.0,0.0,0.003028991778450887,0.0,0.0,0.0
Alcanivorax,0.0,0.0,0.0,0.0,0.006057983556901774,0.0,0.005520794994479205,0.0
Algivirga,0.0,0.0,0.0,0.0,0.0,0.0,0.004048582995951417,0.0
Alicyclobacillus,0.0,0.0,0.001226993865030675,0.0,0.0,0.0,0.0,0.0
Aminicenantales,0.0,0.0,0.0,0.001791044776119403,0.0,0.0,0.0,0.0
Anaerolinea,0.0,0.0,0.0,0.001990049751243781,0.0,0.0,0.0,0.0
Anderseniella,0.0,0.0,0.0,0.006965174129353234,0.0073561228905235825,0.0,0.0,0.009047267355982274
Armatimonas,0.004909180166912126,0.007330138144911192,0.0,0.007164179104477612,0.0,0.0,0.0,0.0
Aureispira,0.0,0.002537355511700028,0.0,0.0,0.0073561228905235825,0.008724659994867847,0.010305483989694516,0.011262924667651403
B2M28,0.0,0.0,0.0,0.0,0.00865426222414539,0.01565306646138055,0.017482517482517484,0.01846381093057607
BD1-7_clade,0.0,0.0,0.0,0.018706467661691543,0.0,0.0,0.0,0.0
BD2-11_terrestrial_group,0.007609229258713795,0.0,0.0,0.010746268656716417,0.008510024520409635,0.0,0.0,0.0
BD2-3,0.0,0.0,0.0,0.0,0.0,0.002052861175263023,0.0,0.0
BD2-7,0.0,0.0,0.0,0.0,0.0,0.0,0.0,0.007200886262924667
BSV26,0.0,0.012686777558500142,0.0,0.00417910447761194,0.0,0.0,0.0,0.0
Bacteroidetes_BD2-2,0.002454590083456063,0.0,0.0,0.0,0.0,0.0,0.004600662495399337,0.0
Bacteroidetes_VC2.1_Bac22,0.0,0.0,0.0,0.0,0.0,0.0,0.0,0.003692762186115214
Bacteroidetes_vadinHA17,0.0,0.00958556526642233,0.0,0.0,0.0,0.0,0.0,0.0
Balneola,0.0,0.0,0.0,0.0,0.009086975335352661,0.013856812933025405,0.013986013986013986,0.012001477104874446
Bathyarchaeia,0.0,0.0,0.0,0.0,0.0,0.0,0.0,0.0009231905465288035
Bdellovibrio,0.006872852233676976,0.0031012122920778123,0.007607361963190184,0.012935323383084577,0.0012981393336218088,0.0,0.0,0.0
Blastopirellula,0.0,0.0,0.0,0.0013930348258706469,0.01961632770806289,0.0,0.02042694147957306,0.011632200886262925
Blfdi19,0.0,0.0,0.0,0.0,0.0028847540747151306,0.0043623299974339235,0.0,0.0
Bradymonadales,0.0,0.0,0.0,0.0,0.0,0.0023094688221709007,0.0,0.0024002954209748893
Bryobacter,0.010309278350515464,0.0,0.009325153374233128,0.0013930348258706469,0.0,0.0,0.0,0.0
Bythopirellula,0.0,0.0,0.0,0.0,0.004182893408336939,0.0,0.0,0.0
CCD24,0.023073146784486992,0.018889202142655766,0.022331288343558284,0.019701492537313434,0.0,0.0,0.0,0.0
CL500-29_marine_group,0.016200294550810016,0.01522413307020017,0.016932515337423314,0.015124378109452736,0.0,0.0,0.0,0.0
CL500-3,0.03313696612665685,0.03918804623625599,0.05006134969325153,0.05333333333333334,0.0021635655560363477,0.007954837054144213,0.0,0.008493353028064993
Caenarcaniphilales,0.007363770250368188,0.0,0.007116564417177914,0.005771144278606965,0.0,0.0,0.0,0.0
Calditrichaceae,0.0,0.0,0.0,0.0,0.0040386557046011825,0.0,0.006440927493559073,0.008308714918759232
Candidatus_Actinomarina,0.012272950417280314,0.012968705948689032,0.0,0.009154228855721393,0.0,0.027200410572235052,0.011409642988590356,0.014771048744460856
Candidatus_Aquiluna,0.015709376534118802,0.018325345362277982,0.02134969325153374,0.01671641791044776,0.0,0.0,0.0,0.0
Candidatus_Bacilloplasma,0.0,0.0,0.00294478527607362,0.0,0.0,0.0,0.0,0.0
Candidatus_Berkiella,0.0,0.0,0.001226993865030675,0.0,0.0,0.0,0.0,0.0
Candidatus_Megaira,0.012763868433971527,0.016069918240766846,0.010552147239263805,0.008756218905472637,0.0,0.0,0.0,0.0
Candidatus_Methylopumilus,0.010063819342169858,0.02791091062870031,0.015950920245398775,0.02009950248756219,0.0,0.0,0.0,0.0
Candidatus_Omnitrophus,0.0,0.0,0.00245398773006135,0.0013930348258706469,0.0,0.0,0.0,0.0
Candidatus_Peregrinibacteria,0.0,0.0,0.0,0.0,0.0018750901485648347,0.0,0.0,0.0
Candidatus_Udaeobacter,0.0,0.0053566394135889485,0.0,0.0,0.0,0.0,0.0,0.0
Cellvibrio,0.0,0.0,0.0036809815950920245,0.0,0.0,0.0,0.0,0.0
Cephaloticoccus,0.01521845851742759,0.0,0.0,0.0,0.0,0.0,0.0,0.0
Cetobacterium,0.0039273441335297005,0.003665069072455596,0.005398773006134969,0.003781094527363184,0.0,0.0,0.0,0.0
Chitinibacter,0.003436426116838488,0.0,0.0,0.0,0.0,0.0,0.0,0.0
Chthoniobacter,0.0,0.0,0.0,0.0009950248756218905,0.0,0.0,0.0,0.0
Clade_II,0.0,0.0,0.0,0.0,0.0,0.0,0.01104158998895841,0.00793943870014771
Clade_III,0.03043691703485518,0.024527769946433606,0.022085889570552148,0.02208955223880597,0.010240876965238713,0.008211444701052091,0.006624953993375046,0.0
Cobetia,0.0,0.0,0.0,0.0,0.010096639261502957,0.023094688221709007,0.01674641148325359,0.007200886262924667
Coraliomargarita,0.0,0.0,0.0,0.0,0.0,0.007698229407236336,0.007177033492822967,0.005723781388478582
Coxiella,0.0,0.002537355511700028,0.009079754601226994,0.011144278606965175,0.0,0.0,0.0,0.0
Crocinitomix,0.0012272950417280314,0.0,0.0,0.0,0.0067791720755805565,0.006671798819604825,0.009937430990062569,0.0022156573116691287
Cyanobium_PCC-6307,0.0547373588610702,0.025937411897378065,0.043190184049079754,0.04537313432835821,0.036636376748882156,0.027970233512958687,0.017114464482885536,0.03914327917282127
DEV007,0.0,0.0,0.0,0.0,0.02740516370979374,0.030792917628945343,0.027788001472212,0.041912850812407684
Defluviicoccus,0.0,0.0,0.0,0.0,0.0021635655560363477,0.0,0.0,0.0
Desulfobacca,0.0,0.0,0.0022085889570552146,0.0,0.0,0.0,0.0,0.0
Desulfosarcina,0.0,0.0,0.0,0.0,0.010240876965238713,0.0,0.0,0.012740029542097488
Devosia,0.0,0.0,0.0,0.0,0.0008654262224145391,0.0,0.0,0.0
Draconibacterium,0.0,0.0,0.0,0.0,0.0,0.008468052347959968,0.0,0.0
EPR3968-O8a-Bc78,0.0,0.0,0.0,0.0,0.0023078032597721046,0.0,0.004784688995215311,0.0
Ekhidna,0.0,0.0,0.0,0.0,0.0034617048896581565,0.0,0.0049687154950312845,0.0
Emticicia,0.004909180166912126,0.004792782633211165,0.0,0.0031840796019900496,0.0,0.0,0.0,0.0
Endozoicomonas,0.0,0.0,0.0,0.0,0.0,0.0,0.017114464482885536,0.017355982274741506
Euzebyella,0.0,0.0,0.0,0.0,0.008798499927881148,0.010520913523222993,0.011225616488774383,0.0
FTLpost3,0.0,0.0,0.001226993865030675,0.0,0.0,0.0,0.0,0.0
Ferrimonas,0.0,0.0,0.0,0.0,0.0017308524448290783,0.0,0.0,0.0
Filomicrobium,0.0,0.0,0.0,0.0,0.0,0.0,0.013433934486566065,0.0
Fimbriimonadaceae,0.009572901325478646,0.007048209754722301,0.010061349693251533,0.005572139303482587,0.0,0.0,0.0,0.0
Flavobacteriales,0.0,0.0,0.0,0.0,0.0,0.0025660764690787785,0.0,0.0
Flavobacterium,0.0,0.0,0.0,0.006766169154228856,0.003028991778450887,0.0,0.0,0.0
Flexithrix,0.0,0.0,0.0,0.0,0.0011539016298860523,0.0,0.0,0.0009231905465288035
Fluviicola,0.04344624447717231,0.06174231745136735,0.041226993865030676,0.04517412935323383,0.015144958892254435,0.01437002822684116,0.009569377990430622,0.011262924667651403
Formosa,0.0,0.0,0.0,0.0,0.0,0.0,0.0,0.009416543574593796
FukuN57,0.014972999509081984,0.013250634338877925,0.013987730061349693,0.012736318407960199,0.0,0.0,0.0,0.0
GWC2-45-44,0.0,0.0,0.00098159509202454,0.0,0.0,0.0,0.0,0.0
Gaiella,0.0,0.00986749365661122,0.008343558282208589,0.0,0.0,0.0,0.0,0.0
Gastranaerophilales,0.0,0.0,0.00049079754601227,0.0,0.0,0.0,0.0,0.0
Geminobacterium,0.0,0.0,0.0,0.0,0.0,0.0,0.0020242914979757085,0.003138847858197932
Granulosicoccus,0.0,0.0,0.0,0.0,0.008510024520409635,0.0,0.0,0.0
HOC36,0.0,0.0,0.0,0.0,0.0,0.0,0.005336768494663232,0.0
Hahella,0.0,0.0,0.0,0.0,0.0,0.0,0.0,0.001292466765140325
Halodesulfovibrio,0.0,0.0,0.0,0.0,0.0012981393336218088,0.0,0.0,0.0
Haloplasma,0.0,0.0,0.0,0.0,0.0,0.0,0.003312476996687523,0.0
Holosporaceae,0.0,0.0,0.0,0.0,0.004759844223279966,0.00359250705671029,0.005152741994847258,0.0029542097488921715
Hydrogenedensaceae,0.0,0.0016915703411333521,0.0041717791411042945,0.0,0.0,0.0,0.0,0.0
Hyphomonas,0.0,0.0,0.0,0.0,0.008942737631616904,0.008468052347959968,0.0,0.0
IMCC26207,0.0,0.0,0.0,0.0,0.003605942593393913,0.0,0.004784688995215311,0.0
IMCC26256,0.0,0.011559063997744572,0.0,0.0,0.0,0.0,0.0,0.0
Ignavibacterium,0.0,0.01127713560755568,0.0,0.007761194029850746,0.0,0.0,0.0,0.0
IheB3-7,0.0,0.0,0.0,0.0,0.0,0.0,0.004600662495399337,0.0
Ilumatobacter,0.010063819342169858,0.0,0.0,0.0,0.0,0.003849114703618168,0.006993006993006993,0.0
Izemoplasmatales,0.0,0.0,0.0,0.0,0.0,0.0,0.0,0.0009231905465288035
KD4-96,0.01644575355915562,0.012122920778122357,0.024294478527607362,0.011741293532338309,0.0070676474830520695,0.0,0.0180345969819654,0.014586410635155096
KF-JG30-B3,0.0,0.0,0.007361963190184049,0.0,0.0,0.0,0.0,0.0
KI89A_clade,0.009327442317133039,0.014378347899633492,0.0,0.0023880597014925373,0.010817827780181739,0.015396458814472672,0.0020242914979757085,0.0075701624815361895
Kapabacteriales,0.0,0.00140964195094446,0.0,0.0,0.0,0.0,0.0,0.0
Latescibacteraceae,0.0,0.0,0.0,0.0,0.0,0.0,0.0012881854987118145,0.0020310192023633676
Latescibacterota,0.0,0.0,0.0,0.00855721393034826,0.004327131112072695,0.010520913523222993,0.0,0.0035081240768094534
Leeuwenhoekiella,0.0,0.0,0.0,0.0,0.005336795038222992,0.010264305876315114,0.00736105999263894,0.007385524372230428
Lentimicrobiaceae,0.0,0.0,0.0,0.0021890547263681594,0.004327131112072695,0.0,0.0,0.0
Lentimonas,0.0,0.0,0.0,0.0,0.009086975335352661,0.020785219399538105,0.0,0.0
Lewinella,0.0,0.0,0.0,0.0,0.006202221260637531,0.0,0.00791313949208686,0.016986706056129987
LiUU-11-161,0.012272950417280314,0.017479560191711305,0.014233128834355829,0.00835820895522388,0.0,0.0,0.0,0.0
Lineage_IIa,0.0,0.0,0.0026993865030674846,0.0,0.0,0.0,0.0,0.0
Litoricola,0.0,0.0,0.0,0.0,0.013125631039953845,0.018732358224275082,0.013801987486198012,0.0155096011816839
Longivirga,0.015954835542464407,0.0,0.0,0.012338308457711443,0.0,0.0,0.0,0.0
Luminiphilus,0.0,0.0,0.0,0.0,0.010096639261502957,0.022068257634077496,0.010305483989694516,0.01070901033973412
Luteibaculum,0.0,0.0,0.0,0.0,0.0,0.0,0.001104158998895841,0.0
Luteolibacter,0.008836524300441826,0.0,0.0,0.0,0.0,0.0,0.0,0.0
MB-A2-108,0.006136475208640157,0.004792782633211165,0.0,0.0,0.0,0.0,0.0,0.0
MD3-55,0.0012272950417280314,0.0,0.00147239263803681,0.0,0.0,0.0,0.0,0.0
MSB-3C8,0.0,0.0,0.0,0.0,0.0021635655560363477,0.003079291762894534,0.002208317997791682,0.00258493353028065
MSBL3,0.0,0.0,0.0,0.0,0.0,0.0,0.0012881854987118145,0.0
MSBL5,0.0,0.0,0.0,0.0,0.0,0.0,0.0,0.0009231905465288035
MSBL7,0.0,0.0,0.0,0.0,0.0,0.0,0.0034965034965034965,0.0
MSBL8,0.0,0.0,0.0,0.0,0.00043271311120726956,0.0,0.0,0.0
MWH-UniP1_aquatic_group,0.05179185076092293,0.028192839018889203,0.04,0.04,0.009808163854031444,0.007441621760328458,0.0,0.0075701624815361895
Malonomonas,0.0,0.0,0.0,0.0,0.005192557334487235,0.0,0.0,0.0
Marine_Group_II,0.0,0.0,0.0,0.0,0.004182893408336939,0.0,0.0,0.004246676514032497
Marinicella,0.0,0.0,0.0,0.0,0.00865426222414539,0.006928406466512702,0.006993006993006993,0.006462333825701625
Marinimicrobia_(SAR406_clade),0.005891016200294551,0.006484352974344516,0.005644171779141104,0.00955223880597015,0.0,0.0,0.002576370997423629,0.0
Marinobacter,0.0,0.0,0.0,0.0,0.0038944180008654264,0.0,0.0,0.0
Marinomonas,0.0,0.0,0.0,0.0,0.014856483484782922,0.016936104695919937,0.008833271991166729,0.008862629246676515
Marinoscillum,0.0,0.0,0.0,0.0,0.004182893408336939,0.0,0.011777695988222304,0.012740029542097488
Mariprofundus,0.0031909671084928816,0.0,0.0,0.0,0.0,0.0,0.0,0.0
Methanobacterium,0.0,0.0,0.0,0.001990049751243781,0.0,0.0,0.0,0.0
Methyloceanibacter,0.0,0.0,0.0,0.0,0.008077311409202365,0.011290736463946625,0.0,0.016617429837518464
Methylomicrobium,0.0,0.008739780095855652,0.0,0.0,0.0,0.0,0.0,0.0
Muriicola,0.0,0.0,0.0,0.0,0.02581854896870042,0.01821914293045933,0.010121457489878543,0.04597488921713442
Myrionecta,0.004663721158566519,0.0031012122920778123,0.0,0.0,0.0,0.0,0.0,0.0
NS11-12_marine_group,0.038782523318605794,0.016633775021144628,0.04834355828220859,0.042388059701492536,0.016875811337083515,0.01437002822684116,0.015458225984541774,0.01809453471196455
NS2b_marine_group,0.0,0.0,0.0,0.0,0.010240876965238713,0.0056453682319733125,0.01104158998895841,0.007200886262924667
NS3a_marine_group,0.0,0.002537355511700028,0.00785276073619632,0.0,0.0,0.0,0.0,0.0
NS4_marine_group,0.0,0.0,0.0,0.0,0.01615462281840473,0.022324865280985373,0.022819285977180713,0.009601181683899557
NS5_marine_group,0.00859106529209622,0.010713278827177897,0.012024539877300613,0.010945273631840797,0.02452040963507861,0.02283808057480113,0.024291497975708502,0.022710487444608567
NS7_marine_group,0.0,0.0,0.0,0.0,0.0,0.0,0.002944423997055576,0.001846381093057607
NS9_marine_group,0.0,0.0,0.0,0.0,0.0037501802971296695,0.0,0.0,0.004985228951255539
Nitrosarchaeum,0.0,0.0,0.0,0.0027860696517412937,0.0,0.0,0.0,0.0
Nitrospira,0.016200294550810016,0.0,0.010061349693251533,0.014129353233830846,0.0,0.0,0.0,0.0
Nonlabens,0.0,0.0,0.0,0.0,0.0031732294821866435,0.0023094688221709007,0.0,0.0
Novosphingobium,0.018654884634266077,0.0,0.0,0.012736318407960199,0.0,0.0,0.0,0.0
OC31,0.0,0.0,0.0,0.0011940298507462687,0.0,0.0,0.0,0.0
OLB14,0.0,0.0,0.00147239263803681,0.0,0.0,0.0,0.0,0.0
OM182_clade,0.0,0.0,0.0,0.0,0.009375450742824174,0.025660764690787787,0.013986013986013986,0.007385524372230428
OM190,0.0,0.0,0.0,0.0,0.024953122746285878,0.03900436232999743,0.03183658446816342,0.021048744460856722
OM27_clade,0.010063819342169858,0.013532562729066817,0.014478527607361963,0.013532338308457712,0.0,0.004105722350526046,0.004784688995215311,0.0
OM43_clade,0.022827687776141383,0.0,0.013006134969325154,0.0,0.008077311409202365,0.008981267641775726,0.0,0.0
OM60(NOR5)_clade,0.0,0.0,0.0,0.0,0.009519688446559932,0.0,0.01104158998895841,0.012555391432791729
Oleiphilus,0.0,0.0,0.0,0.0,0.009808163854031444,0.01667949704901206,0.010857563489142437,0.005539143279172821
P.palmC41,0.0,0.0,0.0,0.0,0.0,0.0,0.0,0.0027695716395864105
P3OB-42,0.0,0.0,0.0,0.0,0.0,0.0,0.0020242914979757085,0.0
PAUC26f,0.0,0.0,0.0,0.0,0.0,0.0,0.0,0.0024002954209748893
PAUC43f_marine_benthic_group,0.0,0.0,0.0,0.0,0.0,0.0,0.004600662495399337,0.003877400295420975
PB19,0.01055473735886107,0.007893994925288977,0.0252760736196319,0.01791044776119403,0.002452040963507861,0.006671798819604825,0.0,0.0
PLTA13,0.0,0.0,0.0022085889570552146,0.0,0.0,0.0,0.0,0.0
PS1_clade,0.0,0.0,0.0,0.0,0.004471368815808452,0.0,0.0,0.0
Paludibacter,0.0,0.0,0.0,0.0031840796019900496,0.0,0.0,0.0,0.0
PeM15,0.04050073637702504,0.06484352974344516,0.046134969325153374,0.03303482587064677,0.005192557334487235,0.0,0.005336768494663232,0.007200886262924667
Pelagicoccus,0.0,0.0,0.0,0.0,0.0038944180008654264,0.0043623299974339235,0.004048582995951417,0.0027695716395864105
Peredibacter,0.0,0.0,0.0,0.0009950248756218905,0.005769508149430261,0.0,0.0,0.0
Persicirhabdus,0.0,0.0,0.0,0.0,0.006202221260637531,0.0,0.0,0.0
Phycisphaera,0.0,0.0,0.0,0.0,0.004182893408336939,0.0,0.0,0.0
Pirellula,0.0,0.0,0.0031901840490797546,0.0,0.0,0.0,0.0,0.0
Pla3_lineage,0.003681885125184094,0.0039469974626444885,0.00588957055214724,0.003781094527363184,0.010673590076445983,0.02617397998460354,0.01950680898049319,0.017355982274741506
Planctomicrobium,0.016936671575846832,0.036650690724555963,0.015214723926380368,0.019303482587064675,0.0,0.0,0.0,0.0014771048744460858
Planctopirus,0.009818360333824251,0.014378347899633492,0.012269938650306749,0.011741293532338309,0.0,0.0,0.0,0.0
Pleionea,0.0,0.0,0.0,0.0,0.004615606519544209,0.004618937644341801,0.004784688995215311,0.0
Polynucleobacter,0.025036818851251842,0.01381449111925571,0.017914110429447853,0.012736318407960199,0.0,0.0,0.0,0.0
Propionigenium,0.0,0.0,0.0,0.0,0.008221549112938122,0.0,0.005888847994111152,0.0
Propionispira,0.0,0.0,0.0,0.0023880597014925373,0.0,0.0,0.0,0.0
Pseudarcicella,0.008836524300441826,0.034395263603044825,0.013742331288343559,0.018308457711442787,0.0,0.0,0.0,0.0
Pseudoalteromonas,0.0,0.0,0.0,0.0,0.012981393336218087,0.03181934821657685,0.0,0.0
Pseudobacteriovorax,0.01055473735886107,0.012122920778122357,0.009325153374233128,0.010746268656716417,0.0,0.0,0.0,0.0
Pseudohongiella,0.017918507609229258,0.015787989850577954,0.019386503067484663,0.009154228855721393,0.012692917928746574,0.01437002822684116,0.02410747147589253,0.019017725258493354
R76-B128,0.0,0.0,0.0,0.0,0.0028847540747151306,0.0,0.0,0.0
R7C24,0.0,0.0,0.0,0.012338308457711443,0.0,0.0,0.0,0.0
Reinekea,0.0,0.0,0.0,0.0,0.006057983556901774,0.007698229407236336,0.007545086492454913,0.0
Reyranella,0.018409425625920472,0.017761488581900197,0.016687116564417178,0.011343283582089553,0.0,0.0,0.0,0.0
Rheinheimera,0.0,0.00422892585283338,0.0,0.0,0.0,0.0,0.0,0.0
Rhodopirellula,0.0,0.0,0.0,0.0,0.005913745853166018,0.0,0.0,0.0
Rickettsiella,0.0019636720667648502,0.0,0.0,0.0,0.0,0.0,0.0,0.0
Robiginitalea,0.0,0.0,0.02674846625766871,0.004577114427860697,0.030434155488244626,0.01180395175776238,0.018218623481781375,0.014217134416543575
Rokubacteriales,0.0,0.0,0.0,0.004776119402985075,0.0,0.0,0.0,0.0
Roseibacillus,0.0014727540500736377,0.0,0.0,0.0,0.0,0.0,0.006072874493927126,0.005908419497784343
Rubripirellula,0.0,0.0,0.0,0.0,0.023943458820135582,0.014626635873749037,0.014906146485093854,0.009785819793205317
Rubritalea,0.0,0.0,0.0,0.0,0.0,0.0,0.007729112992270887,0.004985228951255539
S085,0.0,0.0,0.0041717791411042945,0.0,0.0,0.0,0.0,0.0
S25-593,0.0,0.0,0.0,0.0,0.005192557334487235,0.0,0.008097165991902834,0.010524372230428361
SAR116_clade,0.0,0.0,0.0,0.0,0.008077311409202365,0.0266871952784193,0.0090172984909827,0.02326440177252585
SAR324_clade(Marine_group_B),0.01914580265095729,0.025373555117000283,0.00196319018404908,0.014328358208955224,0.0132698687436896,0.009751090582499358,0.007545086492454913,0.0051698670605613
SAR86_clade,0.010063819342169858,0.0067662813645334085,0.008343558282208589,0.005970149253731343,0.01745276215202654,0.022068257634077496,0.03367684946632315,0.015140324963072379
SAR92_clade,0.0,0.0,0.0,0.0,0.0,0.0,0.0,0.004062038404726735
SCGC_AAA164-E04,0.0,0.010713278827177897,0.018650306748466256,0.016119402985074627,0.0070676474830520695,0.010264305876315114,0.007545086492454913,0.009601181683899557
SCGC_AAA286-E23,0.0,0.0,0.0,0.0,0.0,0.0,0.001472211998527788,0.0
SH-PL14,0.012027491408934709,0.01804341697208909,0.014233128834355829,0.014328358208955224,0.0,0.0,0.0,0.0
SH3-11,0.0,0.0,0.00588957055214724,0.0,0.0,0.0,0.0,0.0
SL56_marine_group,0.002700049091801669,0.002255427121511136,0.0,0.0,0.0,0.0,0.0,0.0
Saccharimonadales,0.0,0.0,0.0,0.0,0.002740516370979374,0.0023094688221709007,0.001104158998895841,0.0022156573116691287
Saprospira,0.0,0.0,0.0,0.0,0.0014423770373575653,0.0,0.0,0.0
Schlesneria,0.007118311242022582,0.006484352974344516,0.0,0.0,0.0,0.0,0.0,0.0
Sediminibacterium,0.021354933726067747,0.02227234282492247,0.026012269938650308,0.01154228855721393,0.0,0.0,0.0,0.0
Sericytochromatia,0.0,0.0,0.0,0.004378109452736319,0.004759844223279966,0.0,0.0,0.00258493353028065
Sneathiella,0.0,0.0,0.0,0.0,0.0,0.0,0.0,0.0009231905465288035
Sphingomicrobium,0.0,0.0,0.0,0.0,0.0,0.0,0.0,0.004062038404726735
Stappiaceae,0.0,0.0,0.0,0.0,0.010529352372710226,0.026943802925327175,0.02521163047478837,0.008677991137370753
Subgroup_10,0.0,0.0,0.0,0.0,0.007211885186787826,0.00718501411342058,0.008649245491350755,0.008677991137370753
Subgroup_17,0.0,0.0,0.0,0.0027860696517412937,0.0,0.0,0.0,0.00258493353028065
Subgroup_2,0.0,0.004792782633211165,0.0,0.007960199004975124,0.0,0.0,0.0,0.0
Subgroup_22,0.0,0.0,0.0,0.0009950248756218905,0.0,0.0,0.0,0.0
Subgroup_23,0.0,0.0,0.0,0.0,0.0,0.0,0.00736105999263894,0.01070901033973412
Subgroup_5,0.0,0.00281928390188892,0.0,0.0,0.0,0.0,0.0,0.0
Sulfuricurvum,0.0,0.0,0.0041717791411042945,0.0,0.0,0.0,0.0,0.0
Sulfurifustis,0.012763868433971527,0.013532562729066817,0.012515337423312883,0.014129353233830846,0.0,0.0,0.0,0.0
Sulfurimonas,0.0,0.0,0.0,0.0,0.010817827780181739,0.020015396458814474,0.019874861980125138,0.014771048744460856
Sulfurovum,0.0,0.0,0.0,0.0,0.012692917928746574,0.024634334103156273,0.02410747147589253,0.01624815361890694
Sva0081_sediment_group,0.0,0.0,0.0,0.0,0.010529352372710226,0.0,0.0,0.0
Sva0485,0.0022091310751104565,0.0,0.0,0.0027860696517412937,0.0,0.0,0.0,0.0024002954209748893
Sva0996_marine_group,0.0,0.0,0.0,0.0,0.016587335929612,0.022324865280985373,0.013065881486934118,0.0155096011816839
Sva1033,0.0,0.0,0.0,0.0,0.0,0.0,0.007545086492454913,0.006277695716395864
Symphothece_PCC-7002,0.0,0.0,0.0,0.0,0.0099524015577672,0.006928406466512702,0.009753404490246595,0.006831610044313146
Synechococcus_CC9902,0.0,0.0,0.0,0.0,0.06663781912591951,0.05876315114190403,0.07103422892896577,0.0723781388478582
T34,0.0031909671084928816,0.002537355511700028,0.0026993865030674846,0.003781094527363184,0.0,0.0,0.0,0.0
TRA3-20,0.024054982817869417,0.021708486044544686,0.027239263803680983,0.020497512437810946,0.0,0.0,0.0,0.0
Taeseokella,0.0,0.0,0.0,0.0,0.008942737631616904,0.008981267641775726,0.00368052999631947,0.0
Tamlana,0.0,0.0,0.0,0.0,0.0,0.0,0.0,0.0066469719350073855
Tenacibaculum,0.0,0.0,0.0,0.0,0.005769508149430261,0.0,0.0,0.0
Terrimicrobium,0.00859106529209622,0.010149422046800112,0.005644171779141104,0.009154228855721393,0.0,0.0,0.0,0.0
Terrimonas,0.0,0.0,0.011042944785276074,0.01373134328358209,0.0,0.0,0.0,0.0
Thalassospira,0.0,0.0,0.0,0.0,0.004759844223279966,0.0,0.0,0.0
Thalassotalea,0.0,0.0,0.0,0.0,0.0,0.0,0.0038645564961354434,0.004246676514032497
Thaumasiovibrio,0.0,0.0,0.0,0.0,0.011539016298860522,0.014113420579933282,0.012145748987854251,0.014586410635155096
Thiobacillus,0.014482081492390771,0.0,0.0,0.00835820895522388,0.0,0.0,0.0,0.0
Thiomicrorhabdus,0.0,0.0,0.0,0.0,0.004615606519544209,0.0,0.0016562384983437614,0.0029542097488921715
Thiothrix,0.0,0.0,0.0,0.001791044776119403,0.0,0.0,0.0,0.0
Turneriella,0.0,0.0,0.0,0.0013930348258706469,0.0,0.0,0.0,0.0
UBA10353_marine_group,0.0,0.0,0.0051533742331288344,0.0,0.007211885186787826,0.01077752117013087,0.009569377990430622,0.01310930576070901
Urania-1B-19_marine_sediment_group,0.0,0.0,0.0,0.0,0.0,0.0025660764690787785,0.0,0.0
Vampirovibrionales,0.0,0.0,0.0,0.0,0.0,0.003079291762894534,0.0,0.0
Verruc-01,0.0,0.0,0.0,0.0,0.010096639261502957,0.02258147292789325,0.012145748987854251,0.015324963072378139
Vicinamibacteraceae,0.019391261659302897,0.01917113053284466,0.007607361963190184,0.010348258706467661,0.0,0.0,0.0,0.0
WS2,0.0,0.0,0.0,0.0,0.0025962786672436176,0.0007698229407236335,0.0020242914979757085,0.0
WWH38,0.0,0.0,0.0017177914110429449,0.0,0.0,0.0,0.0,0.0
Wenyingzhuangia,0.0,0.0,0.0,0.0,0.006346458964373287,0.0,0.0,0.0
Woesearchaeales,0.0,0.0,0.0,0.0,0.00865426222414539,0.015139851167564793,0.012881854987118146,0.010893648449039882
Xenococcus_PCC-7305,0.0,0.0,0.0,0.0,0.0,0.0,0.0,0.0020310192023633676
ZOR0006,0.0,0.0,0.0,0.0,0.0020193278523005912,0.0,0.0,0.0
Zixibacteria,0.0,0.0,0.0,0.0,0.0015866147410933218,0.0,0.0009201324990798675,0.0
[Caedibacter]_taeniospiralis_group,0.0,0.0,0.0,0.0,0.0,0.0,0.0,0.0027695716395864105
cvE6,0.0,0.0,0.0,0.0,0.002740516370979374,0.0,0.001472211998527788,0.0009231905465288035
env.OPS_17,0.003436426116838488,0.006202424584155625,0.0036809815950920245,0.0,0.0,0.0,0.0,0.0
hgcI_clade,0.020618556701030927,0.04341697208908937,0.0301840490797546,0.02527363184079602,0.0,0.0,0.0,0.0
vadinHA49,0.0,0.0,0.0,0.0,0.002452040963507861,0.0,0.0,0.0
