,taxon_id,1K_1-order,1K_2-order,1K_3-order,1K_4-order,1K_5-order,10K_1-order,10K_2-order,10K_3-order,10K_4-order,10K_5-order,100K_1-order,100K_2-order,100K_3-order,100K_4-order,100K_5-order,1M_1-order,1M_2-order,1M_3-order,1M_4-order,1M_5-order,10M_1-order,10M_3-order,10M_4-order,10M_5-order
Alteromonadales,135622.0,73.0,73.0,70.0,73.0,70.0,701.0,717.0,659.0,678.0,660.0,6928.0,6857.0,7064.0,6798.0,7049.0,69170.0,69751.0,69558.0,69719.0,69681.0,694891.0,695005.0,693444.0,694667.0
Flavobacteriales,200644.0,47.0,44.0,40.0,46.0,42.0,553.0,532.0,505.0,551.0,522.0,5615.0,5420.0,5299.0,5369.0,5383.0,54135.0,53784.0,54198.0,53985.0,54240.0,541494.0,541745.0,542403.0,541585.0
Rhodobacterales,204455.0,41.0,51.0,34.0,37.0,41.0,449.0,456.0,469.0,416.0,465.0,4406.0,4373.0,4435.0,4504.0,4376.0,44443.0,44302.0,44398.0,44600.0,44410.0,445380.0,445680.0,445405.0,446306.0
Oceanospirillales,135619.0,28.0,29.0,28.0,35.0,43.0,315.0,320.0,315.0,286.0,348.0,3218.0,3207.0,3271.0,3131.0,3192.0,31824.0,31955.0,32126.0,31602.0,31913.0,319036.0,319022.0,318945.0,318538.0
Sphingomonadales,204457.0,12.0,8.0,13.0,11.0,7.0,110.0,105.0,116.0,102.0,88.0,980.0,957.0,897.0,968.0,986.0,9763.0,9520.0,9742.0,9602.0,9785.0,96938.0,96932.0,97114.0,96933.0
Pelagibacterales,54526.0,8.0,7.0,6.0,4.0,4.0,51.0,62.0,56.0,55.0,59.0,577.0,542.0,508.0,563.0,485.0,5275.0,5319.0,5303.0,5272.0,5328.0,52933.0,53168.0,53125.0,52987.0
Hyphomicrobiales,356.0,7.0,3.0,3.0,10.0,6.0,53.0,48.0,58.0,53.0,40.0,491.0,444.0,489.0,466.0,443.0,4688.0,4628.0,4597.0,4785.0,4552.0,46015.0,46004.0,46032.0,45945.0
Vibrionales,135623.0,6.0,2.0,1.0,1.0,0.0,27.0,16.0,22.0,20.0,16.0,185.0,216.0,196.0,228.0,190.0,2133.0,2098.0,2114.0,2112.0,2068.0,20835.0,20929.0,21005.0,20972.0
Saprospirales,1936988.0,6.0,2.0,3.0,1.0,1.0,20.0,21.0,27.0,24.0,26.0,276.0,320.0,281.0,292.0,252.0,2855.0,2830.0,2893.0,2917.0,2785.0,28369.0,28206.0,28100.0,28191.0
Burkholderiales,80840.0,5.0,8.0,3.0,4.0,4.0,56.0,56.0,59.0,67.0,59.0,609.0,642.0,631.0,614.0,586.0,5979.0,6249.0,6079.0,5996.0,5959.0,60299.0,60283.0,60298.0,60678.0
Moraxellales,2887326.0,5.0,7.0,4.0,6.0,3.0,53.0,61.0,49.0,62.0,55.0,641.0,590.0,583.0,570.0,621.0,5780.0,5701.0,5756.0,5674.0,5686.0,57027.0,57458.0,57267.0,57295.0
Thalassiosirales,33847.0,4.0,8.0,2.0,5.0,5.0,49.0,48.0,48.0,47.0,36.0,441.0,504.0,474.0,466.0,475.0,4788.0,4650.0,4594.0,4538.0,4529.0,46387.0,46303.0,46257.0,46249.0
Desulfobacterales,213118.0,4.0,2.0,2.0,2.0,0.0,46.0,36.0,36.0,37.0,36.0,364.0,405.0,374.0,400.0,365.0,3754.0,3738.0,3697.0,3833.0,3702.0,37303.0,37397.0,37624.0,37614.0
Cellvibrionales,1706369.0,4.0,6.0,13.0,3.0,4.0,72.0,81.0,77.0,75.0,78.0,772.0,811.0,772.0,767.0,784.0,7761.0,7661.0,7789.0,7715.0,7738.0,76317.0,76810.0,76841.0,76477.0
Chromatiales,135613.0,3.0,4.0,4.0,5.0,7.0,39.0,40.0,42.0,33.0,27.0,420.0,386.0,449.0,366.0,386.0,3916.0,3953.0,4023.0,4135.0,4002.0,40153.0,40139.0,40321.0,40020.0
Pirellulales,2691354.0,3.0,2.0,5.0,2.0,3.0,21.0,23.0,14.0,13.0,18.0,214.0,218.0,218.0,225.0,211.0,2252.0,2179.0,2126.0,2130.0,2166.0,21683.0,21641.0,21541.0,21557.0
Chlorellales,35460.0,2.0,0.0,0.0,0.0,0.0,3.0,4.0,4.0,4.0,0.0,34.0,45.0,36.0,40.0,39.0,356.0,344.0,360.0,381.0,353.0,3579.0,3549.0,3559.0,3576.0
Verrucomicrobiales,48461.0,2.0,2.0,2.0,1.0,6.0,28.0,31.0,29.0,34.0,24.0,249.0,289.0,277.0,307.0,279.0,2810.0,2860.0,2827.0,2782.0,2944.0,28356.0,28386.0,28433.0,28415.0
Desulfuromonadales,69541.0,2.0,0.0,2.0,0.0,0.0,5.0,4.0,9.0,4.0,9.0,58.0,43.0,37.0,49.0,43.0,453.0,467.0,490.0,473.0,499.0,4784.0,4800.0,4798.0,4861.0
Pseudomonadales,72274.0,2.0,2.0,3.0,3.0,3.0,14.0,20.0,29.0,21.0,24.0,229.0,216.0,211.0,212.0,233.0,2208.0,2222.0,2240.0,2185.0,2147.0,21902.0,21943.0,21907.0,21824.0
Micrococcales,85006.0,2.0,2.0,4.0,3.0,2.0,22.0,33.0,25.0,28.0,31.0,253.0,262.0,245.0,271.0,283.0,2524.0,2610.0,2552.0,2599.0,2585.0,25339.0,25310.0,25366.0,25221.0
Gemmatimonadales,219686.0,2.0,0.0,0.0,0.0,0.0,3.0,1.0,3.0,2.0,2.0,13.0,16.0,11.0,21.0,17.0,154.0,159.0,180.0,167.0,137.0,1559.0,1532.0,1568.0,1590.0
Chaetocerotales,265576.0,2.0,1.0,5.0,2.0,2.0,16.0,14.0,11.0,18.0,24.0,155.0,166.0,161.0,179.0,166.0,1558.0,1543.0,1503.0,1514.0,1543.0,15157.0,15263.0,15347.0,15260.0
Cytophagales,768507.0,2.0,6.0,10.0,6.0,5.0,52.0,53.0,78.0,72.0,51.0,666.0,657.0,673.0,684.0,653.0,6567.0,6650.0,6465.0,6603.0,6461.0,65636.0,65562.0,65387.0,65558.0
Synechococcales,1890424.0,2.0,0.0,0.0,0.0,0.0,6.0,5.0,2.0,16.0,7.0,51.0,36.0,56.0,60.0,50.0,542.0,565.0,552.0,554.0,558.0,5475.0,5404.0,5493.0,5398.0
Mamiellales,13792.0,1.0,4.0,2.0,1.0,0.0,23.0,12.0,23.0,25.0,20.0,192.0,206.0,231.0,196.0,218.0,2102.0,2110.0,2097.0,2092.0,2151.0,21028.0,20962.0,20811.0,20839.0
Bacillariales,33851.0,1.0,2.0,2.0,4.0,2.0,16.0,19.0,29.0,21.0,25.0,245.0,235.0,256.0,232.0,217.0,2420.0,2498.0,2453.0,2441.0,2503.0,24437.0,24393.0,24501.0,24558.0
Naviculales,38748.0,1.0,5.0,9.0,4.0,7.0,50.0,60.0,55.0,67.0,61.0,499.0,504.0,499.0,522.0,510.0,4986.0,5058.0,5158.0,4916.0,5076.0,50581.0,50679.0,50577.0,50406.0
Pelagomonadales,54409.0,1.0,0.0,0.0,0.0,0.0,0.0,0.0,0.0,0.0,0.0,4.0,2.0,2.0,4.0,3.0,44.0,51.0,48.0,56.0,57.0,476.0,492.0,478.0,472.0
Corynebacteriales,85007.0,1.0,0.0,0.0,0.0,3.0,3.0,3.0,7.0,3.0,7.0,68.0,52.0,61.0,50.0,58.0,494.0,523.0,543.0,524.0,525.0,5219.0,5242.0,5246.0,5202.0
Suessiales,89954.0,1.0,1.0,1.0,2.0,1.0,0.0,1.0,3.0,0.0,3.0,32.0,28.0,29.0,36.0,27.0,297.0,284.0,259.0,267.0,307.0,2939.0,2878.0,2869.0,2862.0
Enterobacterales,91347.0,1.0,0.0,1.0,1.0,1.0,6.0,8.0,3.0,11.0,8.0,68.0,65.0,72.0,68.0,69.0,758.0,732.0,721.0,693.0,710.0,7231.0,7314.0,7299.0,7273.0
Cymbellales,97224.0,1.0,0.0,0.0,0.0,0.0,0.0,3.0,2.0,1.0,4.0,11.0,12.0,15.0,12.0,25.0,161.0,157.0,146.0,154.0,168.0,1624.0,1630.0,1606.0,1672.0
Sphingobacteriales,200666.0,1.0,0.0,1.0,1.0,0.0,13.0,9.0,4.0,9.0,14.0,94.0,76.0,90.0,79.0,81.0,835.0,827.0,823.0,822.0,817.0,8573.0,8491.0,8380.0,8539.0
Caulobacterales,204458.0,1.0,0.0,0.0,0.0,0.0,1.0,4.0,1.0,0.0,0.0,21.0,17.0,17.0,19.0,17.0,173.0,154.0,169.0,143.0,175.0,1643.0,1643.0,1653.0,1688.0
Ktedonobacterales,388448.0,1.0,0.0,1.0,0.0,0.0,0.0,0.0,0.0,0.0,1.0,2.0,1.0,0.0,1.0,2.0,12.0,12.0,8.0,17.0,14.0,144.0,141.0,142.0,141.0
Nitrospinales,1293499.0,1.0,0.0,0.0,0.0,0.0,0.0,1.0,1.0,0.0,1.0,6.0,8.0,10.0,5.0,7.0,74.0,60.0,63.0,78.0,69.0,653.0,662.0,674.0,657.0
Ferrovales,1442155.0,1.0,0.0,0.0,0.0,0.0,0.0,1.0,0.0,0.0,0.0,1.0,2.0,2.0,0.0,2.0,12.0,13.0,9.0,8.0,5.0,100.0,92.0,102.0,110.0
Rhodothermales,1853224.0,1.0,2.0,0.0,2.0,1.0,10.0,9.0,2.0,6.0,5.0,52.0,65.0,64.0,62.0,61.0,613.0,662.0,677.0,658.0,620.0,6383.0,6339.0,6414.0,6394.0
Cryptosporangiales,2495577.0,1.0,0.0,0.0,0.0,0.0,0.0,0.0,0.0,0.0,0.0,0.0,0.0,0.0,0.0,0.0,9.0,9.0,8.0,3.0,8.0,53.0,55.0,52.0,56.0
Hyphomonadales,2800060.0,1.0,1.0,1.0,1.0,0.0,2.0,2.0,7.0,3.0,4.0,33.0,32.0,38.0,36.0,39.0,379.0,381.0,394.0,388.0,419.0,3914.0,3848.0,3808.0,3841.0
Viruses,10239.0,1.0,0.0,1.0,3.0,0.0,12.0,11.0,11.0,16.0,11.0,97.0,109.0,109.0,106.0,105.0,1082.0,1068.0,1092.0,999.0,982.0,10473.0,10331.0,10449.0,10484.0
cannot be assigned to a (non-viral) order,nan,73.0,84.0,66.0,76.0,60.0,672.0,628.0,716.0,612.0,667.0,6677.0,6756.0,6582.0,6604.0,6775.0,66909.0,66743.0,66196.0,66875.0,66115.0,665696.0,666697.0,664706.0,666510.0
unclassified,nan,636.0,610.0,643.0,610.0,637.0,6136.0,6167.0,6131.0,6230.0,6172.0,61298.0,61450.0,61503.0,61748.0,61378.0,615235.0,615405.0,615179.0,615692.0,615905.0,6155891.0,6153848.0,6156336.0,6154557.0
Streptomycetales,85011.0,0.0,3.0,0.0,1.0,0.0,1.0,3.0,4.0,1.0,3.0,30.0,34.0,36.0,27.0,33.0,304.0,267.0,302.0,277.0,297.0,2831.0,2809.0,2824.0,2843.0
Rhodospirillales,204441.0,0.0,2.0,2.0,0.0,1.0,10.0,7.0,12.0,15.0,16.0,173.0,153.0,156.0,149.0,189.0,1634.0,1620.0,1548.0,1551.0,1573.0,16031.0,15805.0,15883.0,15937.0
Marinilabiliales,1970189.0,0.0,2.0,0.0,0.0,1.0,11.0,6.0,9.0,11.0,7.0,70.0,60.0,61.0,49.0,65.0,546.0,579.0,591.0,549.0,585.0,5710.0,5789.0,5754.0,5758.0
Planctomycetales,112.0,0.0,1.0,1.0,0.0,1.0,14.0,10.0,8.0,8.0,12.0,97.0,94.0,97.0,97.0,105.0,1001.0,965.0,988.0,992.0,999.0,9831.0,9853.0,9695.0,9802.0
Bacillales,1385.0,0.0,1.0,1.0,2.0,2.0,5.0,7.0,8.0,8.0,9.0,58.0,78.0,62.0,55.0,57.0,606.0,576.0,593.0,641.0,587.0,5967.0,5819.0,5932.0,6051.0
Atractiellales,34420.0,0.0,1.0,0.0,0.0,0.0,0.0,0.0,0.0,0.0,0.0,0.0,2.0,0.0,0.0,1.0,3.0,3.0,1.0,1.0,1.0,34.0,30.0,33.0,29.0
Aeromonadales,135624.0,0.0,1.0,1.0,0.0,1.0,2.0,2.0,3.0,2.0,1.0,24.0,13.0,31.0,12.0,13.0,222.0,214.0,197.0,203.0,182.0,1989.0,1974.0,1953.0,1952.0
Desulfovibrionales,213115.0,0.0,1.0,0.0,0.0,0.0,1.0,3.0,2.0,2.0,0.0,16.0,11.0,16.0,19.0,15.0,165.0,131.0,146.0,128.0,153.0,1319.0,1400.0,1388.0,1343.0
Acidithiobacillales,225057.0,0.0,1.0,0.0,0.0,0.0,0.0,1.0,1.0,0.0,0.0,5.0,6.0,7.0,5.0,7.0,57.0,69.0,53.0,54.0,77.0,646.0,596.0,620.0,624.0
Triceratiales,232508.0,0.0,1.0,0.0,0.0,0.0,2.0,1.0,1.0,1.0,2.0,6.0,9.0,6.0,11.0,7.0,67.0,63.0,79.0,69.0,69.0,696.0,676.0,703.0,712.0
Anaerolineales,292629.0,0.0,1.0,0.0,0.0,1.0,3.0,4.0,1.0,2.0,1.0,18.0,22.0,23.0,19.0,25.0,221.0,228.0,211.0,222.0,245.0,2248.0,2223.0,2237.0,2257.0
Sporadotrichida,693921.0,0.0,1.0,0.0,0.0,0.0,1.0,0.0,2.0,0.0,0.0,17.0,20.0,13.0,15.0,9.0,126.0,147.0,167.0,169.0,159.0,1495.0,1478.0,1475.0,1503.0
Candidatus Actinomarinales,1389450.0,0.0,1.0,0.0,1.0,0.0,0.0,1.0,1.0,0.0,1.0,2.0,6.0,6.0,7.0,8.0,59.0,64.0,62.0,69.0,70.0,574.0,588.0,596.0,603.0
Arenicellales,1617890.0,0.0,1.0,0.0,1.0,0.0,8.0,9.0,6.0,8.0,3.0,63.0,80.0,70.0,64.0,63.0,670.0,635.0,687.0,665.0,669.0,6853.0,6849.0,6941.0,6872.0
Emcibacterales,2066490.0,0.0,1.0,0.0,0.0,0.0,0.0,0.0,1.0,1.0,1.0,5.0,2.0,4.0,7.0,5.0,54.0,34.0,47.0,46.0,48.0,508.0,507.0,501.0,533.0
Isosphaerales,2691356.0,0.0,1.0,0.0,0.0,0.0,2.0,0.0,0.0,2.0,0.0,10.0,1.0,10.0,5.0,8.0,66.0,74.0,80.0,81.0,67.0,739.0,739.0,748.0,733.0
Maricaulales,2800059.0,0.0,1.0,0.0,0.0,0.0,5.0,9.0,5.0,3.0,4.0,31.0,35.0,48.0,41.0,57.0,411.0,425.0,425.0,425.0,397.0,4255.0,4210.0,4182.0,4183.0
Pseudanabaenales,2881377.0,0.0,1.0,0.0,1.0,0.0,1.0,6.0,2.0,3.0,4.0,40.0,37.0,24.0,33.0,29.0,308.0,291.0,334.0,288.0,279.0,3092.0,3075.0,3070.0,3042.0
Rickettsiales,766.0,0.0,0.0,1.0,0.0,2.0,13.0,12.0,16.0,18.0,16.0,160.0,154.0,152.0,166.0,167.0,1472.0,1472.0,1528.0,1543.0,1512.0,14912.0,14868.0,14840.0,14990.0
Bangiales,29216.0,0.0,0.0,1.0,0.0,0.0,0.0,0.0,0.0,0.0,0.0,0.0,1.0,0.0,0.0,1.0,3.0,4.0,6.0,6.0,8.0,57.0,56.0,52.0,63.0
Nitrosomonadales,32003.0,0.0,0.0,1.0,7.0,3.0,17.0,17.0,20.0,20.0,17.0,184.0,185.0,178.0,181.0,187.0,1861.0,1831.0,1698.0,1762.0,1779.0,18133.0,18101.0,18034.0,18212.0
Acidimicrobiales,84993.0,0.0,0.0,1.0,0.0,1.0,16.0,13.0,14.0,9.0,19.0,131.0,126.0,138.0,98.0,118.0,1286.0,1315.0,1321.0,1246.0,1251.0,12996.0,13078.0,13093.0,12948.0
Propionibacteriales,85009.0,0.0,0.0,1.0,1.0,0.0,3.0,1.0,4.0,3.0,6.0,54.0,49.0,41.0,40.0,41.0,435.0,436.0,414.0,437.0,429.0,4165.0,4109.0,4249.0,4187.0
Hymenochaetales,139380.0,0.0,0.0,1.0,0.0,0.0,0.0,0.0,0.0,0.0,0.0,0.0,0.0,0.0,0.0,0.0,2.0,3.0,3.0,1.0,3.0,29.0,34.0,26.0,29.0
Neisseriales,206351.0,0.0,0.0,1.0,2.0,0.0,0.0,3.0,2.0,0.0,3.0,23.0,19.0,23.0,20.0,26.0,225.0,229.0,214.0,234.0,221.0,2258.0,2175.0,2248.0,2236.0
Campylobacterales,213849.0,0.0,0.0,1.0,0.0,0.0,4.0,4.0,3.0,2.0,2.0,30.0,26.0,32.0,28.0,46.0,276.0,303.0,327.0,311.0,318.0,3081.0,3127.0,3090.0,3082.0
Cyanidiales,265318.0,0.0,0.0,1.0,0.0,0.0,0.0,0.0,0.0,0.0,0.0,0.0,0.0,1.0,2.0,2.0,16.0,6.0,4.0,9.0,8.0,110.0,101.0,111.0,116.0
Bacteriovoracales,2024979.0,0.0,0.0,1.0,0.0,0.0,1.0,2.0,1.0,0.0,1.0,15.0,12.0,11.0,8.0,15.0,132.0,127.0,135.0,163.0,127.0,1445.0,1480.0,1452.0,1441.0
Myxococcales,29.0,0.0,0.0,0.0,2.0,0.0,7.0,5.0,7.0,9.0,5.0,70.0,60.0,66.0,54.0,54.0,691.0,662.0,669.0,678.0,599.0,6680.0,6557.0,6751.0,6551.0
Xanthomonadales,135614.0,0.0,0.0,0.0,2.0,0.0,21.0,15.0,17.0,20.0,8.0,105.0,109.0,112.0,97.0,116.0,1173.0,1121.0,1167.0,1128.0,1105.0,11556.0,11583.0,11597.0,11447.0
Bacteroidales,171549.0,0.0,0.0,0.0,2.0,0.0,4.0,7.0,1.0,8.0,3.0,42.0,52.0,52.0,39.0,47.0,460.0,471.0,497.0,473.0,525.0,4930.0,4880.0,4959.0,4917.0
Chitinophagales,1853229.0,0.0,0.0,0.0,2.0,0.0,8.0,3.0,4.0,2.0,6.0,42.0,41.0,58.0,58.0,34.0,496.0,489.0,534.0,478.0,478.0,4932.0,4956.0,5033.0,4944.0
Oscillatoriales,1150.0,0.0,0.0,0.0,1.0,0.0,3.0,2.0,3.0,3.0,3.0,15.0,18.0,19.0,28.0,26.0,209.0,189.0,201.0,182.0,191.0,2005.0,1998.0,1968.0,1998.0
Agaricales,5338.0,0.0,0.0,0.0,1.0,0.0,1.0,0.0,0.0,0.0,0.0,2.0,3.0,5.0,3.0,1.0,36.0,48.0,44.0,52.0,35.0,422.0,425.0,421.0,445.0
Nitrosopumilales,31932.0,0.0,0.0,0.0,1.0,0.0,3.0,1.0,3.0,2.0,1.0,25.0,19.0,20.0,30.0,27.0,278.0,279.0,236.0,235.0,277.0,2496.0,2521.0,2458.0,2543.0
Pleurocapsales,52604.0,0.0,0.0,0.0,1.0,0.0,0.0,0.0,1.0,2.0,1.0,8.0,14.0,14.0,11.0,15.0,129.0,132.0,125.0,120.0,128.0,1220.0,1197.0,1197.0,1176.0
Leptomyxida,66524.0,0.0,0.0,0.0,1.0,0.0,0.0,0.0,0.0,0.0,0.0,0.0,0.0,0.0,0.0,0.0,0.0,0.0,0.0,0.0,0.0,0.0,1.0,1.0,2.0
Thiotrichales,72273.0,0.0,0.0,0.0,1.0,0.0,10.0,12.0,11.0,10.0,20.0,107.0,114.0,127.0,128.0,127.0,1156.0,1117.0,1160.0,1148.0,1158.0,11368.0,11561.0,11519.0,11524.0
Pseudonocardiales,85010.0,0.0,0.0,0.0,1.0,0.0,2.0,1.0,2.0,0.0,1.0,10.0,20.0,20.0,20.0,21.0,169.0,157.0,176.0,158.0,170.0,1627.0,1651.0,1669.0,1674.0
Pythiales,121069.0,0.0,0.0,0.0,1.0,0.0,2.0,0.0,0.0,0.0,0.0,6.0,5.0,1.0,5.0,3.0,44.0,37.0,29.0,26.0,55.0,377.0,346.0,382.0,366.0
Nitrospirales,189778.0,0.0,0.0,0.0,1.0,0.0,1.0,2.0,2.0,4.0,2.0,18.0,19.0,15.0,19.0,22.0,183.0,202.0,179.0,189.0,201.0,1909.0,1934.0,1922.0,1910.0
Chlorobiales,191411.0,0.0,0.0,0.0,1.0,0.0,1.0,0.0,1.0,0.0,1.0,2.0,1.0,5.0,5.0,4.0,28.0,34.0,27.0,40.0,32.0,379.0,400.0,397.0,367.0
Sneathiellales,510684.0,0.0,0.0,0.0,1.0,1.0,0.0,0.0,2.0,0.0,1.0,8.0,15.0,11.0,12.0,10.0,110.0,105.0,123.0,143.0,115.0,1164.0,1206.0,1166.0,1170.0
Puniceicoccales,415001.0,0.0,0.0,0.0,0.0,3.0,6.0,9.0,13.0,13.0,14.0,99.0,102.0,101.0,90.0,85.0,985.0,1035.0,975.0,960.0,1023.0,9817.0,9805.0,9920.0,9898.0
Methylococcales,135618.0,0.0,0.0,0.0,0.0,2.0,6.0,0.0,5.0,5.0,6.0,37.0,49.0,35.0,32.0,40.0,381.0,360.0,378.0,396.0,405.0,3738.0,3728.0,3760.0,3694.0
Hypocreales,5125.0,0.0,0.0,0.0,0.0,1.0,0.0,0.0,0.0,0.0,0.0,3.0,5.0,6.0,10.0,4.0,62.0,60.0,61.0,46.0,55.0,536.0,553.0,550.0,552.0
Helotiales,5178.0,0.0,0.0,0.0,0.0,1.0,0.0,1.0,0.0,2.0,1.0,2.0,3.0,3.0,1.0,1.0,20.0,23.0,33.0,24.0,23.0,268.0,265.0,272.0,245.0
Chromulinales,96792.0,0.0,0.0,0.0,0.0,1.0,0.0,0.0,0.0,0.0,0.0,1.0,0.0,0.0,1.0,0.0,8.0,12.0,6.0,8.0,14.0,88.0,92.0,95.0,94.0
Hydrogenophilales,119069.0,0.0,0.0,0.0,0.0,1.0,0.0,1.0,0.0,0.0,1.0,5.0,6.0,2.0,3.0,1.0,35.0,35.0,30.0,28.0,27.0,344.0,358.0,348.0,358.0
Eubacteriales,186802.0,0.0,0.0,0.0,0.0,1.0,7.0,8.0,7.0,4.0,9.0,44.0,49.0,47.0,36.0,48.0,446.0,451.0,441.0,442.0,464.0,4577.0,4594.0,4576.0,4563.0
Lactobacillales,186826.0,0.0,0.0,0.0,0.0,1.0,1.0,1.0,2.0,3.0,1.0,23.0,18.0,12.0,18.0,19.0,135.0,150.0,127.0,143.0,144.0,1389.0,1365.0,1403.0,1402.0
Deferribacterales,191393.0,0.0,0.0,0.0,0.0,1.0,1.0,0.0,0.0,0.0,0.0,2.0,0.0,1.0,2.0,0.0,14.0,9.0,14.0,11.0,11.0,130.0,134.0,133.0,134.0
Rhodocyclales,206389.0,0.0,0.0,0.0,0.0,1.0,4.0,1.0,2.0,5.0,6.0,21.0,26.0,16.0,24.0,25.0,258.0,288.0,268.0,266.0,330.0,2847.0,2826.0,2794.0,2885.0
Thermoflexales,1495647.0,0.0,0.0,0.0,0.0,1.0,1.0,1.0,0.0,0.0,0.0,0.0,2.0,0.0,1.0,0.0,7.0,6.0,8.0,5.0,5.0,75.0,65.0,61.0,74.0
Balneolales,1853223.0,0.0,0.0,0.0,0.0,1.0,0.0,1.0,1.0,0.0,0.0,7.0,21.0,16.0,9.0,5.0,126.0,117.0,128.0,136.0,105.0,1129.0,1108.0,1091.0,1132.0
Licmophorales,2108076.0,0.0,0.0,0.0,0.0,1.0,0.0,1.0,0.0,0.0,1.0,4.0,5.0,4.0,6.0,1.0,64.0,54.0,50.0,54.0,49.0,596.0,534.0,510.0,573.0
Nostocales,1161.0,0.0,0.0,0.0,0.0,0.0,3.0,4.0,0.0,2.0,3.0,18.0,20.0,12.0,16.0,24.0,159.0,172.0,152.0,175.0,156.0,1646.0,1629.0,1649.0,1641.0
Actinomycetales,2037.0,0.0,0.0,0.0,0.0,0.0,3.0,3.0,1.0,3.0,2.0,23.0,23.0,27.0,25.0,27.0,199.0,217.0,242.0,204.0,230.0,2204.0,2213.0,2198.0,2265.0
Chlamydomonadales,3042.0,0.0,0.0,0.0,0.0,0.0,3.0,1.0,1.0,0.0,2.0,14.0,7.0,6.0,9.0,12.0,127.0,131.0,143.0,134.0,118.0,1183.0,1163.0,1188.0,1148.0
Bdellovibrionales,213481.0,0.0,0.0,0.0,0.0,0.0,3.0,1.0,0.0,0.0,1.0,15.0,12.0,6.0,11.0,14.0,115.0,105.0,94.0,94.0,118.0,1032.0,1006.0,988.0,978.0
Kordiimonadales,362534.0,0.0,0.0,0.0,0.0,0.0,3.0,1.0,1.0,0.0,2.0,7.0,5.0,13.0,7.0,16.0,103.0,109.0,105.0,98.0,109.0,988.0,1019.0,991.0,1018.0
Pyrenomonadales,589342.0,0.0,0.0,0.0,0.0,0.0,3.0,1.0,1.0,2.0,0.0,16.0,18.0,16.0,15.0,16.0,170.0,173.0,169.0,162.0,176.0,1818.0,1800.0,1793.0,1782.0
Phycisphaerales,666506.0,0.0,0.0,0.0,0.0,0.0,3.0,6.0,2.0,2.0,1.0,31.0,20.0,37.0,29.0,36.0,278.0,269.0,282.0,270.0,286.0,2843.0,2818.0,2786.0,2792.0
Saprolegniales,4763.0,0.0,0.0,0.0,0.0,0.0,2.0,0.0,0.0,1.0,1.0,13.0,7.0,9.0,5.0,11.0,82.0,80.0,93.0,105.0,81.0,790.0,836.0,792.0,812.0
Euplotida,33831.0,0.0,0.0,0.0,0.0,0.0,2.0,1.0,0.0,0.0,0.0,3.0,2.0,3.0,1.0,1.0,19.0,26.0,23.0,36.0,32.0,274.0,252.0,251.0,245.0
Sphaeropleales,35491.0,0.0,0.0,0.0,0.0,0.0,2.0,0.0,0.0,0.0,0.0,1.0,3.0,4.0,5.0,4.0,46.0,53.0,46.0,45.0,45.0,530.0,519.0,514.0,485.0
Eutreptiales,86652.0,0.0,0.0,0.0,0.0,0.0,2.0,0.0,1.0,1.0,1.0,7.0,5.0,6.0,6.0,3.0,62.0,57.0,71.0,62.0,72.0,577.0,570.0,570.0,567.0
Syndiniales,88547.0,0.0,0.0,0.0,0.0,0.0,2.0,2.0,0.0,0.0,0.0,0.0,4.0,3.0,2.0,0.0,31.0,22.0,29.0,26.0,26.0,245.0,243.0,257.0,248.0
Pasteurellales,135625.0,0.0,0.0,0.0,0.0,0.0,2.0,1.0,1.0,0.0,1.0,20.0,10.0,11.0,13.0,12.0,121.0,133.0,110.0,123.0,116.0,1198.0,1171.0,1233.0,1215.0
Eustigmatales,425074.0,0.0,0.0,0.0,0.0,0.0,2.0,1.0,0.0,1.0,1.0,5.0,9.0,5.0,2.0,6.0,55.0,46.0,67.0,46.0,50.0,536.0,538.0,529.0,545.0
Erysipelotrichales,526525.0,0.0,0.0,0.0,0.0,0.0,2.0,0.0,0.0,0.0,0.0,1.0,3.0,1.0,1.0,1.0,23.0,26.0,21.0,30.0,27.0,205.0,192.0,201.0,181.0
Nevskiales,1775403.0,0.0,0.0,0.0,0.0,0.0,2.0,0.0,0.0,3.0,6.0,10.0,24.0,15.0,27.0,21.0,165.0,181.0,198.0,161.0,183.0,1810.0,1813.0,1769.0,1796.0
Craspedida,1924738.0,0.0,0.0,0.0,0.0,0.0,2.0,0.0,0.0,0.0,1.0,1.0,1.0,4.0,5.0,2.0,45.0,39.0,39.0,39.0,39.0,445.0,431.0,416.0,427.0
Chroococcales,1118.0,0.0,0.0,0.0,0.0,0.0,1.0,1.0,1.0,2.0,1.0,9.0,12.0,8.0,10.0,19.0,113.0,112.0,109.0,114.0,86.0,1019.0,1040.0,1036.0,1021.0
Laminariales,2886.0,0.0,0.0,0.0,0.0,0.0,1.0,0.0,0.0,0.0,0.0,0.0,1.0,1.0,0.0,0.0,0.0,3.0,3.0,1.0,3.0,20.0,21.0,17.0,20.0
Peridiniales,2910.0,0.0,0.0,0.0,0.0,0.0,1.0,0.0,0.0,0.0,0.0,6.0,5.0,12.0,7.0,6.0,70.0,65.0,91.0,70.0,70.0,741.0,720.0,690.0,711.0
Taphrinales,5008.0,0.0,0.0,0.0,0.0,0.0,1.0,0.0,0.0,0.0,0.0,0.0,0.0,0.0,0.0,1.0,3.0,4.0,3.0,5.0,4.0,35.0,33.0,33.0,21.0
Eurotiales,5042.0,0.0,0.0,0.0,0.0,0.0,1.0,0.0,1.0,0.0,1.0,7.0,5.0,1.0,5.0,4.0,40.0,43.0,42.0,36.0,63.0,417.0,432.0,405.0,409.0
Bryopsidales,33104.0,0.0,0.0,0.0,0.0,0.0,1.0,0.0,0.0,0.0,0.0,2.0,1.0,0.0,2.0,2.0,20.0,19.0,20.0,12.0,14.0,160.0,154.0,151.0,162.0
Eupodiscales,33838.0,0.0,0.0,0.0,0.0,0.0,1.0,0.0,0.0,0.0,0.0,2.0,4.0,5.0,5.0,5.0,34.0,33.0,36.0,27.0,31.0,335.0,364.0,329.0,323.0
Fragilariales,33855.0,0.0,0.0,0.0,0.0,0.0,1.0,4.0,2.0,1.0,3.0,16.0,14.0,22.0,13.0,17.0,182.0,176.0,162.0,172.0,159.0,1783.0,1851.0,1798.0,1832.0
Oxymonadida,66288.0,0.0,0.0,0.0,0.0,0.0,1.0,0.0,0.0,0.0,0.0,1.0,0.0,1.0,1.0,1.0,17.0,9.0,10.0,13.0,7.0,98.0,98.0,90.0,97.0
Isochrysidales,73020.0,0.0,0.0,0.0,0.0,0.0,1.0,2.0,1.0,0.0,0.0,3.0,6.0,2.0,4.0,1.0,27.0,31.0,27.0,29.0,36.0,320.0,311.0,308.0,313.0
Pavlovales,73026.0,0.0,0.0,0.0,0.0,0.0,1.0,0.0,0.0,0.0,0.0,1.0,1.0,1.0,1.0,2.0,18.0,13.0,9.0,16.0,18.0,132.0,130.0,142.0,132.0
Rubrobacterales,84996.0,0.0,0.0,0.0,0.0,0.0,1.0,0.0,2.0,0.0,0.0,7.0,3.0,10.0,11.0,4.0,71.0,74.0,100.0,79.0,62.0,726.0,737.0,717.0,757.0
Bifidobacteriales,85004.0,0.0,0.0,0.0,0.0,0.0,1.0,0.0,1.0,0.0,0.0,3.0,1.0,2.0,0.0,2.0,18.0,15.0,11.0,13.0,17.0,146.0,177.0,156.0,158.0
Micromonosporales,85008.0,0.0,0.0,0.0,0.0,0.0,1.0,2.0,1.0,0.0,1.0,9.0,12.0,21.0,12.0,11.0,147.0,136.0,135.0,125.0,127.0,1245.0,1273.0,1248.0,1256.0
Streptosporangiales,85012.0,0.0,0.0,0.0,0.0,0.0,1.0,2.0,2.0,0.0,0.0,20.0,20.0,18.0,10.0,17.0,158.0,140.0,166.0,142.0,171.0,1578.0,1603.0,1608.0,1584.0
Pleosporales,92860.0,0.0,0.0,0.0,0.0,0.0,1.0,0.0,0.0,1.0,0.0,6.0,3.0,1.0,5.0,8.0,53.0,61.0,56.0,51.0,53.0,480.0,499.0,509.0,479.0
Deinococcales,118964.0,0.0,0.0,0.0,0.0,0.0,1.0,0.0,1.0,0.0,0.0,5.0,10.0,3.0,9.0,3.0,44.0,41.0,44.0,55.0,41.0,461.0,440.0,442.0,453.0
Legionellales,118969.0,0.0,0.0,0.0,0.0,0.0,1.0,2.0,2.0,2.0,6.0,25.0,29.0,17.0,24.0,23.0,250.0,238.0,242.0,255.0,259.0,2465.0,2464.0,2470.0,2441.0
Leptocylindrales,163513.0,0.0,0.0,0.0,0.0,0.0,1.0,0.0,0.0,0.0,1.0,16.0,14.0,12.0,14.0,15.0,128.0,107.0,131.0,112.0,104.0,1169.0,1162.0,1157.0,1140.0
Herpetosiphonales,189772.0,0.0,0.0,0.0,0.0,0.0,1.0,0.0,0.0,0.0,0.0,0.0,0.0,0.0,0.0,1.0,4.0,1.0,3.0,0.0,6.0,40.0,42.0,44.0,48.0
Eunotiales,196635.0,0.0,0.0,0.0,0.0,0.0,1.0,1.0,0.0,4.0,0.0,14.0,12.0,12.0,22.0,13.0,172.0,137.0,140.0,142.0,147.0,1455.0,1405.0,1456.0,1451.0
Acidobacteriales,204433.0,0.0,0.0,0.0,0.0,0.0,1.0,0.0,1.0,1.0,0.0,5.0,5.0,6.0,9.0,3.0,63.0,61.0,74.0,63.0,46.0,585.0,613.0,587.0,585.0
Coscinodiscales,216785.0,0.0,0.0,0.0,0.0,0.0,1.0,2.0,0.0,0.0,0.0,6.0,1.0,6.0,5.0,8.0,76.0,62.0,65.0,74.0,79.0,665.0,656.0,679.0,666.0
Fibrobacterales,218872.0,0.0,0.0,0.0,0.0,0.0,1.0,0.0,0.0,0.0,0.0,0.0,1.0,0.0,0.0,0.0,6.0,7.0,9.0,6.0,8.0,59.0,79.0,73.0,74.0
Opitutales,415000.0,0.0,0.0,0.0,0.0,0.0,1.0,1.0,0.0,0.0,2.0,14.0,11.0,13.0,18.0,17.0,133.0,116.0,134.0,132.0,128.0,1316.0,1327.0,1351.0,1366.0
Cymatosirales,420262.0,0.0,0.0,0.0,0.0,0.0,1.0,0.0,1.0,0.0,0.0,2.0,0.0,4.0,1.0,1.0,16.0,23.0,16.0,25.0,22.0,203.0,208.0,187.0,190.0
Biddulphiales,420274.0,0.0,0.0,0.0,0.0,0.0,1.0,0.0,0.0,1.0,0.0,8.0,3.0,1.0,3.0,7.0,43.0,40.0,33.0,34.0,36.0,376.0,373.0,360.0,378.0
Desulfarculales,453227.0,0.0,0.0,0.0,0.0,0.0,1.0,0.0,0.0,0.0,0.0,2.0,1.0,1.0,0.0,3.0,18.0,14.0,16.0,13.0,13.0,161.0,158.0,178.0,157.0
Anaulales,515458.0,0.0,0.0,0.0,0.0,0.0,1.0,0.0,0.0,2.0,1.0,2.0,5.0,0.0,2.0,2.0,25.0,25.0,24.0,26.0,17.0,202.0,207.0,197.0,209.0
Holophagales,574975.0,0.0,0.0,0.0,0.0,0.0,1.0,1.0,0.0,0.0,0.0,0.0,1.0,2.0,0.0,1.0,14.0,10.0,5.0,9.0,7.0,101.0,98.0,102.0,93.0
Kineosporiales,622452.0,0.0,0.0,0.0,0.0,0.0,1.0,1.0,0.0,1.0,0.0,2.0,3.0,1.0,3.0,2.0,19.0,28.0,32.0,30.0,27.0,308.0,272.0,288.0,270.0
Ignavibacteriales,795748.0,0.0,0.0,0.0,0.0,0.0,1.0,0.0,0.0,1.0,0.0,3.0,8.0,3.0,5.0,4.0,57.0,56.0,74.0,51.0,65.0,558.0,585.0,579.0,590.0
Geodermatophilales,1643682.0,0.0,0.0,0.0,0.0,0.0,1.0,1.0,1.0,0.0,0.0,6.0,3.0,5.0,6.0,11.0,83.0,82.0,71.0,74.0,77.0,745.0,708.0,755.0,773.0
Petrotogales,1643947.0,0.0,0.0,0.0,0.0,0.0,1.0,0.0,0.0,0.0,0.0,0.0,0.0,0.0,1.0,1.0,3.0,3.0,5.0,5.0,5.0,34.0,37.0,38.0,36.0
Acidiferrobacterales,1692040.0,0.0,0.0,0.0,0.0,0.0,1.0,1.0,0.0,0.0,0.0,2.0,2.0,0.0,4.0,1.0,21.0,27.0,22.0,16.0,17.0,187.0,197.0,198.0,184.0
Micropepsales,1921567.0,0.0,0.0,0.0,0.0,0.0,1.0,0.0,0.0,0.0,0.0,1.0,1.0,1.0,1.0,0.0,4.0,4.0,5.0,7.0,6.0,68.0,61.0,64.0,61.0
Kiritimatiellales,1921782.0,0.0,0.0,0.0,0.0,0.0,1.0,0.0,0.0,1.0,1.0,7.0,10.0,14.0,9.0,14.0,116.0,101.0,126.0,97.0,121.0,1188.0,1159.0,1168.0,1133.0
Immundisolibacterales,1934945.0,0.0,0.0,0.0,0.0,0.0,1.0,0.0,0.0,1.0,0.0,0.0,0.0,0.0,1.0,0.0,3.0,4.0,6.0,4.0,7.0,49.0,46.0,51.0,54.0
Phototrophicales,2364208.0,0.0,0.0,0.0,0.0,0.0,1.0,0.0,0.0,0.0,0.0,1.0,2.0,1.0,1.0,5.0,25.0,23.0,26.0,22.0,24.0,257.0,245.0,242.0,231.0
Candidatus Cryosericales,2498707.0,0.0,0.0,0.0,0.0,0.0,1.0,0.0,0.0,0.0,0.0,0.0,0.0,0.0,0.0,0.0,2.0,1.0,1.0,1.0,2.0,6.0,7.0,9.0,9.0
Stephanodiscales,2910910.0,0.0,0.0,0.0,0.0,0.0,1.0,0.0,0.0,0.0,2.0,5.0,7.0,7.0,4.0,9.0,66.0,74.0,76.0,74.0,78.0,662.0,659.0,688.0,692.0
Syntrophales,2914038.0,0.0,0.0,0.0,0.0,0.0,1.0,1.0,0.0,0.0,0.0,2.0,2.0,8.0,2.0,6.0,33.0,28.0,39.0,33.0,37.0,340.0,340.0,344.0,336.0
Ectocarpales,2877.0,0.0,0.0,0.0,0.0,0.0,0.0,3.0,0.0,0.0,0.0,2.0,3.0,6.0,3.0,3.0,29.0,38.0,35.0,37.0,38.0,398.0,390.0,405.0,360.0
Brachyspirales,1643686.0,0.0,0.0,0.0,0.0,0.0,0.0,3.0,0.0,1.0,2.0,12.0,10.0,9.0,9.0,11.0,102.0,86.0,92.0,90.0,90.0,980.0,953.0,985.0,942.0
Diversisporales,214509.0,0.0,0.0,0.0,0.0,0.0,0.0,2.0,0.0,0.0,0.0,8.0,1.0,2.0,6.0,5.0,20.0,23.0,25.0,20.0,21.0,246.0,232.0,240.0,243.0
Parachlamydiales,1963360.0,0.0,0.0,0.0,0.0,0.0,0.0,2.0,0.0,1.0,0.0,8.0,7.0,9.0,6.0,7.0,58.0,65.0,64.0,65.0,53.0,567.0,581.0,596.0,573.0
Spirochaetales,136.0,0.0,0.0,0.0,0.0,0.0,0.0,1.0,0.0,0.0,0.0,8.0,9.0,6.0,7.0,7.0,61.0,74.0,78.0,64.0,63.0,760.0,769.0,732.0,739.0
Ceramiales,2802.0,0.0,0.0,0.0,0.0,0.0,0.0,1.0,0.0,0.0,1.0,1.0,0.0,0.0,1.0,3.0,13.0,8.0,16.0,13.0,10.0,120.0,122.0,131.0,127.0
Tribonematales,2978.0,0.0,0.0,0.0,0.0,0.0,0.0,1.0,1.0,1.0,0.0,7.0,1.0,6.0,2.0,5.0,47.0,38.0,51.0,28.0,49.0,398.0,399.0,419.0,424.0
Peronosporales,4776.0,0.0,0.0,0.0,0.0,0.0,0.0,1.0,0.0,0.0,2.0,6.0,8.0,8.0,9.0,9.0,88.0,90.0,76.0,88.0,86.0,898.0,884.0,869.0,878.0
Saccharomycetales,4892.0,0.0,0.0,0.0,0.0,0.0,0.0,1.0,1.0,0.0,1.0,6.0,9.0,7.0,4.0,5.0,65.0,57.0,62.0,57.0,59.0,611.0,652.0,657.0,648.0
Sordariales,5139.0,0.0,0.0,0.0,0.0,0.0,0.0,1.0,0.0,0.0,0.0,1.0,0.0,2.0,1.0,1.0,3.0,10.0,2.0,6.0,5.0,56.0,53.0,54.0,60.0
Hymenostomatida,31277.0,0.0,0.0,0.0,0.0,0.0,0.0,1.0,0.0,0.0,0.0,5.0,2.0,3.0,5.0,5.0,40.0,54.0,41.0,34.0,55.0,433.0,431.0,420.0,416.0
Chlamydiales,51291.0,0.0,0.0,0.0,0.0,0.0,0.0,1.0,1.0,2.0,0.0,1.0,1.0,2.0,3.0,3.0,20.0,13.0,17.0,28.0,19.0,210.0,201.0,193.0,208.0
Boletales,68889.0,0.0,0.0,0.0,0.0,0.0,0.0,1.0,0.0,0.0,0.0,0.0,1.0,2.0,0.0,0.0,10.0,5.0,8.0,8.0,11.0,90.0,88.0,83.0,87.0
Zoopagales,78899.0,0.0,0.0,0.0,0.0,0.0,0.0,1.0,0.0,0.0,0.0,2.0,0.0,0.0,0.0,2.0,9.0,5.0,6.0,5.0,7.0,51.0,60.0,52.0,48.0
Thermodesulfobacteriales,188710.0,0.0,0.0,0.0,0.0,0.0,0.0,1.0,0.0,0.0,0.0,0.0,0.0,1.0,1.0,3.0,21.0,24.0,25.0,23.0,24.0,215.0,212.0,235.0,224.0
Fusobacteriales,203491.0,0.0,0.0,0.0,0.0,0.0,0.0,1.0,0.0,0.0,0.0,3.0,3.0,5.0,1.0,1.0,32.0,28.0,30.0,29.0,28.0,314.0,313.0,317.0,310.0
Syntrophobacterales,213462.0,0.0,0.0,0.0,0.0,0.0,0.0,1.0,0.0,1.0,0.0,6.0,1.0,6.0,7.0,11.0,54.0,48.0,47.0,53.0,53.0,486.0,473.0,485.0,489.0
Mortierellales,214503.0,0.0,0.0,0.0,0.0,0.0,0.0,1.0,0.0,0.0,2.0,2.0,1.0,3.0,0.0,1.0,17.0,21.0,26.0,29.0,32.0,244.0,239.0,228.0,252.0
Parvularculales,255473.0,0.0,0.0,0.0,0.0,0.0,0.0,1.0,0.0,0.0,0.0,8.0,14.0,8.0,9.0,8.0,89.0,93.0,110.0,75.0,96.0,943.0,935.0,977.0,952.0
Stylonematales,282338.0,0.0,0.0,0.0,0.0,0.0,0.0,1.0,0.0,0.0,0.0,0.0,0.0,0.0,0.0,0.0,2.0,3.0,3.0,1.0,1.0,16.0,16.0,14.0,19.0
Hemiaulales,420267.0,0.0,0.0,0.0,0.0,0.0,0.0,1.0,0.0,0.0,0.0,1.0,1.0,4.0,0.0,6.0,39.0,34.0,25.0,31.0,35.0,322.0,357.0,337.0,346.0
Russulales,452342.0,0.0,0.0,0.0,0.0,0.0,0.0,1.0,0.0,0.0,0.0,2.0,0.0,0.0,0.0,1.0,5.0,3.0,12.0,5.0,5.0,61.0,54.0,63.0,65.0
Caldilineales,475963.0,0.0,0.0,0.0,0.0,0.0,0.0,1.0,0.0,0.0,1.0,4.0,6.0,1.0,3.0,1.0,37.0,35.0,35.0,37.0,33.0,344.0,343.0,357.0,325.0
Cryptomonadales,589350.0,0.0,0.0,0.0,0.0,0.0,0.0,1.0,0.0,0.0,0.0,1.0,2.0,3.0,1.0,1.0,15.0,10.0,16.0,22.0,15.0,155.0,137.0,157.0,170.0
Candidatus Brocadiales,1127829.0,0.0,0.0,0.0,0.0,0.0,0.0,1.0,0.0,0.0,1.0,4.0,7.0,2.0,1.0,2.0,34.0,36.0,30.0,38.0,46.0,324.0,349.0,345.0,325.0
Archaeosporales,1133283.0,0.0,0.0,0.0,0.0,0.0,0.0,1.0,0.0,1.0,0.0,2.0,1.0,2.0,6.0,3.0,34.0,26.0,22.0,23.0,29.0,296.0,286.0,290.0,282.0
Magnetococcales,1191478.0,0.0,0.0,0.0,0.0,0.0,0.0,1.0,0.0,0.0,0.0,3.0,1.0,2.0,0.0,2.0,13.0,13.0,19.0,10.0,16.0,164.0,155.0,154.0,150.0
Ardenticatenales,1382929.0,0.0,0.0,0.0,0.0,0.0,0.0,1.0,1.0,0.0,0.0,1.0,2.0,0.0,4.0,2.0,26.0,19.0,21.0,24.0,29.0,262.0,251.0,237.0,239.0
Leptospirales,1643688.0,0.0,0.0,0.0,0.0,0.0,0.0,1.0,1.0,0.0,0.0,5.0,3.0,2.0,5.0,4.0,47.0,47.0,32.0,40.0,38.0,447.0,446.0,446.0,419.0
Spirulinales,1890443.0,0.0,0.0,0.0,0.0,0.0,0.0,1.0,1.0,0.0,1.0,7.0,5.0,5.0,6.0,3.0,54.0,42.0,46.0,38.0,46.0,492.0,484.0,484.0,467.0
Calditrichales,1962852.0,0.0,0.0,0.0,0.0,0.0,0.0,1.0,0.0,0.0,1.0,3.0,6.0,3.0,6.0,3.0,33.0,30.0,22.0,22.0,21.0,259.0,260.0,272.0,252.0
Kangiellales,2887327.0,0.0,0.0,0.0,0.0,0.0,0.0,1.0,1.0,2.0,1.0,10.0,8.0,12.0,17.0,8.0,125.0,106.0,110.0,90.0,110.0,1081.0,1152.0,1141.0,1137.0
Rhizosoleniales,33844.0,0.0,0.0,0.0,0.0,0.0,0.0,0.0,2.0,1.0,1.0,4.0,3.0,5.0,8.0,6.0,61.0,56.0,57.0,49.0,58.0,597.0,601.0,602.0,607.0
Mycoplasmatales,2085.0,0.0,0.0,0.0,0.0,0.0,0.0,0.0,1.0,0.0,0.0,0.0,3.0,1.0,2.0,2.0,6.0,7.0,9.0,8.0,7.0,68.0,65.0,61.0,70.0
Mucorales,4827.0,0.0,0.0,0.0,0.0,0.0,0.0,0.0,1.0,1.0,0.0,4.0,6.0,2.0,3.0,10.0,36.0,35.0,42.0,54.0,35.0,427.0,425.0,414.0,398.0
Cantharellales,36064.0,0.0,0.0,0.0,0.0,0.0,0.0,0.0,1.0,0.0,0.0,1.0,1.0,3.0,0.0,0.0,13.0,14.0,10.0,14.0,11.0,105.0,118.0,100.0,111.0
Xylariales,37989.0,0.0,0.0,0.0,0.0,0.0,0.0,0.0,1.0,1.0,0.0,4.0,0.0,1.0,3.0,0.0,20.0,14.0,15.0,14.0,22.0,148.0,159.0,166.0,158.0
Pyramimonadales,38834.0,0.0,0.0,0.0,0.0,0.0,0.0,0.0,1.0,0.0,0.0,2.0,2.0,2.0,0.0,0.0,8.0,17.0,7.0,17.0,12.0,107.0,106.0,109.0,100.0
Prymnesiales,73028.0,0.0,0.0,0.0,0.0,0.0,0.0,0.0,1.0,0.0,0.0,4.0,8.0,4.0,4.0,0.0,33.0,38.0,33.0,37.0,41.0,320.0,324.0,338.0,328.0
Methanosarcinales,94695.0,0.0,0.0,0.0,0.0,0.0,0.0,0.0,1.0,0.0,0.0,5.0,1.0,1.0,1.0,2.0,30.0,39.0,42.0,32.0,29.0,358.0,377.0,367.0,389.0
Cardiobacteriales,135615.0,0.0,0.0,0.0,0.0,0.0,0.0,0.0,1.0,0.0,0.0,2.0,1.0,1.0,0.0,2.0,25.0,24.0,22.0,24.0,16.0,220.0,213.0,221.0,216.0
Lentisphaerales,278081.0,0.0,0.0,0.0,0.0,0.0,0.0,0.0,1.0,0.0,1.0,1.0,4.0,1.0,4.0,1.0,37.0,42.0,33.0,42.0,34.0,374.0,387.0,382.0,391.0
Thalassionemales,426665.0,0.0,0.0,0.0,0.0,0.0,0.0,0.0,1.0,0.0,0.0,5.0,1.0,3.0,4.0,1.0,29.0,33.0,48.0,39.0,26.0,324.0,338.0,317.0,331.0
Solirubrobacterales,588673.0,0.0,0.0,0.0,0.0,0.0,0.0,0.0,1.0,1.0,1.0,6.0,8.0,8.0,12.0,6.0,93.0,98.0,95.0,90.0,89.0,903.0,878.0,888.0,903.0
Salinisphaerales,742030.0,0.0,0.0,0.0,0.0,0.0,0.0,0.0,1.0,0.0,0.0,4.0,2.0,4.0,8.0,0.0,36.0,22.0,36.0,20.0,33.0,348.0,343.0,360.0,334.0
Thoreales,891383.0,0.0,0.0,0.0,0.0,0.0,0.0,0.0,1.0,0.0,1.0,1.0,0.0,0.0,1.0,1.0,10.0,9.0,5.0,10.0,0.0,74.0,66.0,74.0,80.0
Dehalococcoidales,1202465.0,0.0,0.0,0.0,0.0,0.0,0.0,0.0,1.0,0.0,0.0,0.0,0.0,0.0,0.0,0.0,3.0,4.0,2.0,2.0,1.0,34.0,32.0,29.0,26.0
Rhodothalassiales,1544799.0,0.0,0.0,0.0,0.0,0.0,0.0,0.0,1.0,0.0,0.0,0.0,2.0,2.0,0.0,0.0,7.0,3.0,7.0,6.0,4.0,69.0,77.0,71.0,66.0
Oligoflexales,1553901.0,0.0,0.0,0.0,0.0,0.0,0.0,0.0,1.0,0.0,0.0,2.0,0.0,3.0,1.0,1.0,15.0,10.0,7.0,8.0,12.0,123.0,125.0,117.0,132.0
Veillonellales,1843489.0,0.0,0.0,0.0,0.0,0.0,0.0,0.0,1.0,0.0,0.0,2.0,1.0,1.0,1.0,1.0,7.0,8.0,15.0,11.0,11.0,99.0,91.0,88.0,85.0
Trebouxiales,2507901.0,0.0,0.0,0.0,0.0,0.0,0.0,0.0,1.0,0.0,0.0,2.0,2.0,4.0,1.0,1.0,21.0,26.0,18.0,18.0,33.0,232.0,232.0,240.0,213.0
Miltoncostaeales,2843198.0,0.0,0.0,0.0,0.0,0.0,0.0,0.0,1.0,0.0,0.0,0.0,1.0,1.0,6.0,1.0,11.0,11.0,23.0,15.0,14.0,150.0,173.0,168.0,177.0
Gemmatales,2691355.0,0.0,0.0,0.0,0.0,0.0,0.0,0.0,0.0,4.0,0.0,6.0,10.0,7.0,5.0,10.0,71.0,56.0,63.0,74.0,54.0,672.0,704.0,679.0,690.0
Chytridiales,4810.0,0.0,0.0,0.0,0.0,0.0,0.0,0.0,0.0,1.0,0.0,1.0,2.0,0.0,3.0,2.0,12.0,12.0,14.0,12.0,9.0,118.0,136.0,112.0,132.0
Ophiostomatales,5151.0,0.0,0.0,0.0,0.0,0.0,0.0,0.0,0.0,1.0,0.0,0.0,0.0,0.0,0.0,0.0,1.0,3.0,2.0,6.0,4.0,9.0,10.0,13.0,12.0
Ustilaginales,5267.0,0.0,0.0,0.0,0.0,0.0,0.0,0.0,0.0,1.0,0.0,0.0,1.0,0.0,0.0,1.0,4.0,3.0,7.0,4.0,3.0,37.0,34.0,37.0,38.0
Heterotrichida,5957.0,0.0,0.0,0.0,0.0,0.0,0.0,0.0,0.0,1.0,0.0,2.0,0.0,1.0,1.0,3.0,26.0,22.0,18.0,21.0,21.0,214.0,214.0,218.0,206.0
Georgefischeriales,62913.0,0.0,0.0,0.0,0.0,0.0,0.0,0.0,0.0,1.0,0.0,0.0,0.0,0.0,0.0,1.0,0.0,0.0,1.0,2.0,2.0,10.0,11.0,6.0,9.0
Thermales,68933.0,0.0,0.0,0.0,0.0,0.0,0.0,0.0,0.0,1.0,0.0,0.0,4.0,0.0,0.0,1.0,16.0,9.0,18.0,13.0,8.0,115.0,107.0,121.0,128.0
Frankiales,85013.0,0.0,0.0,0.0,0.0,0.0,0.0,0.0,0.0,1.0,0.0,2.0,4.0,1.0,0.0,4.0,23.0,25.0,32.0,23.0,23.0,289.0,288.0,287.0,294.0
Placidida,159340.0,0.0,0.0,0.0,0.0,0.0,0.0,0.0,0.0,1.0,0.0,0.0,0.0,0.0,0.0,0.0,0.0,1.0,2.0,0.0,1.0,9.0,7.0,6.0,8.0
Acholeplasmatales,186329.0,0.0,0.0,0.0,0.0,0.0,0.0,0.0,0.0,1.0,0.0,4.0,4.0,2.0,1.0,1.0,14.0,22.0,18.0,21.0,16.0,186.0,198.0,181.0,187.0
Catenulisporales,414714.0,0.0,0.0,0.0,0.0,0.0,0.0,0.0,0.0,1.0,0.0,0.0,2.0,1.0,0.0,1.0,20.0,11.0,13.0,7.0,11.0,84.0,110.0,99.0,104.0
Synurales,420622.0,0.0,0.0,0.0,0.0,0.0,0.0,0.0,0.0,1.0,0.0,0.0,1.0,1.0,0.0,0.0,9.0,4.0,3.0,6.0,4.0,47.0,47.0,60.0,56.0
Rhizophydiales,451442.0,0.0,0.0,0.0,0.0,0.0,0.0,0.0,0.0,1.0,0.0,4.0,2.0,4.0,4.0,3.0,19.0,27.0,19.0,23.0,28.0,270.0,261.0,268.0,263.0
Euzebyales,908621.0,0.0,0.0,0.0,0.0,0.0,0.0,0.0,0.0,1.0,1.0,1.0,1.0,0.0,3.0,0.0,20.0,21.0,21.0,22.0,20.0,176.0,186.0,189.0,205.0
Candidatus Nanopelagicales,2039638.0,0.0,0.0,0.0,0.0,0.0,0.0,0.0,0.0,1.0,0.0,1.0,2.0,3.0,4.0,6.0,18.0,24.0,19.0,19.0,20.0,173.0,170.0,175.0,173.0
Capsulimonadales,2494207.0,0.0,0.0,0.0,0.0,0.0,0.0,0.0,0.0,1.0,0.0,0.0,0.0,0.0,0.0,0.0,4.0,3.0,6.0,4.0,6.0,39.0,39.0,37.0,38.0
Eubodonida,2704650.0,0.0,0.0,0.0,0.0,0.0,0.0,0.0,0.0,1.0,0.0,0.0,1.0,0.0,0.0,1.0,5.0,7.0,6.0,5.0,3.0,51.0,47.0,54.0,55.0
Salsipaludibacterales,2917696.0,0.0,0.0,0.0,0.0,0.0,0.0,0.0,0.0,1.0,0.0,0.0,0.0,0.0,1.0,2.0,9.0,4.0,19.0,6.0,11.0,99.0,101.0,92.0,96.0
Methanomicrobiales,2191.0,0.0,0.0,0.0,0.0,0.0,0.0,0.0,0.0,0.0,1.0,0.0,2.0,0.0,0.0,1.0,6.0,12.0,9.0,15.0,10.0,108.0,109.0,107.0,113.0
Neocallimastigales,29006.0,0.0,0.0,0.0,0.0,0.0,0.0,0.0,0.0,0.0,1.0,3.0,2.0,1.0,1.0,1.0,16.0,22.0,18.0,14.0,18.0,191.0,189.0,186.0,178.0
Dictyochales,35685.0,0.0,0.0,0.0,0.0,0.0,0.0,0.0,0.0,0.0,1.0,0.0,0.0,1.0,0.0,0.0,2.0,1.0,2.0,3.0,2.0,28.0,24.0,22.0,25.0
Synergistales,649776.0,0.0,0.0,0.0,0.0,0.0,0.0,0.0,0.0,0.0,1.0,2.0,1.0,2.0,0.0,0.0,9.0,7.0,15.0,8.0,14.0,109.0,108.0,107.0,109.0
Chattonellales,658125.0,0.0,0.0,0.0,0.0,0.0,0.0,0.0,0.0,0.0,1.0,4.0,2.0,2.0,3.0,1.0,21.0,29.0,26.0,29.0,23.0,204.0,230.0,226.0,225.0
Toxariales,1003138.0,0.0,0.0,0.0,0.0,0.0,0.0,0.0,0.0,0.0,1.0,1.0,1.0,0.0,1.0,0.0,9.0,14.0,8.0,12.0,8.0,86.0,97.0,99.0,85.0
Bacteroidetes Order II. Incertae sedis,1100069.0,0.0,0.0,0.0,0.0,0.0,0.0,0.0,0.0,0.0,1.0,3.0,5.0,3.0,3.0,3.0,20.0,26.0,27.0,27.0,27.0,241.0,250.0,265.0,257.0
Gaiellales,1154584.0,0.0,0.0,0.0,0.0,0.0,0.0,0.0,0.0,0.0,1.0,1.0,0.0,1.0,0.0,1.0,7.0,6.0,3.0,5.0,4.0,50.0,55.0,59.0,55.0
Haloferacales,1644055.0,0.0,0.0,0.0,0.0,0.0,0.0,0.0,0.0,0.0,1.0,4.0,0.0,2.0,0.0,1.0,6.0,2.0,5.0,8.0,3.0,69.0,71.0,60.0,72.0
Fimbriimonadales,1663425.0,0.0,0.0,0.0,0.0,0.0,0.0,0.0,0.0,0.0,1.0,1.0,0.0,2.0,0.0,1.0,5.0,6.0,5.0,3.0,7.0,51.0,50.0,39.0,50.0
Egicoccales,1755823.0,0.0,0.0,0.0,0.0,0.0,0.0,0.0,0.0,0.0,1.0,0.0,2.0,0.0,0.0,0.0,3.0,4.0,4.0,1.0,1.0,34.0,27.0,35.0,31.0
Holosporales,1921002.0,0.0,0.0,0.0,0.0,0.0,0.0,0.0,0.0,0.0,1.0,8.0,4.0,5.0,3.0,3.0,35.0,44.0,49.0,38.0,43.0,381.0,373.0,387.0,394.0
Koleobacterales,2786987.0,0.0,0.0,0.0,0.0,0.0,0.0,0.0,0.0,0.0,1.0,0.0,0.0,0.0,0.0,0.0,2.0,0.0,0.0,1.0,0.0,6.0,8.0,4.0,5.0
Vicinamibacterales,2910145.0,0.0,0.0,0.0,0.0,0.0,0.0,0.0,0.0,0.0,1.0,2.0,1.0,1.0,1.0,0.0,9.0,10.0,10.0,8.0,9.0,77.0,75.0,79.0,78.0
Peniculida,33825.0,0.0,0.0,0.0,0.0,0.0,0.0,0.0,0.0,0.0,0.0,6.0,4.0,3.0,3.0,4.0,31.0,38.0,41.0,44.0,40.0,350.0,348.0,359.0,328.0
Sedimentisphaerales,2483366.0,0.0,0.0,0.0,0.0,0.0,0.0,0.0,0.0,0.0,0.0,6.0,0.0,1.0,3.0,2.0,9.0,16.0,7.0,14.0,15.0,129.0,142.0,146.0,144.0
Selenomonadales,909929.0,0.0,0.0,0.0,0.0,0.0,0.0,0.0,0.0,0.0,0.0,5.0,3.0,4.0,2.0,5.0,22.0,22.0,29.0,28.0,23.0,263.0,251.0,260.0,248.0
Dictyotales,2873.0,0.0,0.0,0.0,0.0,0.0,0.0,0.0,0.0,0.0,0.0,4.0,0.0,0.0,0.0,0.0,5.0,4.0,4.0,6.0,7.0,45.0,45.0,48.0,48.0
Diaporthales,5114.0,0.0,0.0,0.0,0.0,0.0,0.0,0.0,0.0,0.0,0.0,4.0,1.0,1.0,1.0,0.0,14.0,15.0,11.0,8.0,11.0,104.0,106.0,104.0,108.0
Monoblepharidales,79272.0,0.0,0.0,0.0,0.0,0.0,0.0,0.0,0.0,0.0,0.0,4.0,2.0,0.0,0.0,0.0,3.0,3.0,10.0,2.0,5.0,49.0,46.0,49.0,42.0
Haemosporida,5819.0,0.0,0.0,0.0,0.0,0.0,0.0,0.0,0.0,0.0,0.0,3.0,0.0,0.0,0.0,2.0,16.0,10.0,10.0,21.0,10.0,146.0,168.0,160.0,155.0
Philasterida,198613.0,0.0,0.0,0.0,0.0,0.0,0.0,0.0,0.0,0.0,0.0,3.0,2.0,1.0,0.0,0.0,13.0,26.0,27.0,17.0,28.0,202.0,217.0,214.0,200.0
Bryobacterales,332160.0,0.0,0.0,0.0,0.0,0.0,0.0,0.0,0.0,0.0,0.0,3.0,2.0,1.0,4.0,2.0,24.0,22.0,24.0,15.0,14.0,198.0,210.0,218.0,216.0
Mariprofundales,580371.0,0.0,0.0,0.0,0.0,0.0,0.0,0.0,0.0,0.0,0.0,3.0,2.0,6.0,5.0,1.0,18.0,25.0,33.0,34.0,26.0,266.0,266.0,265.0,274.0
Bradymonadales,1779134.0,0.0,0.0,0.0,0.0,0.0,0.0,0.0,0.0,0.0,0.0,3.0,2.0,2.0,2.0,1.0,26.0,41.0,14.0,23.0,29.0,261.0,244.0,251.0,247.0
Chthoniobacterales,1836787.0,0.0,0.0,0.0,0.0,0.0,0.0,0.0,0.0,0.0,0.0,3.0,0.0,2.0,3.0,1.0,16.0,17.0,25.0,15.0,14.0,165.0,163.0,152.0,183.0
Acytosteliales,2058181.0,0.0,0.0,0.0,0.0,0.0,0.0,0.0,0.0,0.0,0.0,3.0,0.0,3.0,0.0,2.0,23.0,13.0,10.0,11.0,12.0,141.0,137.0,136.0,123.0
Dictyosteliales,2058949.0,0.0,0.0,0.0,0.0,0.0,0.0,0.0,0.0,0.0,0.0,3.0,1.0,2.0,1.0,2.0,16.0,15.0,12.0,16.0,17.0,127.0,128.0,126.0,130.0
Chloropicales,2302912.0,0.0,0.0,0.0,0.0,0.0,0.0,0.0,0.0,0.0,0.0,3.0,3.0,2.0,0.0,1.0,9.0,20.0,15.0,16.0,12.0,172.0,163.0,175.0,181.0
Minwuiales,2493627.0,0.0,0.0,0.0,0.0,0.0,0.0,0.0,0.0,0.0,0.0,3.0,1.0,3.0,2.0,4.0,21.0,24.0,26.0,17.0,23.0,211.0,214.0,217.0,210.0
Pelobiontida,2682475.0,0.0,0.0,0.0,0.0,0.0,0.0,0.0,0.0,0.0,0.0,3.0,3.0,0.0,1.0,2.0,4.0,15.0,12.0,8.0,11.0,76.0,82.0,87.0,80.0
Thraustochytrida,2699528.0,0.0,0.0,0.0,0.0,0.0,0.0,0.0,0.0,0.0,0.0,3.0,5.0,5.0,4.0,6.0,43.0,50.0,54.0,47.0,57.0,520.0,496.0,513.0,487.0
Trypanosomatida,2704949.0,0.0,0.0,0.0,0.0,0.0,0.0,0.0,0.0,0.0,0.0,3.0,2.0,2.0,1.0,1.0,16.0,32.0,27.0,32.0,29.0,248.0,223.0,242.0,251.0
Tichowtungiales,2907185.0,0.0,0.0,0.0,0.0,0.0,0.0,0.0,0.0,0.0,0.0,3.0,1.0,3.0,0.0,1.0,11.0,13.0,14.0,4.0,8.0,126.0,133.0,135.0,114.0
Ulvales,3113.0,0.0,0.0,0.0,0.0,0.0,0.0,0.0,0.0,0.0,0.0,2.0,1.0,0.0,0.0,0.0,6.0,2.0,5.0,1.0,6.0,56.0,39.0,40.0,46.0
Entomophthorales,4857.0,0.0,0.0,0.0,0.0,0.0,0.0,0.0,0.0,0.0,0.0,2.0,0.0,0.0,0.0,2.0,4.0,9.0,3.0,5.0,8.0,57.0,59.0,55.0,48.0
Tremellales,5234.0,0.0,0.0,0.0,0.0,0.0,0.0,0.0,0.0,0.0,0.0,2.0,0.0,2.0,1.0,2.0,9.0,9.0,7.0,5.0,3.0,88.0,88.0,88.0,88.0
Piroplasmida,5863.0,0.0,0.0,0.0,0.0,0.0,0.0,0.0,0.0,0.0,0.0,2.0,3.0,0.0,1.0,0.0,18.0,11.0,17.0,19.0,25.0,109.0,107.0,114.0,127.0
Schizosaccharomycetales,34346.0,0.0,0.0,0.0,0.0,0.0,0.0,0.0,0.0,0.0,0.0,2.0,0.0,0.0,1.0,0.0,3.0,3.0,1.0,3.0,5.0,30.0,37.0,34.0,36.0
Chlorodendrales,35426.0,0.0,0.0,0.0,0.0,0.0,0.0,0.0,0.0,0.0,0.0,2.0,1.0,2.0,1.0,0.0,8.0,5.0,3.0,6.0,5.0,55.0,54.0,56.0,54.0
Glomerales,36750.0,0.0,0.0,0.0,0.0,0.0,0.0,0.0,0.0,0.0,0.0,2.0,3.0,3.0,0.0,1.0,25.0,23.0,17.0,18.0,23.0,229.0,238.0,246.0,238.0
Coriobacteriales,84999.0,0.0,0.0,0.0,0.0,0.0,0.0,0.0,0.0,0.0,0.0,2.0,2.0,0.0,1.0,2.0,19.0,15.0,10.0,17.0,5.0,154.0,141.0,155.0,151.0
Lithodesmiales,420271.0,0.0,0.0,0.0,0.0,0.0,0.0,0.0,0.0,0.0,0.0,2.0,2.0,3.0,3.0,4.0,16.0,20.0,29.0,23.0,23.0,223.0,239.0,226.0,219.0
Atheliales,452334.0,0.0,0.0,0.0,0.0,0.0,0.0,0.0,0.0,0.0,0.0,2.0,0.0,0.0,0.0,0.0,0.0,1.0,1.0,0.0,0.0,15.0,10.0,11.0,13.0
Orbales,1240482.0,0.0,0.0,0.0,0.0,0.0,0.0,0.0,0.0,0.0,0.0,2.0,4.0,4.0,3.0,4.0,29.0,25.0,27.0,27.0,24.0,245.0,264.0,281.0,254.0
Longamoebia,1485168.0,0.0,0.0,0.0,0.0,0.0,0.0,0.0,0.0,0.0,0.0,2.0,0.0,1.0,3.0,0.0,7.0,19.0,9.0,10.0,9.0,121.0,96.0,101.0,104.0
Tissierellales,1737405.0,0.0,0.0,0.0,0.0,0.0,0.0,0.0,0.0,0.0,0.0,2.0,0.0,0.0,1.0,2.0,18.0,16.0,15.0,11.0,26.0,141.0,157.0,153.0,171.0
Synchytriales,2231171.0,0.0,0.0,0.0,0.0,0.0,0.0,0.0,0.0,0.0,0.0,2.0,1.0,1.0,1.0,3.0,4.0,11.0,12.0,6.0,16.0,101.0,101.0,89.0,95.0
Cavosteliida,2681888.0,0.0,0.0,0.0,0.0,0.0,0.0,0.0,0.0,0.0,0.0,2.0,0.0,0.0,0.0,0.0,11.0,12.0,9.0,15.0,9.0,103.0,94.0,102.0,103.0
Thermoplasmatales,2301.0,0.0,0.0,0.0,0.0,0.0,0.0,0.0,0.0,0.0,0.0,1.0,0.0,0.0,0.0,1.0,15.0,9.0,15.0,10.0,10.0,99.0,95.0,96.0,94.0
Thermotogales,2419.0,0.0,0.0,0.0,0.0,0.0,0.0,0.0,0.0,0.0,0.0,1.0,0.0,0.0,1.0,0.0,5.0,7.0,4.0,6.0,6.0,46.0,49.0,49.0,46.0
Fucales,3009.0,0.0,0.0,0.0,0.0,0.0,0.0,0.0,0.0,0.0,0.0,1.0,0.0,0.0,0.0,0.0,0.0,1.0,2.0,1.0,1.0,12.0,10.0,10.0,13.0
Dasycladales,3134.0,0.0,0.0,0.0,0.0,0.0,0.0,0.0,0.0,0.0,0.0,1.0,0.0,0.0,0.0,0.0,2.0,0.0,1.0,1.0,1.0,16.0,12.0,18.0,13.0
Kickxellales,4861.0,0.0,0.0,0.0,0.0,0.0,0.0,0.0,0.0,0.0,0.0,1.0,0.0,0.0,1.0,0.0,4.0,4.0,3.0,2.0,1.0,39.0,29.0,33.0,28.0
Polyporales,5303.0,0.0,0.0,0.0,0.0,0.0,0.0,0.0,0.0,0.0,0.0,1.0,0.0,1.0,0.0,0.0,17.0,6.0,10.0,8.0,6.0,81.0,86.0,80.0,68.0
Physariida,5789.0,0.0,0.0,0.0,0.0,0.0,0.0,0.0,0.0,0.0,0.0,1.0,0.0,0.0,0.0,0.0,1.0,1.0,0.0,1.0,0.0,7.0,9.0,7.0,5.0
Batrachospermales,31370.0,0.0,0.0,0.0,0.0,0.0,0.0,0.0,0.0,0.0,0.0,1.0,0.0,0.0,0.0,0.0,0.0,3.0,0.0,1.0,1.0,16.0,18.0,11.0,20.0
Corallinales,31395.0,0.0,0.0,0.0,0.0,0.0,0.0,0.0,0.0,0.0,0.0,1.0,0.0,0.0,0.0,0.0,3.0,0.0,0.0,0.0,1.0,17.0,11.0,13.0,13.0
Gracilariales,31468.0,0.0,0.0,0.0,0.0,0.0,0.0,0.0,0.0,0.0,0.0,1.0,1.0,0.0,0.0,1.0,4.0,4.0,6.0,11.0,8.0,53.0,58.0,54.0,51.0
Aquificales,32069.0,0.0,0.0,0.0,0.0,0.0,0.0,0.0,0.0,0.0,0.0,1.0,2.0,1.0,1.0,5.0,19.0,21.0,21.0,17.0,9.0,178.0,169.0,158.0,161.0
Spizellomycetales,34478.0,0.0,0.0,0.0,0.0,0.0,0.0,0.0,0.0,0.0,0.0,1.0,0.0,1.0,2.0,4.0,8.0,11.0,6.0,13.0,14.0,142.0,146.0,144.0,147.0
Eugregarinorida,35087.0,0.0,0.0,0.0,0.0,0.0,0.0,0.0,0.0,0.0,0.0,1.0,0.0,1.0,1.0,0.0,6.0,5.0,2.0,2.0,4.0,41.0,42.0,40.0,40.0
Opalinata,42740.0,0.0,0.0,0.0,0.0,0.0,0.0,0.0,0.0,0.0,0.0,1.0,0.0,1.0,0.0,0.0,4.0,7.0,6.0,2.0,8.0,82.0,88.0,80.0,86.0
Harpellales,61421.0,0.0,0.0,0.0,0.0,0.0,0.0,0.0,0.0,0.0,0.0,1.0,2.0,2.0,2.0,0.0,12.0,14.0,8.0,11.0,15.0,103.0,105.0,95.0,110.0
Thermoanaerobacterales,68295.0,0.0,0.0,0.0,0.0,0.0,0.0,0.0,0.0,0.0,0.0,1.0,2.0,0.0,4.0,0.0,7.0,19.0,15.0,24.0,16.0,167.0,154.0,156.0,167.0
Glycomycetales,85014.0,0.0,0.0,0.0,0.0,0.0,0.0,0.0,0.0,0.0,0.0,1.0,1.0,2.0,3.0,0.0,6.0,11.0,9.0,9.0,9.0,75.0,79.0,82.0,81.0
Candidatus Poseidoniales,133814.0,0.0,0.0,0.0,0.0,0.0,0.0,0.0,0.0,0.0,0.0,1.0,1.0,1.0,1.0,1.0,15.0,8.0,9.0,15.0,19.0,110.0,118.0,118.0,97.0
Capnodiales,134362.0,0.0,0.0,0.0,0.0,0.0,0.0,0.0,0.0,0.0,0.0,1.0,0.0,0.0,0.0,0.0,3.0,4.0,3.0,0.0,0.0,21.0,17.0,18.0,21.0
Malasseziales,162474.0,0.0,0.0,0.0,0.0,0.0,0.0,0.0,0.0,0.0,0.0,1.0,1.0,0.0,0.0,0.0,3.0,4.0,5.0,7.0,5.0,48.0,47.0,42.0,48.0
Thaumatomonadida,188944.0,0.0,0.0,0.0,0.0,0.0,0.0,0.0,0.0,0.0,0.0,1.0,0.0,1.0,0.0,0.0,0.0,2.0,3.0,0.0,0.0,11.0,8.0,7.0,8.0
Chrysiogenales,189769.0,0.0,0.0,0.0,0.0,0.0,0.0,0.0,0.0,0.0,0.0,1.0,0.0,2.0,0.0,1.0,3.0,10.0,9.0,6.0,8.0,86.0,85.0,70.0,78.0
Cenarchaeales,205948.0,0.0,0.0,0.0,0.0,0.0,0.0,0.0,0.0,0.0,0.0,1.0,0.0,0.0,0.0,0.0,0.0,2.0,0.0,0.0,0.0,2.0,5.0,3.0,2.0
Desulfurellales,213113.0,0.0,0.0,0.0,0.0,0.0,0.0,0.0,0.0,0.0,0.0,1.0,0.0,0.0,1.0,0.0,8.0,5.0,4.0,4.0,2.0,43.0,51.0,52.0,53.0
Leucosporidiales,231212.0,0.0,0.0,0.0,0.0,0.0,0.0,0.0,0.0,0.0,0.0,1.0,0.0,0.0,0.0,0.0,1.0,0.0,0.0,0.0,1.0,10.0,7.0,10.0,6.0
Phaeocystales,418919.0,0.0,0.0,0.0,0.0,0.0,0.0,0.0,0.0,0.0,0.0,1.0,0.0,0.0,1.0,2.0,1.0,0.0,0.0,0.0,0.0,7.0,11.0,7.0,12.0
Botryosphaeriales,451869.0,0.0,0.0,0.0,0.0,0.0,0.0,0.0,0.0,0.0,0.0,1.0,0.0,0.0,0.0,1.0,1.0,2.0,1.0,2.0,0.0,11.0,16.0,14.0,12.0
Acanthopleuribacterales,533206.0,0.0,0.0,0.0,0.0,0.0,0.0,0.0,0.0,0.0,0.0,1.0,0.0,1.0,3.0,0.0,14.0,20.0,18.0,14.0,16.0,191.0,191.0,179.0,174.0
Methanophagales,588814.0,0.0,0.0,0.0,0.0,0.0,0.0,0.0,0.0,0.0,0.0,1.0,0.0,0.0,0.0,1.0,0.0,2.0,3.0,3.0,2.0,22.0,29.0,27.0,27.0
Nitriliruptorales,596497.0,0.0,0.0,0.0,0.0,0.0,0.0,0.0,0.0,0.0,0.0,1.0,1.0,0.0,0.0,5.0,11.0,12.0,11.0,10.0,9.0,117.0,118.0,124.0,126.0
Basidiobolales,1264872.0,0.0,0.0,0.0,0.0,0.0,0.0,0.0,0.0,0.0,0.0,1.0,0.0,1.0,0.0,0.0,10.0,8.0,5.0,4.0,7.0,63.0,55.0,63.0,55.0
Natrialbales,1644060.0,0.0,0.0,0.0,0.0,0.0,0.0,0.0,0.0,0.0,0.0,1.0,0.0,2.0,1.0,0.0,3.0,4.0,7.0,8.0,7.0,43.0,40.0,41.0,41.0
Tepidisphaerales,1771349.0,0.0,0.0,0.0,0.0,0.0,0.0,0.0,0.0,0.0,0.0,1.0,2.0,0.0,2.0,1.0,11.0,9.0,7.0,9.0,9.0,100.0,105.0,96.0,110.0
Acidaminococcales,1843488.0,0.0,0.0,0.0,0.0,0.0,0.0,0.0,0.0,0.0,0.0,1.0,1.0,1.0,0.0,0.0,3.0,8.0,4.0,4.0,4.0,55.0,66.0,51.0,60.0
Chitinispirillales,1860137.0,0.0,0.0,0.0,0.0,0.0,0.0,0.0,0.0,0.0,0.0,1.0,0.0,0.0,0.0,1.0,1.0,5.0,2.0,1.0,1.0,19.0,15.0,16.0,21.0
Umbelopsidales,1913639.0,0.0,0.0,0.0,0.0,0.0,0.0,0.0,0.0,0.0,0.0,1.0,0.0,1.0,1.0,2.0,5.0,7.0,6.0,4.0,5.0,49.0,55.0,49.0,43.0
Sessilida,1974272.0,0.0,0.0,0.0,0.0,0.0,0.0,0.0,0.0,0.0,0.0,1.0,0.0,0.0,0.0,0.0,4.0,1.0,2.0,1.0,0.0,28.0,28.0,30.0,35.0
Silvanigrellales,2024973.0,0.0,0.0,0.0,0.0,0.0,0.0,0.0,0.0,0.0,0.0,1.0,2.0,0.0,1.0,1.0,5.0,7.0,9.0,6.0,5.0,47.0,58.0,55.0,54.0
Iodidimonadales,2066484.0,0.0,0.0,0.0,0.0,0.0,0.0,0.0,0.0,0.0,0.0,1.0,0.0,0.0,0.0,0.0,0.0,1.0,1.0,0.0,0.0,22.0,23.0,24.0,29.0
Olpidiales,2202808.0,0.0,0.0,0.0,0.0,0.0,0.0,0.0,0.0,0.0,0.0,1.0,1.0,0.0,0.0,0.0,5.0,3.0,5.0,1.0,1.0,22.0,23.0,28.0,28.0
Sporichthyales,2495578.0,0.0,0.0,0.0,0.0,0.0,0.0,0.0,0.0,0.0,0.0,1.0,1.0,0.0,0.0,1.0,2.0,7.0,2.0,5.0,5.0,35.0,34.0,33.0,34.0
Candidatus Acidulodesulfobacterales,2597219.0,0.0,0.0,0.0,0.0,0.0,0.0,0.0,0.0,0.0,0.0,1.0,0.0,0.0,0.0,0.0,2.0,2.0,0.0,4.0,1.0,13.0,17.0,13.0,16.0
Acanthocystida,2605918.0,0.0,0.0,0.0,0.0,0.0,0.0,0.0,0.0,0.0,0.0,1.0,0.0,0.0,0.0,0.0,1.0,3.0,1.0,2.0,1.0,19.0,21.0,23.0,20.0
Nephroselmidales,2682466.0,0.0,0.0,0.0,0.0,0.0,0.0,0.0,0.0,0.0,0.0,1.0,0.0,2.0,0.0,0.0,15.0,11.0,19.0,11.0,21.0,148.0,141.0,148.0,153.0
Mycosphaerellales,2726947.0,0.0,0.0,0.0,0.0,0.0,0.0,0.0,0.0,0.0,0.0,1.0,1.0,1.0,0.0,0.0,19.0,14.0,17.0,22.0,13.0,168.0,190.0,158.0,170.0
Nephromycida,2735539.0,0.0,0.0,0.0,0.0,0.0,0.0,0.0,0.0,0.0,0.0,1.0,0.0,0.0,0.0,0.0,4.0,3.0,1.0,2.0,5.0,28.0,32.0,30.0,25.0
Trueperales,2762275.0,0.0,0.0,0.0,0.0,0.0,0.0,0.0,0.0,0.0,0.0,1.0,2.0,4.0,0.0,3.0,15.0,14.0,11.0,20.0,12.0,179.0,159.0,168.0,168.0
Thermosediminibacterales,2770089.0,0.0,0.0,0.0,0.0,0.0,0.0,0.0,0.0,0.0,0.0,1.0,0.0,0.0,0.0,1.0,0.0,1.0,3.0,2.0,3.0,16.0,25.0,19.0,17.0
Thermodesulfovibrionales,2811503.0,0.0,0.0,0.0,0.0,0.0,0.0,0.0,0.0,0.0,0.0,1.0,0.0,1.0,0.0,1.0,2.0,4.0,7.0,4.0,9.0,33.0,35.0,40.0,42.0
Candidatus Uabimicrobiales,2897347.0,0.0,0.0,0.0,0.0,0.0,0.0,0.0,0.0,0.0,0.0,1.0,0.0,0.0,1.0,1.0,6.0,7.0,7.0,4.0,7.0,65.0,73.0,63.0,68.0
Candidatus Sulfidibacteriales,2923288.0,0.0,0.0,0.0,0.0,0.0,0.0,0.0,0.0,0.0,0.0,1.0,0.0,2.0,0.0,0.0,4.0,3.0,10.0,9.0,5.0,60.0,57.0,60.0,59.0
Plasmodiophorida,37357.0,0.0,0.0,0.0,0.0,0.0,0.0,0.0,0.0,0.0,0.0,0.0,5.0,2.0,0.0,3.0,19.0,14.0,13.0,14.0,14.0,162.0,139.0,158.0,147.0
Eucoccidiorida,75739.0,0.0,0.0,0.0,0.0,0.0,0.0,0.0,0.0,0.0,0.0,0.0,5.0,2.0,4.0,4.0,26.0,25.0,20.0,17.0,11.0,221.0,231.0,224.0,202.0
Pucciniales,5258.0,0.0,0.0,0.0,0.0,0.0,0.0,0.0,0.0,0.0,0.0,0.0,4.0,1.0,2.0,1.0,7.0,10.0,8.0,5.0,6.0,104.0,88.0,96.0,83.0
Chroococcidiopsidales,1890505.0,0.0,0.0,0.0,0.0,0.0,0.0,0.0,0.0,0.0,0.0,0.0,3.0,0.0,0.0,2.0,6.0,3.0,5.0,4.0,5.0,31.0,37.0,35.0,33.0
Methanobacteriales,2158.0,0.0,0.0,0.0,0.0,0.0,0.0,0.0,0.0,0.0,0.0,0.0,2.0,0.0,0.0,0.0,5.0,5.0,6.0,7.0,9.0,66.0,66.0,63.0,57.0
Halobacteriales,2235.0,0.0,0.0,0.0,0.0,0.0,0.0,0.0,0.0,0.0,0.0,0.0,2.0,2.0,2.0,2.0,15.0,10.0,9.0,17.0,13.0,129.0,121.0,127.0,119.0
Endogonales,4869.0,0.0,0.0,0.0,0.0,0.0,0.0,0.0,0.0,0.0,0.0,0.0,2.0,0.0,0.0,0.0,3.0,3.0,5.0,5.0,7.0,52.0,55.0,57.0,57.0
Perkinsida,27998.0,0.0,0.0,0.0,0.0,0.0,0.0,0.0,0.0,0.0,0.0,0.0,2.0,1.0,2.0,1.0,7.0,11.0,11.0,16.0,8.0,133.0,139.0,151.0,152.0
Onygenales,33183.0,0.0,0.0,0.0,0.0,0.0,0.0,0.0,0.0,0.0,0.0,0.0,2.0,1.0,0.0,0.0,1.0,7.0,3.0,3.0,6.0,44.0,44.0,44.0,41.0
Jakobida,556282.0,0.0,0.0,0.0,0.0,0.0,0.0,0.0,0.0,0.0,0.0,0.0,2.0,1.0,0.0,1.0,2.0,4.0,4.0,4.0,4.0,44.0,47.0,54.0,50.0
Aggregatilineales,2806304.0,0.0,0.0,0.0,0.0,0.0,0.0,0.0,0.0,0.0,0.0,0.0,2.0,1.0,2.0,1.0,4.0,2.0,6.0,2.0,5.0,53.0,50.0,48.0,46.0
Porphyridiales,2798.0,0.0,0.0,0.0,0.0,0.0,0.0,0.0,0.0,0.0,0.0,0.0,1.0,0.0,1.0,0.0,8.0,4.0,5.0,6.0,5.0,83.0,72.0,81.0,64.0
Gymnodiniales,2953.0,0.0,0.0,0.0,0.0,0.0,0.0,0.0,0.0,0.0,0.0,0.0,1.0,1.0,2.0,1.0,3.0,5.0,3.0,1.0,5.0,39.0,36.0,31.0,40.0
Erysiphales,5120.0,0.0,0.0,0.0,0.0,0.0,0.0,0.0,0.0,0.0,0.0,0.0,1.0,0.0,0.0,0.0,1.0,1.0,2.0,3.0,2.0,20.0,21.0,19.0,27.0
Pezizales,5185.0,0.0,0.0,0.0,0.0,0.0,0.0,0.0,0.0,0.0,0.0,0.0,1.0,0.0,0.0,1.0,11.0,10.0,5.0,9.0,12.0,101.0,83.0,94.0,96.0
Exobasidiales,5404.0,0.0,0.0,0.0,0.0,0.0,0.0,0.0,0.0,0.0,0.0,0.0,1.0,0.0,0.0,0.0,4.0,7.0,5.0,2.0,2.0,28.0,32.0,27.0,33.0
Gigartinales,28017.0,0.0,0.0,0.0,0.0,0.0,0.0,0.0,0.0,0.0,0.0,0.0,1.0,0.0,2.0,1.0,11.0,6.0,7.0,10.0,6.0,80.0,85.0,81.0,84.0
Rhodogorgonales,31491.0,0.0,0.0,0.0,0.0,0.0,0.0,0.0,0.0,0.0,0.0,0.0,1.0,0.0,0.0,0.0,0.0,0.0,0.0,0.0,0.0,2.0,2.0,3.0,3.0
Chaetothyriales,34395.0,0.0,0.0,0.0,0.0,0.0,0.0,0.0,0.0,0.0,0.0,0.0,1.0,1.0,2.0,2.0,18.0,15.0,16.0,8.0,12.0,114.0,116.0,115.0,108.0
Pedinellales,35680.0,0.0,0.0,0.0,0.0,0.0,0.0,0.0,0.0,0.0,0.0,0.0,1.0,2.0,3.0,5.0,17.0,21.0,17.0,18.0,15.0,246.0,230.0,227.0,232.0
Trichomonadida,37104.0,0.0,0.0,0.0,0.0,0.0,0.0,0.0,0.0,0.0,0.0,0.0,1.0,0.0,1.0,0.0,1.0,1.0,2.0,2.0,2.0,24.0,23.0,24.0,19.0
Ostropales,38074.0,0.0,0.0,0.0,0.0,0.0,0.0,0.0,0.0,0.0,0.0,0.0,1.0,0.0,0.0,0.0,0.0,0.0,0.0,0.0,1.0,4.0,4.0,2.0,2.0
Gonyaulacales,40984.0,0.0,0.0,0.0,0.0,0.0,0.0,0.0,0.0,0.0,0.0,0.0,1.0,1.0,0.0,0.0,3.0,5.0,3.0,5.0,1.0,45.0,43.0,35.0,42.0
Halanaerobiales,53433.0,0.0,0.0,0.0,0.0,0.0,0.0,0.0,0.0,0.0,0.0,0.0,1.0,1.0,2.0,1.0,9.0,19.0,16.0,14.0,18.0,125.0,126.0,114.0,113.0
Euglenales,86650.0,0.0,0.0,0.0,0.0,0.0,0.0,0.0,0.0,0.0,0.0,0.0,1.0,1.0,0.0,2.0,5.0,8.0,7.0,4.0,3.0,77.0,88.0,79.0,60.0
Filobasidiales,90886.0,0.0,0.0,0.0,0.0,0.0,0.0,0.0,0.0,0.0,0.0,0.0,1.0,0.0,0.0,0.0,5.0,2.0,2.0,3.0,3.0,32.0,30.0,29.0,31.0
Microstromatales,162475.0,0.0,0.0,0.0,0.0,0.0,0.0,0.0,0.0,0.0,0.0,0.0,1.0,0.0,0.0,0.0,3.0,1.0,2.0,2.0,4.0,23.0,19.0,20.0,15.0
Thalassiophysales,216758.0,0.0,0.0,0.0,0.0,0.0,0.0,0.0,0.0,0.0,0.0,0.0,1.0,2.0,1.0,0.0,2.0,8.0,3.0,5.0,5.0,46.0,49.0,43.0,58.0
Cyclophorales,216817.0,0.0,0.0,0.0,0.0,0.0,0.0,0.0,0.0,0.0,0.0,0.0,1.0,0.0,0.0,0.0,6.0,3.0,1.0,2.0,2.0,25.0,30.0,25.0,30.0
Sporidiobolales,231213.0,0.0,0.0,0.0,0.0,0.0,0.0,0.0,0.0,0.0,0.0,0.0,1.0,0.0,0.0,0.0,5.0,3.0,5.0,2.0,4.0,51.0,47.0,42.0,44.0
Nautiliales,235899.0,0.0,0.0,0.0,0.0,0.0,0.0,0.0,0.0,0.0,0.0,0.0,1.0,0.0,0.0,1.0,4.0,3.0,5.0,7.0,7.0,55.0,47.0,45.0,47.0
Rhopalodiales,245176.0,0.0,0.0,0.0,0.0,0.0,0.0,0.0,0.0,0.0,0.0,0.0,1.0,3.0,3.0,0.0,10.0,5.0,5.0,8.0,5.0,61.0,65.0,59.0,67.0
Victivallales,278082.0,0.0,0.0,0.0,0.0,0.0,0.0,0.0,0.0,0.0,0.0,0.0,1.0,0.0,1.0,0.0,1.0,4.0,2.0,2.0,3.0,32.0,34.0,34.0,31.0
Coniochaetales,292576.0,0.0,0.0,0.0,0.0,0.0,0.0,0.0,0.0,0.0,0.0,0.0,1.0,0.0,0.0,0.0,2.0,0.0,0.0,0.0,3.0,1.0,9.0,6.0,6.0
Sebacinales,297313.0,0.0,0.0,0.0,0.0,0.0,0.0,0.0,0.0,0.0,0.0,0.0,1.0,0.0,0.0,1.0,4.0,5.0,4.0,2.0,5.0,28.0,31.0,29.0,25.0
Corticiales,452338.0,0.0,0.0,0.0,0.0,0.0,0.0,0.0,0.0,0.0,0.0,0.0,1.0,0.0,0.0,0.0,0.0,0.0,2.0,0.0,1.0,2.0,3.0,5.0,1.0
Rhizochromulinales,590978.0,0.0,0.0,0.0,0.0,0.0,0.0,0.0,0.0,0.0,0.0,0.0,1.0,0.0,0.0,1.0,4.0,1.0,6.0,4.0,4.0,41.0,40.0,41.0,44.0
Magnaporthales,639021.0,0.0,0.0,0.0,0.0,0.0,0.0,0.0,0.0,0.0,0.0,0.0,1.0,0.0,0.0,0.0,0.0,2.0,1.0,1.0,1.0,11.0,10.0,10.0,12.0
Nitrososphaerales,1033996.0,0.0,0.0,0.0,0.0,0.0,0.0,0.0,0.0,0.0,0.0,0.0,1.0,0.0,2.0,1.0,2.0,6.0,4.0,2.0,8.0,34.0,38.0,45.0,42.0
Venturiales,1111111.0,0.0,0.0,0.0,0.0,0.0,0.0,0.0,0.0,0.0,0.0,0.0,1.0,1.0,0.0,0.0,6.0,2.0,5.0,4.0,2.0,36.0,38.0,40.0,39.0
Jiangellales,1217098.0,0.0,0.0,0.0,0.0,0.0,0.0,0.0,0.0,0.0,0.0,0.0,1.0,2.0,1.0,1.0,22.0,19.0,15.0,24.0,10.0,175.0,161.0,174.0,169.0
Desulfurobacteriales,1485951.0,0.0,0.0,0.0,0.0,0.0,0.0,0.0,0.0,0.0,0.0,0.0,1.0,0.0,1.0,0.0,8.0,5.0,1.0,4.0,4.0,46.0,41.0,30.0,39.0
Nakamurellales,1643684.0,0.0,0.0,0.0,0.0,0.0,0.0,0.0,0.0,0.0,0.0,0.0,1.0,2.0,2.0,2.0,16.0,16.0,8.0,22.0,14.0,143.0,134.0,159.0,131.0
Endomicrobiales,1783344.0,0.0,0.0,0.0,0.0,0.0,0.0,0.0,0.0,0.0,0.0,0.0,1.0,0.0,0.0,1.0,4.0,3.0,1.0,0.0,0.0,11.0,6.0,10.0,7.0
Cocconeidales,1880621.0,0.0,0.0,0.0,0.0,0.0,0.0,0.0,0.0,0.0,0.0,0.0,1.0,0.0,0.0,0.0,0.0,1.0,1.0,1.0,1.0,12.0,12.0,10.0,16.0
Mastigamoebida,2682482.0,0.0,0.0,0.0,0.0,0.0,0.0,0.0,0.0,0.0,0.0,0.0,1.0,1.0,0.0,0.0,4.0,4.0,4.0,6.0,3.0,34.0,26.0,35.0,33.0
Aulographales,2706121.0,0.0,0.0,0.0,0.0,0.0,0.0,0.0,0.0,0.0,0.0,0.0,1.0,1.0,1.0,0.0,4.0,5.0,4.0,3.0,4.0,39.0,29.0,40.0,47.0
Cladosporiales,2726946.0,0.0,0.0,0.0,0.0,0.0,0.0,0.0,0.0,0.0,0.0,0.0,1.0,0.0,0.0,0.0,1.0,1.0,2.0,3.0,3.0,8.0,12.0,12.0,12.0
Motilibacterales,2793120.0,0.0,0.0,0.0,0.0,0.0,0.0,0.0,0.0,0.0,0.0,0.0,1.0,2.0,1.0,1.0,10.0,5.0,10.0,10.0,14.0,97.0,94.0,84.0,91.0
Methanotrichales,2905377.0,0.0,0.0,0.0,0.0,0.0,0.0,0.0,0.0,0.0,0.0,0.0,1.0,0.0,0.0,2.0,5.0,7.0,4.0,4.0,9.0,43.0,42.0,49.0,51.0
Melosirales,33841.0,0.0,0.0,0.0,0.0,0.0,0.0,0.0,0.0,0.0,0.0,0.0,0.0,3.0,1.0,0.0,4.0,2.0,5.0,5.0,3.0,29.0,32.0,26.0,29.0
Lecanorales,5197.0,0.0,0.0,0.0,0.0,0.0,0.0,0.0,0.0,0.0,0.0,0.0,0.0,2.0,0.0,0.0,1.0,1.0,3.0,3.0,2.0,23.0,24.0,25.0,25.0
Mixiales,432026.0,0.0,0.0,0.0,0.0,0.0,0.0,0.0,0.0,0.0,0.0,0.0,0.0,2.0,1.0,0.0,2.0,1.0,4.0,1.0,2.0,22.0,23.0,22.0,20.0
Florenciellales,590977.0,0.0,0.0,0.0,0.0,0.0,0.0,0.0,0.0,0.0,0.0,0.0,0.0,2.0,2.0,0.0,5.0,3.0,3.0,5.0,4.0,51.0,57.0,62.0,71.0
Jatrophihabitantales,2805415.0,0.0,0.0,0.0,0.0,0.0,0.0,0.0,0.0,0.0,0.0,0.0,0.0,2.0,0.0,0.0,10.0,3.0,5.0,5.0,5.0,49.0,50.0,43.0,44.0
Syntrophorhabdales,2819262.0,0.0,0.0,0.0,0.0,0.0,0.0,0.0,0.0,0.0,0.0,0.0,0.0,2.0,0.0,3.0,9.0,16.0,8.0,8.0,14.0,114.0,111.0,106.0,106.0
Vaucheriales,2974.0,0.0,0.0,0.0,0.0,0.0,0.0,0.0,0.0,0.0,0.0,0.0,0.0,1.0,0.0,2.0,1.0,1.0,4.0,4.0,1.0,24.0,17.0,27.0,16.0
Dacrymycetales,28997.0,0.0,0.0,0.0,0.0,0.0,0.0,0.0,0.0,0.0,0.0,0.0,0.0,1.0,0.0,0.0,1.0,1.0,3.0,0.0,1.0,9.0,9.0,9.0,9.0
Ulotrichales,31306.0,0.0,0.0,0.0,0.0,0.0,0.0,0.0,0.0,0.0,0.0,0.0,0.0,1.0,1.0,0.0,4.0,4.0,2.0,1.0,1.0,16.0,25.0,20.0,20.0
Oedogoniales,35490.0,0.0,0.0,0.0,0.0,0.0,0.0,0.0,0.0,0.0,0.0,0.0,0.0,1.0,0.0,0.0,0.0,0.0,0.0,1.0,0.0,4.0,6.0,4.0,3.0
Tilletiales,62916.0,0.0,0.0,0.0,0.0,0.0,0.0,0.0,0.0,0.0,0.0,0.0,0.0,1.0,0.0,0.0,1.0,0.0,3.0,0.0,0.0,18.0,19.0,18.0,22.0
Colpodida,88566.0,0.0,0.0,0.0,0.0,0.0,0.0,0.0,0.0,0.0,0.0,0.0,0.0,1.0,0.0,0.0,0.0,1.0,0.0,0.0,0.0,4.0,4.0,3.0,4.0
Thermomicrobiales,189776.0,0.0,0.0,0.0,0.0,0.0,0.0,0.0,0.0,0.0,0.0,0.0,0.0,1.0,1.0,0.0,7.0,12.0,7.0,7.0,5.0,104.0,98.0,97.0,92.0
Tabellariales,426659.0,0.0,0.0,0.0,0.0,0.0,0.0,0.0,0.0,0.0,0.0,0.0,0.0,1.0,0.0,0.0,0.0,1.0,0.0,0.0,1.0,7.0,5.0,6.0,6.0
Dinophysiales,447211.0,0.0,0.0,0.0,0.0,0.0,0.0,0.0,0.0,0.0,0.0,0.0,0.0,1.0,0.0,0.0,1.0,0.0,0.0,0.0,0.0,2.0,0.0,2.0,1.0
Methanocellales,570264.0,0.0,0.0,0.0,0.0,0.0,0.0,0.0,0.0,0.0,0.0,0.0,0.0,1.0,0.0,0.0,3.0,0.0,1.0,3.0,0.0,9.0,5.0,12.0,9.0
Jaapiales,721927.0,0.0,0.0,0.0,0.0,0.0,0.0,0.0,0.0,0.0,0.0,0.0,0.0,1.0,0.0,0.0,1.0,0.0,3.0,1.0,1.0,7.0,11.0,8.0,7.0
Parmales,722750.0,0.0,0.0,0.0,0.0,0.0,0.0,0.0,0.0,0.0,0.0,0.0,0.0,1.0,2.0,0.0,12.0,5.0,12.0,6.0,8.0,84.0,96.0,97.0,87.0
Chthonomonadales,1077263.0,0.0,0.0,0.0,0.0,0.0,0.0,0.0,0.0,0.0,0.0,0.0,0.0,1.0,0.0,0.0,1.0,1.0,2.0,0.0,2.0,16.0,13.0,16.0,14.0
Chitinivibrionales,1505233.0,0.0,0.0,0.0,0.0,0.0,0.0,0.0,0.0,0.0,0.0,0.0,0.0,1.0,1.0,0.0,3.0,1.0,2.0,4.0,1.0,18.0,13.0,16.0,14.0
Kallotenuales,1508535.0,0.0,0.0,0.0,0.0,0.0,0.0,0.0,0.0,0.0,0.0,0.0,0.0,1.0,0.0,0.0,7.0,7.0,4.0,4.0,3.0,49.0,48.0,53.0,60.0
Eggerthellales,1643822.0,0.0,0.0,0.0,0.0,0.0,0.0,0.0,0.0,0.0,0.0,0.0,0.0,1.0,1.0,1.0,8.0,7.0,5.0,3.0,12.0,69.0,62.0,60.0,75.0
Blastocatellales,1748771.0,0.0,0.0,0.0,0.0,0.0,0.0,0.0,0.0,0.0,0.0,0.0,0.0,1.0,1.0,0.0,6.0,3.0,1.0,3.0,3.0,35.0,36.0,33.0,37.0
Trichosporonales,1851469.0,0.0,0.0,0.0,0.0,0.0,0.0,0.0,0.0,0.0,0.0,0.0,0.0,1.0,0.0,0.0,1.0,2.0,1.0,2.0,0.0,18.0,19.0,21.0,15.0
Candidatus Sumerlaeales,2315420.0,0.0,0.0,0.0,0.0,0.0,0.0,0.0,0.0,0.0,0.0,0.0,0.0,1.0,0.0,0.0,0.0,0.0,0.0,0.0,1.0,6.0,5.0,8.0,6.0
Chloroflexales,32064.0,0.0,0.0,0.0,0.0,0.0,0.0,0.0,0.0,0.0,0.0,0.0,0.0,0.0,2.0,1.0,11.0,22.0,23.0,20.0,27.0,195.0,180.0,212.0,205.0
Glomerellales,1028384.0,0.0,0.0,0.0,0.0,0.0,0.0,0.0,0.0,0.0,0.0,0.0,0.0,0.0,2.0,0.0,7.0,7.0,4.0,12.0,7.0,48.0,61.0,66.0,60.0
Caulochytriales,2231168.0,0.0,0.0,0.0,0.0,0.0,0.0,0.0,0.0,0.0,0.0,0.0,0.0,0.0,2.0,0.0,1.0,2.0,4.0,3.0,5.0,34.0,40.0,38.0,38.0
Nemaliales,2807.0,0.0,0.0,0.0,0.0,0.0,0.0,0.0,0.0,0.0,0.0,0.0,0.0,0.0,1.0,1.0,3.0,3.0,0.0,2.0,1.0,9.0,8.0,9.0,8.0
Blastocladiales,4805.0,0.0,0.0,0.0,0.0,0.0,0.0,0.0,0.0,0.0,0.0,0.0,0.0,0.0,1.0,0.0,8.0,8.0,7.0,7.0,5.0,70.0,74.0,76.0,81.0
Dothideales,5014.0,0.0,0.0,0.0,0.0,0.0,0.0,0.0,0.0,0.0,0.0,0.0,0.0,0.0,1.0,0.0,4.0,3.0,7.0,2.0,4.0,33.0,36.0,30.0,36.0
Bicosoecida,33651.0,0.0,0.0,0.0,0.0,0.0,0.0,0.0,0.0,0.0,0.0,0.0,0.0,0.0,1.0,1.0,7.0,1.0,9.0,8.0,5.0,53.0,56.0,62.0,50.0
Microthamniales,42111.0,0.0,0.0,0.0,0.0,0.0,0.0,0.0,0.0,0.0,0.0,0.0,0.0,0.0,1.0,0.0,0.0,1.0,0.0,1.0,0.0,5.0,5.0,4.0,5.0
Microbotryales,55070.0,0.0,0.0,0.0,0.0,0.0,0.0,0.0,0.0,0.0,0.0,0.0,0.0,0.0,1.0,1.0,0.0,0.0,0.0,0.0,0.0,11.0,9.0,15.0,8.0
Sphaerobacterales,85001.0,0.0,0.0,0.0,0.0,0.0,0.0,0.0,0.0,0.0,0.0,0.0,0.0,0.0,1.0,1.0,3.0,2.0,3.0,1.0,6.0,26.0,27.0,27.0,23.0
Balbianiales,111859.0,0.0,0.0,0.0,0.0,0.0,0.0,0.0,0.0,0.0,0.0,0.0,0.0,0.0,1.0,0.0,1.0,0.0,0.0,0.0,2.0,3.0,2.0,3.0,4.0
Verrucariales,146291.0,0.0,0.0,0.0,0.0,0.0,0.0,0.0,0.0,0.0,0.0,0.0,0.0,0.0,1.0,0.0,1.0,1.0,1.0,0.0,1.0,13.0,14.0,14.0,14.0
Orbiliales,189479.0,0.0,0.0,0.0,0.0,0.0,0.0,0.0,0.0,0.0,0.0,0.0,0.0,0.0,1.0,0.0,6.0,3.0,4.0,2.0,2.0,27.0,25.0,29.0,26.0
Gloeobacterales,307595.0,0.0,0.0,0.0,0.0,0.0,0.0,0.0,0.0,0.0,0.0,0.0,0.0,0.0,1.0,0.0,3.0,7.0,3.0,4.0,7.0,49.0,43.0,40.0,45.0
Natranaerobiales,485256.0,0.0,0.0,0.0,0.0,0.0,0.0,0.0,0.0,0.0,0.0,0.0,0.0,0.0,1.0,0.0,1.0,0.0,0.0,0.0,0.0,6.0,4.0,5.0,2.0
Telonemida,589438.0,0.0,0.0,0.0,0.0,0.0,0.0,0.0,0.0,0.0,0.0,0.0,0.0,0.0,1.0,1.0,5.0,7.0,9.0,3.0,4.0,43.0,35.0,33.0,39.0
Tritrichomonadida,740972.0,0.0,0.0,0.0,0.0,0.0,0.0,0.0,0.0,0.0,0.0,0.0,0.0,0.0,1.0,0.0,2.0,7.0,6.0,3.0,0.0,37.0,25.0,41.0,36.0
Candidatus Geothermincolales,2900649.0,0.0,0.0,0.0,0.0,0.0,0.0,0.0,0.0,0.0,0.0,0.0,0.0,0.0,1.0,0.0,0.0,0.0,0.0,0.0,1.0,5.0,6.0,3.0,4.0
Archaeoglobales,2231.0,0.0,0.0,0.0,0.0,0.0,0.0,0.0,0.0,0.0,0.0,0.0,0.0,0.0,0.0,1.0,1.0,0.0,0.0,1.0,1.0,9.0,7.0,12.0,10.0
Thermoproteales,2266.0,0.0,0.0,0.0,0.0,0.0,0.0,0.0,0.0,0.0,0.0,0.0,0.0,0.0,0.0,1.0,0.0,1.0,2.0,0.0,1.0,6.0,5.0,5.0,6.0
Diplomonadida,5738.0,0.0,0.0,0.0,0.0,0.0,0.0,0.0,0.0,0.0,0.0,0.0,0.0,0.0,0.0,1.0,1.0,2.0,4.0,0.0,0.0,18.0,17.0,23.0,13.0
Neolectales,29823.0,0.0,0.0,0.0,0.0,0.0,0.0,0.0,0.0,0.0,0.0,0.0,0.0,0.0,0.0,1.0,3.0,0.0,1.0,2.0,1.0,18.0,14.0,14.0,14.0
Chaetopeltidales,51325.0,0.0,0.0,0.0,0.0,0.0,0.0,0.0,0.0,0.0,0.0,0.0,0.0,0.0,0.0,1.0,2.0,0.0,0.0,0.0,3.0,6.0,5.0,8.0,6.0
Euglyphida,178369.0,0.0,0.0,0.0,0.0,0.0,0.0,0.0,0.0,0.0,0.0,0.0,0.0,0.0,0.0,1.0,2.0,2.0,5.0,0.0,2.0,27.0,26.0,27.0,27.0
Surirellales,216751.0,0.0,0.0,0.0,0.0,0.0,0.0,0.0,0.0,0.0,0.0,0.0,0.0,0.0,0.0,1.0,3.0,2.0,3.0,3.0,1.0,27.0,21.0,24.0,28.0
Albuginales,370421.0,0.0,0.0,0.0,0.0,0.0,0.0,0.0,0.0,0.0,0.0,0.0,0.0,0.0,0.0,1.0,10.0,11.0,14.0,12.0,10.0,93.0,102.0,92.0,90.0
Trechisporales,452343.0,0.0,0.0,0.0,0.0,0.0,0.0,0.0,0.0,0.0,0.0,0.0,0.0,0.0,0.0,1.0,0.0,4.0,0.0,0.0,3.0,13.0,13.0,14.0,12.0
Methylacidiphilales,717963.0,0.0,0.0,0.0,0.0,0.0,0.0,0.0,0.0,0.0,0.0,0.0,0.0,0.0,0.0,1.0,4.0,1.0,5.0,3.0,5.0,32.0,31.0,25.0,25.0
Compsopogonales,930024.0,0.0,0.0,0.0,0.0,0.0,0.0,0.0,0.0,0.0,0.0,0.0,0.0,0.0,0.0,1.0,2.0,1.0,2.0,2.0,2.0,14.0,14.0,14.0,13.0
Violaceomycetales,1749035.0,0.0,0.0,0.0,0.0,0.0,0.0,0.0,0.0,0.0,0.0,0.0,0.0,0.0,0.0,1.0,0.0,1.0,0.0,0.0,0.0,9.0,9.0,7.0,10.0
Togniniales,1775898.0,0.0,0.0,0.0,0.0,0.0,0.0,0.0,0.0,0.0,0.0,0.0,0.0,0.0,0.0,1.0,1.0,0.0,0.0,1.0,0.0,4.0,3.0,3.0,4.0
Longimicrobiales,1804992.0,0.0,0.0,0.0,0.0,0.0,0.0,0.0,0.0,0.0,0.0,0.0,0.0,0.0,0.0,1.0,2.0,4.0,5.0,2.0,3.0,23.0,25.0,31.0,25.0
Thermoanaerobaculales,2562241.0,0.0,0.0,0.0,0.0,0.0,0.0,0.0,0.0,0.0,0.0,0.0,0.0,0.0,0.0,1.0,2.0,0.0,0.0,0.0,1.0,7.0,4.0,3.0,8.0
Tsukubamonadida,2711297.0,0.0,0.0,0.0,0.0,0.0,0.0,0.0,0.0,0.0,0.0,0.0,0.0,0.0,0.0,1.0,1.0,0.0,1.0,1.0,0.0,3.0,2.0,1.0,3.0
Terrimicrobiales,2762272.0,0.0,0.0,0.0,0.0,0.0,0.0,0.0,0.0,0.0,0.0,0.0,0.0,0.0,0.0,1.0,1.0,2.0,1.0,1.0,0.0,14.0,8.0,15.0,17.0
Entomoplasmatales,186328.0,0.0,0.0,0.0,0.0,0.0,0.0,0.0,0.0,0.0,0.0,0.0,0.0,0.0,0.0,0.0,7.0,1.0,2.0,1.0,1.0,18.0,23.0,16.0,16.0
Paraliales,216905.0,0.0,0.0,0.0,0.0,0.0,0.0,0.0,0.0,0.0,0.0,0.0,0.0,0.0,0.0,0.0,5.0,4.0,5.0,4.0,5.0,28.0,30.0,28.0,24.0
Kosmotogales,1643946.0,0.0,0.0,0.0,0.0,0.0,0.0,0.0,0.0,0.0,0.0,0.0,0.0,0.0,0.0,0.0,5.0,5.0,2.0,3.0,3.0,28.0,22.0,29.0,29.0
Myriangiales,45676.0,0.0,0.0,0.0,0.0,0.0,0.0,0.0,0.0,0.0,0.0,0.0,0.0,0.0,0.0,0.0,4.0,5.0,2.0,4.0,0.0,18.0,20.0,16.0,23.0
Paraglomerales,214508.0,0.0,0.0,0.0,0.0,0.0,0.0,0.0,0.0,0.0,0.0,0.0,0.0,0.0,0.0,0.0,4.0,3.0,4.0,2.0,4.0,30.0,35.0,34.0,31.0
Armatimonadales,1042313.0,0.0,0.0,0.0,0.0,0.0,0.0,0.0,0.0,0.0,0.0,0.0,0.0,0.0,0.0,0.0,4.0,9.0,2.0,6.0,8.0,58.0,51.0,56.0,52.0
Acidothermales,1643683.0,0.0,0.0,0.0,0.0,0.0,0.0,0.0,0.0,0.0,0.0,0.0,0.0,0.0,0.0,0.0,4.0,2.0,3.0,4.0,2.0,14.0,16.0,13.0,23.0
Candidatus Mcinerneyibacteriales,2703812.0,0.0,0.0,0.0,0.0,0.0,0.0,0.0,0.0,0.0,0.0,0.0,0.0,0.0,0.0,0.0,4.0,1.0,2.0,0.0,1.0,16.0,14.0,12.0,13.0
Prorocentrales,2942.0,0.0,0.0,0.0,0.0,0.0,0.0,0.0,0.0,0.0,0.0,0.0,0.0,0.0,0.0,0.0,3.0,3.0,0.0,0.0,0.0,15.0,14.0,21.0,16.0
Rhodymeniales,29247.0,0.0,0.0,0.0,0.0,0.0,0.0,0.0,0.0,0.0,0.0,0.0,0.0,0.0,0.0,0.0,3.0,0.0,2.0,0.0,1.0,10.0,7.0,5.0,7.0
Cercomonadida,188941.0,0.0,0.0,0.0,0.0,0.0,0.0,0.0,0.0,0.0,0.0,0.0,0.0,0.0,0.0,0.0,3.0,3.0,0.0,0.0,1.0,10.0,10.0,12.0,9.0
Candidatus Altiarchaeales,1803511.0,0.0,0.0,0.0,0.0,0.0,0.0,0.0,0.0,0.0,0.0,0.0,0.0,0.0,0.0,0.0,3.0,4.0,2.0,3.0,2.0,24.0,20.0,23.0,29.0
Gloeomargaritales,1955042.0,0.0,0.0,0.0,0.0,0.0,0.0,0.0,0.0,0.0,0.0,0.0,0.0,0.0,0.0,0.0,3.0,2.0,1.0,1.0,1.0,10.0,11.0,15.0,13.0
Auriculariales,5226.0,0.0,0.0,0.0,0.0,0.0,0.0,0.0,0.0,0.0,0.0,0.0,0.0,0.0,0.0,0.0,2.0,2.0,2.0,2.0,4.0,13.0,12.0,17.0,17.0
Chaetophorales,31299.0,0.0,0.0,0.0,0.0,0.0,0.0,0.0,0.0,0.0,0.0,0.0,0.0,0.0,0.0,0.0,2.0,1.0,2.0,1.0,4.0,13.0,15.0,12.0,10.0
Erythropeltidales,31351.0,0.0,0.0,0.0,0.0,0.0,0.0,0.0,0.0,0.0,0.0,0.0,0.0,0.0,0.0,0.0,2.0,0.0,0.0,2.0,0.0,9.0,10.0,14.0,15.0
Hildenbrandiales,31477.0,0.0,0.0,0.0,0.0,0.0,0.0,0.0,0.0,0.0,0.0,0.0,0.0,0.0,0.0,0.0,2.0,1.0,1.0,1.0,1.0,11.0,7.0,14.0,11.0
Pneumocystidales,37987.0,0.0,0.0,0.0,0.0,0.0,0.0,0.0,0.0,0.0,0.0,0.0,0.0,0.0,0.0,0.0,2.0,5.0,1.0,5.0,3.0,27.0,35.0,26.0,33.0
Entylomatales,62914.0,0.0,0.0,0.0,0.0,0.0,0.0,0.0,0.0,0.0,0.0,0.0,0.0,0.0,0.0,0.0,2.0,1.0,0.0,1.0,0.0,11.0,7.0,10.0,8.0
Myzocytiopsidales,159314.0,0.0,0.0,0.0,0.0,0.0,0.0,0.0,0.0,0.0,0.0,0.0,0.0,0.0,0.0,0.0,2.0,0.0,0.0,1.0,0.0,2.0,1.0,2.0,3.0
Urostylida,486728.0,0.0,0.0,0.0,0.0,0.0,0.0,0.0,0.0,0.0,0.0,0.0,0.0,0.0,0.0,0.0,2.0,0.0,2.0,2.0,1.0,10.0,5.0,7.0,9.0
Egibacterales,1747768.0,0.0,0.0,0.0,0.0,0.0,0.0,0.0,0.0,0.0,0.0,0.0,0.0,0.0,0.0,0.0,2.0,0.0,1.0,2.0,1.0,10.0,12.0,12.0,12.0
Candidatus Gastranaerophilales,1906119.0,0.0,0.0,0.0,0.0,0.0,0.0,0.0,0.0,0.0,0.0,0.0,0.0,0.0,0.0,0.0,2.0,2.0,4.0,0.0,1.0,15.0,13.0,16.0,11.0
Picocystales,2692250.0,0.0,0.0,0.0,0.0,0.0,0.0,0.0,0.0,0.0,0.0,0.0,0.0,0.0,0.0,0.0,2.0,1.0,2.0,3.0,4.0,23.0,28.0,26.0,24.0
Neobodonida,2704648.0,0.0,0.0,0.0,0.0,0.0,0.0,0.0,0.0,0.0,0.0,0.0,0.0,0.0,0.0,0.0,2.0,0.0,0.0,0.0,0.0,4.0,4.0,1.0,2.0
Methanococcales,2182.0,0.0,0.0,0.0,0.0,0.0,0.0,0.0,0.0,0.0,0.0,0.0,0.0,0.0,0.0,0.0,1.0,3.0,0.0,2.0,0.0,24.0,23.0,21.0,17.0
Sulfolobales,2281.0,0.0,0.0,0.0,0.0,0.0,0.0,0.0,0.0,0.0,0.0,0.0,0.0,0.0,0.0,0.0,1.0,0.0,3.0,0.0,1.0,11.0,12.0,6.0,10.0
Haplosporida,31291.0,0.0,0.0,0.0,0.0,0.0,0.0,0.0,0.0,0.0,0.0,0.0,0.0,0.0,0.0,0.0,1.0,1.0,0.0,0.0,0.0,0.0,3.0,0.0,2.0
Ahnfeltiales,31361.0,0.0,0.0,0.0,0.0,0.0,0.0,0.0,0.0,0.0,0.0,0.0,0.0,0.0,0.0,0.0,1.0,0.0,0.0,0.0,1.0,2.0,2.0,1.0,3.0
Patellariales,37882.0,0.0,0.0,0.0,0.0,0.0,0.0,0.0,0.0,0.0,0.0,0.0,0.0,0.0,0.0,0.0,1.0,4.0,1.0,3.0,1.0,11.0,12.0,13.0,18.0
Glaucocystales,38255.0,0.0,0.0,0.0,0.0,0.0,0.0,0.0,0.0,0.0,0.0,0.0,0.0,0.0,0.0,0.0,1.0,0.0,3.0,1.0,0.0,18.0,14.0,17.0,16.0
Thelephorales,56487.0,0.0,0.0,0.0,0.0,0.0,0.0,0.0,0.0,0.0,0.0,0.0,0.0,0.0,0.0,0.0,1.0,1.0,0.0,0.0,0.0,11.0,11.0,9.0,9.0
Phallales,68804.0,0.0,0.0,0.0,0.0,0.0,0.0,0.0,0.0,0.0,0.0,0.0,0.0,0.0,0.0,0.0,1.0,1.0,1.0,1.0,2.0,2.0,5.0,7.0,4.0
Cystofilobasidiales,90883.0,0.0,0.0,0.0,0.0,0.0,0.0,0.0,0.0,0.0,0.0,0.0,0.0,0.0,0.0,0.0,1.0,0.0,1.0,1.0,1.0,13.0,11.0,15.0,11.0
Desulfurococcales,114380.0,0.0,0.0,0.0,0.0,0.0,0.0,0.0,0.0,0.0,0.0,0.0,0.0,0.0,0.0,0.0,1.0,0.0,1.0,1.0,0.0,7.0,5.0,8.0,7.0
Prasiolales,135250.0,0.0,0.0,0.0,0.0,0.0,0.0,0.0,0.0,0.0,0.0,0.0,0.0,0.0,0.0,0.0,1.0,0.0,0.0,0.0,0.0,8.0,7.0,7.0,8.0
Endogenida,163662.0,0.0,0.0,0.0,0.0,0.0,0.0,0.0,0.0,0.0,0.0,0.0,0.0,0.0,0.0,0.0,1.0,0.0,0.0,0.0,0.0,1.0,1.0,0.0,1.0
Dictyoglomales,203487.0,0.0,0.0,0.0,0.0,0.0,0.0,0.0,0.0,0.0,0.0,0.0,0.0,0.0,0.0,0.0,1.0,1.0,0.0,0.0,1.0,9.0,12.0,7.0,12.0
Chlamydodontida,238897.0,0.0,0.0,0.0,0.0,0.0,0.0,0.0,0.0,0.0,0.0,0.0,0.0,0.0,0.0,0.0,1.0,1.0,1.0,1.0,1.0,11.0,12.0,14.0,14.0
Chaetosphaeriales,261460.0,0.0,0.0,0.0,0.0,0.0,0.0,0.0,0.0,0.0,0.0,0.0,0.0,0.0,0.0,0.0,1.0,1.0,0.0,2.0,0.0,6.0,8.0,8.0,6.0
Nassellaria,278980.0,0.0,0.0,0.0,0.0,0.0,0.0,0.0,0.0,0.0,0.0,0.0,0.0,0.0,0.0,0.0,1.0,0.0,0.0,0.0,0.0,0.0,1.0,0.0,1.0
Himatismenida,313555.0,0.0,0.0,0.0,0.0,0.0,0.0,0.0,0.0,0.0,0.0,0.0,0.0,0.0,0.0,0.0,1.0,0.0,0.0,1.0,1.0,4.0,4.0,5.0,5.0
Synhymeniida,352445.0,0.0,0.0,0.0,0.0,0.0,0.0,0.0,0.0,0.0,0.0,0.0,0.0,0.0,0.0,0.0,1.0,0.0,0.0,0.0,0.0,1.0,1.0,1.0,1.0
Acrosymphytales,369754.0,0.0,0.0,0.0,0.0,0.0,0.0,0.0,0.0,0.0,0.0,0.0,0.0,0.0,0.0,0.0,1.0,0.0,0.0,0.0,0.0,0.0,0.0,0.0,0.0
Rhabdonematales,426655.0,0.0,0.0,0.0,0.0,0.0,0.0,0.0,0.0,0.0,0.0,0.0,0.0,0.0,0.0,0.0,1.0,0.0,1.0,1.0,0.0,7.0,4.0,6.0,5.0
Umbilicariales,452227.0,0.0,0.0,0.0,0.0,0.0,0.0,0.0,0.0,0.0,0.0,0.0,0.0,0.0,0.0,0.0,1.0,0.0,1.0,0.0,0.0,5.0,5.0,5.0,4.0
Gloeophyllales,452339.0,0.0,0.0,0.0,0.0,0.0,0.0,0.0,0.0,0.0,0.0,0.0,0.0,0.0,0.0,0.0,1.0,3.0,1.0,0.0,0.0,10.0,16.0,16.0,15.0
Mytilinidiales,603422.0,0.0,0.0,0.0,0.0,0.0,0.0,0.0,0.0,0.0,0.0,0.0,0.0,0.0,0.0,0.0,1.0,1.0,2.0,0.0,1.0,9.0,13.0,16.0,12.0
Actinopolysporales,622450.0,0.0,0.0,0.0,0.0,0.0,0.0,0.0,0.0,0.0,0.0,0.0,0.0,0.0,0.0,0.0,1.0,2.0,1.0,1.0,0.0,13.0,14.0,14.0,13.0
Microthyriales,703495.0,0.0,0.0,0.0,0.0,0.0,0.0,0.0,0.0,0.0,0.0,0.0,0.0,0.0,0.0,0.0,1.0,2.0,1.0,1.0,0.0,15.0,11.0,11.0,13.0
Trypetheliales,714581.0,0.0,0.0,0.0,0.0,0.0,0.0,0.0,0.0,0.0,0.0,0.0,0.0,0.0,0.0,0.0,1.0,2.0,0.0,1.0,0.0,6.0,8.0,7.0,4.0
Acrospermales,716585.0,0.0,0.0,0.0,0.0,0.0,0.0,0.0,0.0,0.0,0.0,0.0,0.0,0.0,0.0,0.0,1.0,0.0,1.0,2.0,2.0,5.0,6.0,6.0,6.0
Thermogemmatisporales,768667.0,0.0,0.0,0.0,0.0,0.0,0.0,0.0,0.0,0.0,0.0,0.0,0.0,0.0,0.0,0.0,1.0,2.0,0.0,1.0,1.0,14.0,9.0,12.0,14.0
Mastogloiales,1003319.0,0.0,0.0,0.0,0.0,0.0,0.0,0.0,0.0,0.0,0.0,0.0,0.0,0.0,0.0,0.0,1.0,0.0,1.0,2.0,1.0,13.0,15.0,11.0,9.0
Methanomassiliicoccales,1235850.0,0.0,0.0,0.0,0.0,0.0,0.0,0.0,0.0,0.0,0.0,0.0,0.0,0.0,0.0,0.0,1.0,6.0,4.0,2.0,1.0,29.0,32.0,38.0,38.0
Caliciales,1302181.0,0.0,0.0,0.0,0.0,0.0,0.0,0.0,0.0,0.0,0.0,0.0,0.0,0.0,0.0,0.0,1.0,0.0,1.0,1.0,0.0,8.0,8.0,10.0,7.0
Monomastigales,1525214.0,0.0,0.0,0.0,0.0,0.0,0.0,0.0,0.0,0.0,0.0,0.0,0.0,0.0,0.0,0.0,1.0,0.0,4.0,1.0,2.0,11.0,13.0,8.0,10.0
Marsupiomonadales,1535297.0,0.0,0.0,0.0,0.0,0.0,0.0,0.0,0.0,0.0,0.0,0.0,0.0,0.0,0.0,0.0,1.0,3.0,1.0,2.0,3.0,20.0,23.0,18.0,21.0
Phaeomoniellales,1618100.0,0.0,0.0,0.0,0.0,0.0,0.0,0.0,0.0,0.0,0.0,0.0,0.0,0.0,0.0,0.0,1.0,1.0,0.0,1.0,0.0,6.0,7.0,4.0,5.0
Goniochloridales,1905220.0,0.0,0.0,0.0,0.0,0.0,0.0,0.0,0.0,0.0,0.0,0.0,0.0,0.0,0.0,0.0,1.0,1.0,0.0,0.0,0.0,6.0,5.0,2.0,2.0
Acanthoecida,1924739.0,0.0,0.0,0.0,0.0,0.0,0.0,0.0,0.0,0.0,0.0,0.0,0.0,0.0,0.0,0.0,1.0,0.0,0.0,1.0,0.0,3.0,6.0,6.0,5.0
Coprothermobacterales,2138246.0,0.0,0.0,0.0,0.0,0.0,0.0,0.0,0.0,0.0,0.0,0.0,0.0,0.0,0.0,0.0,1.0,0.0,1.0,0.0,0.0,5.0,6.0,5.0,7.0
Metopida,2213231.0,0.0,0.0,0.0,0.0,0.0,0.0,0.0,0.0,0.0,0.0,0.0,0.0,0.0,0.0,0.0,1.0,1.0,0.0,0.0,1.0,10.0,10.0,7.0,9.0
Thermotomaculales,2562243.0,0.0,0.0,0.0,0.0,0.0,0.0,0.0,0.0,0.0,0.0,0.0,0.0,0.0,0.0,0.0,1.0,1.0,1.0,1.0,3.0,10.0,5.0,7.0,7.0
Labyrinthulida,2699527.0,0.0,0.0,0.0,0.0,0.0,0.0,0.0,0.0,0.0,0.0,0.0,0.0,0.0,0.0,0.0,1.0,0.0,0.0,0.0,0.0,3.0,2.0,2.0,2.0
Lineolatales,2714148.0,0.0,0.0,0.0,0.0,0.0,0.0,0.0,0.0,0.0,0.0,0.0,0.0,0.0,0.0,0.0,1.0,1.0,1.0,0.0,2.0,13.0,10.0,13.0,13.0
Candidatus Limnocylindrales,2802654.0,0.0,0.0,0.0,0.0,0.0,0.0,0.0,0.0,0.0,0.0,0.0,0.0,0.0,0.0,0.0,1.0,0.0,1.0,0.0,1.0,1.0,3.0,4.0,2.0
Atribacterales,2847775.0,0.0,0.0,0.0,0.0,0.0,0.0,0.0,0.0,0.0,0.0,0.0,0.0,0.0,0.0,0.0,1.0,0.0,0.0,0.0,0.0,6.0,6.0,6.0,4.0
Candidatus Aquicultorales,2900651.0,0.0,0.0,0.0,0.0,0.0,0.0,0.0,0.0,0.0,0.0,0.0,0.0,0.0,0.0,0.0,1.0,1.0,1.0,0.0,2.0,13.0,13.0,13.0,12.0
Sphacelariales,27945.0,0.0,0.0,0.0,0.0,0.0,0.0,0.0,0.0,0.0,0.0,0.0,0.0,0.0,0.0,0.0,0.0,5.0,4.0,1.0,0.0,13.0,12.0,13.0,10.0
Dimargaritales,78918.0,0.0,0.0,0.0,0.0,0.0,0.0,0.0,0.0,0.0,0.0,0.0,0.0,0.0,0.0,0.0,0.0,4.0,4.0,3.0,1.0,18.0,20.0,23.0,15.0
Thermococcales,2258.0,0.0,0.0,0.0,0.0,0.0,0.0,0.0,0.0,0.0,0.0,0.0,0.0,0.0,0.0,0.0,0.0,3.0,3.0,3.0,3.0,19.0,17.0,24.0,19.0
Microascales,5592.0,0.0,0.0,0.0,0.0,0.0,0.0,0.0,0.0,0.0,0.0,0.0,0.0,0.0,0.0,0.0,0.0,3.0,1.0,1.0,1.0,20.0,20.0,19.0,20.0
Limnochordales,1676649.0,0.0,0.0,0.0,0.0,0.0,0.0,0.0,0.0,0.0,0.0,0.0,0.0,0.0,0.0,0.0,0.0,3.0,2.0,2.0,0.0,10.0,11.0,14.0,13.0
Abditibacteriales,2109260.0,0.0,0.0,0.0,0.0,0.0,0.0,0.0,0.0,0.0,0.0,0.0,0.0,0.0,0.0,0.0,0.0,3.0,1.0,2.0,2.0,20.0,23.0,21.0,18.0
Candidatus Termititenacales,2507543.0,0.0,0.0,0.0,0.0,0.0,0.0,0.0,0.0,0.0,0.0,0.0,0.0,0.0,0.0,0.0,0.0,3.0,3.0,1.0,0.0,10.0,10.0,8.0,10.0
Phaeothamnales,134677.0,0.0,0.0,0.0,0.0,0.0,0.0,0.0,0.0,0.0,0.0,0.0,0.0,0.0,0.0,0.0,0.0,2.0,0.0,1.0,0.0,2.0,2.0,3.0,2.0
Phaeotrichales,1818663.0,0.0,0.0,0.0,0.0,0.0,0.0,0.0,0.0,0.0,0.0,0.0,0.0,0.0,0.0,0.0,0.0,2.0,0.0,0.0,1.0,3.0,4.0,4.0,4.0
Colponemida,2683325.0,0.0,0.0,0.0,0.0,0.0,0.0,0.0,0.0,0.0,0.0,0.0,0.0,0.0,0.0,0.0,0.0,2.0,1.0,2.0,1.0,6.0,6.0,4.0,6.0
Rotaliida,29185.0,0.0,0.0,0.0,0.0,0.0,0.0,0.0,0.0,0.0,0.0,0.0,0.0,0.0,0.0,0.0,0.0,1.0,0.0,0.0,0.0,3.0,2.0,3.0,2.0
Hibberdiales,33654.0,0.0,0.0,0.0,0.0,0.0,0.0,0.0,0.0,0.0,0.0,0.0,0.0,0.0,0.0,0.0,0.0,1.0,0.0,0.0,0.0,1.0,2.0,1.0,1.0
Plocamiales,35203.0,0.0,0.0,0.0,0.0,0.0,0.0,0.0,0.0,0.0,0.0,0.0,0.0,0.0,0.0,0.0,0.0,1.0,0.0,1.0,1.0,2.0,3.0,3.0,1.0
Oltmansiellopsidales,175240.0,0.0,0.0,0.0,0.0,0.0,0.0,0.0,0.0,0.0,0.0,0.0,0.0,0.0,0.0,0.0,0.0,1.0,0.0,0.0,1.0,7.0,7.0,4.0,5.0
Diplonemea,191814.0,0.0,0.0,0.0,0.0,0.0,0.0,0.0,0.0,0.0,0.0,0.0,0.0,0.0,0.0,0.0,0.0,1.0,0.0,0.0,0.0,3.0,5.0,3.0,5.0
Wallemiales,431958.0,0.0,0.0,0.0,0.0,0.0,0.0,0.0,0.0,0.0,0.0,0.0,0.0,0.0,0.0,0.0,0.0,1.0,1.0,1.0,2.0,12.0,13.0,10.0,9.0
Gomphales,452336.0,0.0,0.0,0.0,0.0,0.0,0.0,0.0,0.0,0.0,0.0,0.0,0.0,0.0,0.0,0.0,0.0,1.0,1.0,0.0,1.0,5.0,7.0,6.0,6.0
Prasinococcales,485343.0,0.0,0.0,0.0,0.0,0.0,0.0,0.0,0.0,0.0,0.0,0.0,0.0,0.0,0.0,0.0,0.0,1.0,0.0,1.0,1.0,4.0,3.0,4.0,4.0
Dactylopodida,555392.0,0.0,0.0,0.0,0.0,0.0,0.0,0.0,0.0,0.0,0.0,0.0,0.0,0.0,0.0,0.0,0.0,1.0,1.0,0.0,0.0,6.0,6.0,7.0,10.0
Elusimicrobiales,641854.0,0.0,0.0,0.0,0.0,0.0,0.0,0.0,0.0,0.0,0.0,0.0,0.0,0.0,0.0,0.0,0.0,1.0,0.0,1.0,0.0,12.0,8.0,6.0,9.0
Rhodellales,661028.0,0.0,0.0,0.0,0.0,0.0,0.0,0.0,0.0,0.0,0.0,0.0,0.0,0.0,0.0,0.0,0.0,1.0,0.0,0.0,1.0,6.0,3.0,5.0,2.0
Ceraceosorales,742846.0,0.0,0.0,0.0,0.0,0.0,0.0,0.0,0.0,0.0,0.0,0.0,0.0,0.0,0.0,0.0,0.0,1.0,2.0,1.0,2.0,6.0,10.0,6.0,9.0
Ralfsiales,891380.0,0.0,0.0,0.0,0.0,0.0,0.0,0.0,0.0,0.0,0.0,0.0,0.0,0.0,0.0,0.0,0.0,1.0,1.0,0.0,1.0,0.0,2.0,1.0,1.0
Chrysanthemodiscales,1003315.0,0.0,0.0,0.0,0.0,0.0,0.0,0.0,0.0,0.0,0.0,0.0,0.0,0.0,0.0,0.0,0.0,1.0,0.0,0.0,1.0,3.0,1.0,3.0,2.0
Thermostichales,2881383.0,0.0,0.0,0.0,0.0,0.0,0.0,0.0,0.0,0.0,0.0,0.0,0.0,0.0,0.0,0.0,0.0,1.0,0.0,0.0,1.0,4.0,4.0,2.0,1.0
Candidatus Anstonellales,2885737.0,0.0,0.0,0.0,0.0,0.0,0.0,0.0,0.0,0.0,0.0,0.0,0.0,0.0,0.0,0.0,0.0,1.0,0.0,0.0,1.0,1.0,1.0,1.0,2.0
Candidatus Absconditabacterales,2900568.0,0.0,0.0,0.0,0.0,0.0,0.0,0.0,0.0,0.0,0.0,0.0,0.0,0.0,0.0,0.0,0.0,1.0,0.0,2.0,1.0,6.0,6.0,11.0,6.0
Thermoleophilales,588674.0,0.0,0.0,0.0,0.0,0.0,0.0,0.0,0.0,0.0,0.0,0.0,0.0,0.0,0.0,0.0,0.0,0.0,3.0,2.0,3.0,15.0,9.0,13.0,10.0
Geastrales,157608.0,0.0,0.0,0.0,0.0,0.0,0.0,0.0,0.0,0.0,0.0,0.0,0.0,0.0,0.0,0.0,0.0,0.0,2.0,0.0,4.0,12.0,11.0,10.0,15.0
Xylonales,1217820.0,0.0,0.0,0.0,0.0,0.0,0.0,0.0,0.0,0.0,0.0,0.0,0.0,0.0,0.0,0.0,0.0,0.0,2.0,1.0,0.0,5.0,6.0,9.0,6.0
Malawimonadida,2795258.0,0.0,0.0,0.0,0.0,0.0,0.0,0.0,0.0,0.0,0.0,0.0,0.0,0.0,0.0,0.0,0.0,0.0,2.0,0.0,0.0,3.0,7.0,5.0,5.0
Trentepohliales,35443.0,0.0,0.0,0.0,0.0,0.0,0.0,0.0,0.0,0.0,0.0,0.0,0.0,0.0,0.0,0.0,0.0,0.0,1.0,1.0,0.0,1.0,3.0,3.0,2.0
Arthoniales,39677.0,0.0,0.0,0.0,0.0,0.0,0.0,0.0,0.0,0.0,0.0,0.0,0.0,0.0,0.0,0.0,0.0,0.0,1.0,1.0,1.0,5.0,7.0,5.0,5.0
Ochromonadales,98652.0,0.0,0.0,0.0,0.0,0.0,0.0,0.0,0.0,0.0,0.0,0.0,0.0,0.0,0.0,0.0,0.0,0.0,1.0,1.0,0.0,3.0,4.0,4.0,2.0
Mischococcales,195993.0,0.0,0.0,0.0,0.0,0.0,0.0,0.0,0.0,0.0,0.0,0.0,0.0,0.0,0.0,0.0,0.0,0.0,1.0,0.0,0.0,2.0,2.0,1.0,1.0
Tintinnida,200604.0,0.0,0.0,0.0,0.0,0.0,0.0,0.0,0.0,0.0,0.0,0.0,0.0,0.0,0.0,0.0,0.0,0.0,1.0,0.0,0.0,2.0,2.0,2.0,2.0
Ignatiales,231076.0,0.0,0.0,0.0,0.0,0.0,0.0,0.0,0.0,0.0,0.0,0.0,0.0,0.0,0.0,0.0,0.0,0.0,1.0,0.0,0.0,4.0,3.0,5.0,3.0
Kathablepharidacea,339960.0,0.0,0.0,0.0,0.0,0.0,0.0,0.0,0.0,0.0,0.0,0.0,0.0,0.0,0.0,0.0,0.0,0.0,1.0,0.0,1.0,7.0,4.0,6.0,4.0
Glissomonadida,1238681.0,0.0,0.0,0.0,0.0,0.0,0.0,0.0,0.0,0.0,0.0,0.0,0.0,0.0,0.0,0.0,0.0,0.0,1.0,0.0,0.0,0.0,1.0,1.0,1.0
Dixoniellales,1292367.0,0.0,0.0,0.0,0.0,0.0,0.0,0.0,0.0,0.0,0.0,0.0,0.0,0.0,0.0,0.0,0.0,0.0,1.0,1.0,0.0,3.0,6.0,3.0,3.0
Palmophyllales,1524963.0,0.0,0.0,0.0,0.0,0.0,0.0,0.0,0.0,0.0,0.0,0.0,0.0,0.0,0.0,0.0,0.0,0.0,1.0,0.0,0.0,2.0,3.0,3.0,1.0
Dolichomastigales,1525213.0,0.0,0.0,0.0,0.0,0.0,0.0,0.0,0.0,0.0,0.0,0.0,0.0,0.0,0.0,0.0,0.0,0.0,1.0,1.0,2.0,0.0,4.0,3.0,4.0
Mesoaciditogales,1769716.0,0.0,0.0,0.0,0.0,0.0,0.0,0.0,0.0,0.0,0.0,0.0,0.0,0.0,0.0,0.0,0.0,0.0,1.0,1.0,2.0,5.0,6.0,6.0,8.0
Candidatus Babeliales,2497644.0,0.0,0.0,0.0,0.0,0.0,0.0,0.0,0.0,0.0,0.0,0.0,0.0,0.0,0.0,0.0,0.0,0.0,1.0,0.0,1.0,9.0,8.0,5.0,9.0
Candidatus Methanoliparales,2545689.0,0.0,0.0,0.0,0.0,0.0,0.0,0.0,0.0,0.0,0.0,0.0,0.0,0.0,0.0,0.0,0.0,0.0,1.0,0.0,0.0,5.0,3.0,4.0,4.0
Parabodonida,2704649.0,0.0,0.0,0.0,0.0,0.0,0.0,0.0,0.0,0.0,0.0,0.0,0.0,0.0,0.0,0.0,0.0,0.0,1.0,1.0,0.0,2.0,0.0,0.0,1.0
Amphidiniales,2922898.0,0.0,0.0,0.0,0.0,0.0,0.0,0.0,0.0,0.0,0.0,0.0,0.0,0.0,0.0,0.0,0.0,0.0,1.0,2.0,0.0,1.0,4.0,4.0,5.0
Tepidiformales,2682226.0,0.0,0.0,0.0,0.0,0.0,0.0,0.0,0.0,0.0,0.0,0.0,0.0,0.0,0.0,0.0,0.0,0.0,0.0,2.0,0.0,3.0,3.0,4.0,6.0
Palmariales,2819.0,0.0,0.0,0.0,0.0,0.0,0.0,0.0,0.0,0.0,0.0,0.0,0.0,0.0,0.0,0.0,0.0,0.0,0.0,1.0,0.0,2.0,1.0,1.0,1.0
Haptorida,5989.0,0.0,0.0,0.0,0.0,0.0,0.0,0.0,0.0,0.0,0.0,0.0,0.0,0.0,0.0,0.0,0.0,0.0,0.0,1.0,0.0,1.0,0.0,1.0,0.0
Bonnemaisoniales,31364.0,0.0,0.0,0.0,0.0,0.0,0.0,0.0,0.0,0.0,0.0,0.0,0.0,0.0,0.0,0.0,0.0,0.0,0.0,1.0,0.0,2.0,2.0,1.0,3.0
Heteronematales,86653.0,0.0,0.0,0.0,0.0,0.0,0.0,0.0,0.0,0.0,0.0,0.0,0.0,0.0,0.0,0.0,0.0,0.0,0.0,1.0,0.0,0.0,2.0,2.0,0.0
Rhaponeidales,265588.0,0.0,0.0,0.0,0.0,0.0,0.0,0.0,0.0,0.0,0.0,0.0,0.0,0.0,0.0,0.0,0.0,0.0,0.0,1.0,0.0,6.0,6.0,6.0,4.0
Geoglossales,654833.0,0.0,0.0,0.0,0.0,0.0,0.0,0.0,0.0,0.0,0.0,0.0,0.0,0.0,0.0,0.0,0.0,0.0,0.0,1.0,1.0,9.0,9.0,6.0,7.0
Sticholonchida,1054998.0,0.0,0.0,0.0,0.0,0.0,0.0,0.0,0.0,0.0,0.0,0.0,0.0,0.0,0.0,0.0,0.0,0.0,0.0,1.0,0.0,4.0,2.0,3.0,3.0
Spongomonadida,1736115.0,0.0,0.0,0.0,0.0,0.0,0.0,0.0,0.0,0.0,0.0,0.0,0.0,0.0,0.0,0.0,0.0,0.0,0.0,1.0,1.0,1.0,1.0,2.0,2.0
Cyathomonadacea,2698752.0,0.0,0.0,0.0,0.0,0.0,0.0,0.0,0.0,0.0,0.0,0.0,0.0,0.0,0.0,0.0,0.0,0.0,0.0,1.0,0.0,5.0,4.0,1.0,5.0
Thermofilales,2856582.0,0.0,0.0,0.0,0.0,0.0,0.0,0.0,0.0,0.0,0.0,0.0,0.0,0.0,0.0,0.0,0.0,0.0,0.0,1.0,2.0,4.0,4.0,3.0,4.0
Desmarestiales,31337.0,0.0,0.0,0.0,0.0,0.0,0.0,0.0,0.0,0.0,0.0,0.0,0.0,0.0,0.0,0.0,0.0,0.0,0.0,0.0,2.0,2.0,4.0,5.0,5.0
Hysterangiales,452337.0,0.0,0.0,0.0,0.0,0.0,0.0,0.0,0.0,0.0,0.0,0.0,0.0,0.0,0.0,0.0,0.0,0.0,0.0,0.0,2.0,8.0,7.0,6.0,5.0
Acidilobales,871006.0,0.0,0.0,0.0,0.0,0.0,0.0,0.0,0.0,0.0,0.0,0.0,0.0,0.0,0.0,0.0,0.0,0.0,0.0,0.0,2.0,0.0,2.0,2.0,3.0
Candidatus Tiddalikarchaeales,2885753.0,0.0,0.0,0.0,0.0,0.0,0.0,0.0,0.0,0.0,0.0,0.0,0.0,0.0,0.0,0.0,0.0,0.0,0.0,0.0,2.0,0.0,3.0,2.0,3.0
Cladophorales,3183.0,0.0,0.0,0.0,0.0,0.0,0.0,0.0,0.0,0.0,0.0,0.0,0.0,0.0,0.0,0.0,0.0,0.0,0.0,0.0,1.0,1.0,1.0,2.0,1.0
Acrochaetiales,31355.0,0.0,0.0,0.0,0.0,0.0,0.0,0.0,0.0,0.0,0.0,0.0,0.0,0.0,0.0,0.0,0.0,0.0,0.0,0.0,1.0,5.0,5.0,7.0,4.0
Loxodida,33828.0,0.0,0.0,0.0,0.0,0.0,0.0,0.0,0.0,0.0,0.0,0.0,0.0,0.0,0.0,0.0,0.0,0.0,0.0,0.0,1.0,0.0,1.0,1.0,0.0
Pedinomonadales,35423.0,0.0,0.0,0.0,0.0,0.0,0.0,0.0,0.0,0.0,0.0,0.0,0.0,0.0,0.0,0.0,0.0,0.0,0.0,0.0,1.0,5.0,4.0,4.0,2.0
Chlorosarcinales,138177.0,0.0,0.0,0.0,0.0,0.0,0.0,0.0,0.0,0.0,0.0,0.0,0.0,0.0,0.0,0.0,0.0,0.0,0.0,0.0,1.0,1.0,4.0,4.0,3.0
Euamoebida,180229.0,0.0,0.0,0.0,0.0,0.0,0.0,0.0,0.0,0.0,0.0,0.0,0.0,0.0,0.0,0.0,0.0,0.0,0.0,0.0,1.0,3.0,3.0,2.0,3.0
Corethrales,420269.0,0.0,0.0,0.0,0.0,0.0,0.0,0.0,0.0,0.0,0.0,0.0,0.0,0.0,0.0,0.0,0.0,0.0,0.0,0.0,1.0,1.0,4.0,3.0,2.0
Oxyrrhinales,1239064.0,0.0,0.0,0.0,0.0,0.0,0.0,0.0,0.0,0.0,0.0,0.0,0.0,0.0,0.0,0.0,0.0,0.0,0.0,0.0,1.0,1.0,1.0,1.0,1.0
Candidatus Nanoperiomorbales,2171983.0,0.0,0.0,0.0,0.0,0.0,0.0,0.0,0.0,0.0,0.0,0.0,0.0,0.0,0.0,0.0,0.0,0.0,0.0,0.0,1.0,1.0,1.0,1.0,1.0
Eremomycetales,2714147.0,0.0,0.0,0.0,0.0,0.0,0.0,0.0,0.0,0.0,0.0,0.0,0.0,0.0,0.0,0.0,0.0,0.0,0.0,0.0,1.0,4.0,8.0,6.0,8.0
Sporolithales,2492834.0,0.0,0.0,0.0,0.0,0.0,0.0,0.0,0.0,0.0,0.0,0.0,0.0,0.0,0.0,0.0,0.0,0.0,0.0,0.0,0.0,5.0,5.0,1.0,1.0
Stichotrichida,33832.0,0.0,0.0,0.0,0.0,0.0,0.0,0.0,0.0,0.0,0.0,0.0,0.0,0.0,0.0,0.0,0.0,0.0,0.0,0.0,0.0,4.0,4.0,6.0,5.0
Haloplasmatales,471822.0,0.0,0.0,0.0,0.0,0.0,0.0,0.0,0.0,0.0,0.0,0.0,0.0,0.0,0.0,0.0,0.0,0.0,0.0,0.0,0.0,4.0,4.0,5.0,5.0
Caldisericales,693072.0,0.0,0.0,0.0,0.0,0.0,0.0,0.0,0.0,0.0,0.0,0.0,0.0,0.0,0.0,0.0,0.0,0.0,0.0,0.0,0.0,4.0,1.0,4.0,1.0
Candidatus Eremiobacterales,2599631.0,0.0,0.0,0.0,0.0,0.0,0.0,0.0,0.0,0.0,0.0,0.0,0.0,0.0,0.0,0.0,0.0,0.0,0.0,0.0,0.0,4.0,3.0,2.0,3.0
Oltmannsiellopsidales,2682489.0,0.0,0.0,0.0,0.0,0.0,0.0,0.0,0.0,0.0,0.0,0.0,0.0,0.0,0.0,0.0,0.0,0.0,0.0,0.0,0.0,4.0,3.0,5.0,2.0
Culicoidibacterales,2787154.0,0.0,0.0,0.0,0.0,0.0,0.0,0.0,0.0,0.0,0.0,0.0,0.0,0.0,0.0,0.0,0.0,0.0,0.0,0.0,0.0,4.0,1.0,2.0,2.0
Halymeniales,50289.0,0.0,0.0,0.0,0.0,0.0,0.0,0.0,0.0,0.0,0.0,0.0,0.0,0.0,0.0,0.0,0.0,0.0,0.0,0.0,0.0,3.0,4.0,2.0,4.0
Protosteliida,435411.0,0.0,0.0,0.0,0.0,0.0,0.0,0.0,0.0,0.0,0.0,0.0,0.0,0.0,0.0,0.0,0.0,0.0,0.0,0.0,0.0,3.0,0.0,1.0,1.0
Candidatus Nanohalobiales,2856053.0,0.0,0.0,0.0,0.0,0.0,0.0,0.0,0.0,0.0,0.0,0.0,0.0,0.0,0.0,0.0,0.0,0.0,0.0,0.0,0.0,3.0,2.0,4.0,3.0
Thoracosphaerales,33835.0,0.0,0.0,0.0,0.0,0.0,0.0,0.0,0.0,0.0,0.0,0.0,0.0,0.0,0.0,0.0,0.0,0.0,0.0,0.0,0.0,2.0,2.0,2.0,2.0
Gloeochaetales,38262.0,0.0,0.0,0.0,0.0,0.0,0.0,0.0,0.0,0.0,0.0,0.0,0.0,0.0,0.0,0.0,0.0,0.0,0.0,0.0,0.0,2.0,3.0,3.0,1.0
Methanopyrales,68985.0,0.0,0.0,0.0,0.0,0.0,0.0,0.0,0.0,0.0,0.0,0.0,0.0,0.0,0.0,0.0,0.0,0.0,0.0,0.0,0.0,2.0,1.0,2.0,0.0
Sorogenida,164619.0,0.0,0.0,0.0,0.0,0.0,0.0,0.0,0.0,0.0,0.0,0.0,0.0,0.0,0.0,0.0,0.0,0.0,0.0,0.0,0.0,2.0,2.0,3.0,2.0
Trichonymphida,285692.0,0.0,0.0,0.0,0.0,0.0,0.0,0.0,0.0,0.0,0.0,0.0,0.0,0.0,0.0,0.0,0.0,0.0,0.0,0.0,0.0,2.0,1.0,1.0,1.0
Pseudoamphisiellida,385030.0,0.0,0.0,0.0,0.0,0.0,0.0,0.0,0.0,0.0,0.0,0.0,0.0,0.0,0.0,0.0,0.0,0.0,0.0,0.0,0.0,2.0,2.0,1.0,0.0
Candidatus Fermentibacterales,2152897.0,0.0,0.0,0.0,0.0,0.0,0.0,0.0,0.0,0.0,0.0,0.0,0.0,0.0,0.0,0.0,0.0,0.0,0.0,0.0,0.0,2.0,1.0,2.0,1.0
Lagenidiales,4800.0,0.0,0.0,0.0,0.0,0.0,0.0,0.0,0.0,0.0,0.0,0.0,0.0,0.0,0.0,0.0,0.0,0.0,0.0,0.0,0.0,1.0,2.0,2.0,2.0
Vestibuliferida,33833.0,0.0,0.0,0.0,0.0,0.0,0.0,0.0,0.0,0.0,0.0,0.0,0.0,0.0,0.0,0.0,0.0,0.0,0.0,0.0,0.0,1.0,1.0,1.0,1.0
Entodiniomorphida,40634.0,0.0,0.0,0.0,0.0,0.0,0.0,0.0,0.0,0.0,0.0,0.0,0.0,0.0,0.0,0.0,0.0,0.0,0.0,0.0,0.0,1.0,1.0,1.0,1.0
Sarcinochrysidales,45651.0,0.0,0.0,0.0,0.0,0.0,0.0,0.0,0.0,0.0,0.0,0.0,0.0,0.0,0.0,0.0,0.0,0.0,0.0,0.0,0.0,1.0,1.0,0.0,1.0
Chrysomeridales,54901.0,0.0,0.0,0.0,0.0,0.0,0.0,0.0,0.0,0.0,0.0,0.0,0.0,0.0,0.0,0.0,0.0,0.0,0.0,0.0,0.0,1.0,1.0,0.0,1.0
Leptomitales,92979.0,0.0,0.0,0.0,0.0,0.0,0.0,0.0,0.0,0.0,0.0,0.0,0.0,0.0,0.0,0.0,0.0,0.0,0.0,0.0,0.0,1.0,1.0,1.0,1.0
Balliales,123989.0,0.0,0.0,0.0,0.0,0.0,0.0,0.0,0.0,0.0,0.0,0.0,0.0,0.0,0.0,0.0,0.0,0.0,0.0,0.0,0.0,1.0,2.0,1.0,2.0
Arcellinida,318493.0,0.0,0.0,0.0,0.0,0.0,0.0,0.0,0.0,0.0,0.0,0.0,0.0,0.0,0.0,0.0,0.0,0.0,0.0,0.0,0.0,1.0,0.0,1.0,1.0
Coccolithales,418917.0,0.0,0.0,0.0,0.0,0.0,0.0,0.0,0.0,0.0,0.0,0.0,0.0,0.0,0.0,0.0,0.0,0.0,0.0,0.0,0.0,1.0,1.0,0.0,0.0
Cryomonadida,589444.0,0.0,0.0,0.0,0.0,0.0,0.0,0.0,0.0,0.0,0.0,0.0,0.0,0.0,0.0,0.0,0.0,0.0,0.0,0.0,0.0,1.0,1.0,1.0,1.0
Fervidicoccales,685948.0,0.0,0.0,0.0,0.0,0.0,0.0,0.0,0.0,0.0,0.0,0.0,0.0,0.0,0.0,0.0,0.0,0.0,0.0,0.0,0.0,1.0,0.0,0.0,1.0
Amylocorticiales,721947.0,0.0,0.0,0.0,0.0,0.0,0.0,0.0,0.0,0.0,0.0,0.0,0.0,0.0,0.0,0.0,0.0,0.0,0.0,0.0,0.0,1.0,2.0,3.0,3.0
Pinguiochrysidales,1004267.0,0.0,0.0,0.0,0.0,0.0,0.0,0.0,0.0,0.0,0.0,0.0,0.0,0.0,0.0,0.0,0.0,0.0,0.0,0.0,0.0,1.0,1.0,2.0,1.0
Miliolida,1216353.0,0.0,0.0,0.0,0.0,0.0,0.0,0.0,0.0,0.0,0.0,0.0,0.0,0.0,0.0,0.0,0.0,0.0,0.0,0.0,0.0,1.0,0.0,0.0,1.0
Scotinosphaerales,1387701.0,0.0,0.0,0.0,0.0,0.0,0.0,0.0,0.0,0.0,0.0,0.0,0.0,0.0,0.0,0.0,0.0,0.0,0.0,0.0,0.0,1.0,1.0,0.0,1.0
Hapalidiales,1705611.0,0.0,0.0,0.0,0.0,0.0,0.0,0.0,0.0,0.0,0.0,0.0,0.0,0.0,0.0,0.0,0.0,0.0,0.0,0.0,0.0,1.0,1.0,0.0,1.0
Candidatus Peribacterales,1803398.0,0.0,0.0,0.0,0.0,0.0,0.0,0.0,0.0,0.0,0.0,0.0,0.0,0.0,0.0,0.0,0.0,0.0,0.0,0.0,0.0,1.0,1.0,1.0,1.0
Candidatus Borkfalkiales,2508939.0,0.0,0.0,0.0,0.0,0.0,0.0,0.0,0.0,0.0,0.0,0.0,0.0,0.0,0.0,0.0,0.0,0.0,0.0,0.0,0.0,1.0,0.0,1.0,1.0
Mycoplasmoidales,2790996.0,0.0,0.0,0.0,0.0,0.0,0.0,0.0,0.0,0.0,0.0,0.0,0.0,0.0,0.0,0.0,0.0,0.0,0.0,0.0,0.0,1.0,1.0,0.0,0.0
Conexivisphaerales,2798275.0,0.0,0.0,0.0,0.0,0.0,0.0,0.0,0.0,0.0,0.0,0.0,0.0,0.0,0.0,0.0,0.0,0.0,0.0,0.0,0.0,1.0,0.0,0.0,0.0
Exogenida,163656.0,0.0,0.0,0.0,0.0,0.0,0.0,0.0,0.0,0.0,0.0,0.0,0.0,0.0,0.0,0.0,0.0,0.0,0.0,0.0,0.0,0.0,2.0,2.0,2.0
Peltigerales,388450.0,0.0,0.0,0.0,0.0,0.0,0.0,0.0,0.0,0.0,0.0,0.0,0.0,0.0,0.0,0.0,0.0,0.0,0.0,0.0,0.0,0.0,1.0,1.0,1.0
Striatellales,426672.0,0.0,0.0,0.0,0.0,0.0,0.0,0.0,0.0,0.0,0.0,0.0,0.0,0.0,0.0,0.0,0.0,0.0,0.0,0.0,0.0,0.0,1.0,1.0,0.0
Collodaria,1426915.0,0.0,0.0,0.0,0.0,0.0,0.0,0.0,0.0,0.0,0.0,0.0,0.0,0.0,0.0,0.0,0.0,0.0,0.0,0.0,0.0,0.0,1.0,2.0,0.0
Methanonatronarchaeales,2202723.0,0.0,0.0,0.0,0.0,0.0,0.0,0.0,0.0,0.0,0.0,0.0,0.0,0.0,0.0,0.0,0.0,0.0,0.0,0.0,0.0,0.0,1.0,0.0,0.0
Candidatus Humimicrobiales,2900650.0,0.0,0.0,0.0,0.0,0.0,0.0,0.0,0.0,0.0,0.0,0.0,0.0,0.0,0.0,0.0,0.0,0.0,0.0,0.0,0.0,0.0,1.0,1.0,1.0
Gelidiales,31399.0,0.0,0.0,0.0,0.0,0.0,0.0,0.0,0.0,0.0,0.0,0.0,0.0,0.0,0.0,0.0,0.0,0.0,0.0,0.0,0.0,0.0,0.0,1.0,0.0
Asterolamprales,941245.0,0.0,0.0,0.0,0.0,0.0,0.0,0.0,0.0,0.0,0.0,0.0,0.0,0.0,0.0,0.0,0.0,0.0,0.0,0.0,0.0,0.0,0.0,1.0,0.0
Candidatus Saccharimonales,2093825.0,0.0,0.0,0.0,0.0,0.0,0.0,0.0,0.0,0.0,0.0,0.0,0.0,0.0,0.0,0.0,0.0,0.0,0.0,0.0,0.0,0.0,0.0,1.0,1.0
Orphellales,2219694.0,0.0,0.0,0.0,0.0,0.0,0.0,0.0,0.0,0.0,0.0,0.0,0.0,0.0,0.0,0.0,0.0,0.0,0.0,0.0,0.0,0.0,0.0,1.0,1.0
Tetrasporales,31305.0,0.0,0.0,0.0,0.0,0.0,0.0,0.0,0.0,0.0,0.0,0.0,0.0,0.0,0.0,0.0,0.0,0.0,0.0,0.0,0.0,0.0,0.0,0.0,1.0
