class,1000,10000,100000,1000000,10000000
Abditibacteriia,4.139101861833971e-06,4.13910186183397e-06,4.139101861833971e-06,4.778042149521558e-06,2.3009353513838337e-06
Acantharea,9.310125635214952e-07,9.310125635214951e-07,9.310125635214951e-07,9.310125635214952e-07,3.801337155703867e-10
Acidimicrobiia,0.0017373258617341993,0.000728688743282932,0.00021409027340442926,9.70031050899886e-05,7.258199828302797e-05
Acidithiobacillia,5.511865777953633e-05,5.511865777953632e-05,2.9995726477582068e-05,1.1373762092025355e-05,1.3933133762748442e-05
Aconoidasida,8.055258153744338e-06,8.055258153744336e-06,8.055258153744336e-06,5.347493906487864e-06,4.621050347731123e-06
Actinomycetes,0.0009232032550205158,0.0006192683946280542,0.0006539726040147311,0.00015627354982432025,0.00013770133540309018
Actinophryidae,,,,,
Agaricomycetes,0.0002139604077687005,0.0002139604077687005,4.581746128126343e-05,3.464717993345286e-05,3.4143171136591126e-05
Agaricostilbomycetes,,,,,
Alphaproteobacteria,0.006438310219611111,0.004819425703776893,0.002832961597951264,0.0007451950759853562,0.0009105976735901536
Anaerolineae,0.0007172269056743973,0.00029050223903496315,0.00010705420625504724,6.695613136215938e-05,6.0193331605090166e-05
Andreaeopsida,,,,,
Anthocerotopsida,,,,,
Anthozoa,0.00046818753590543045,0.0001274860969935764,7.915748680332343e-05,7.004429832784391e-05,7.625390813665465e-05
Aphelidea,9.933790275858242e-06,9.933790275858243e-06,9.933790275858243e-06,5.636856617075351e-06,5.504791382752597e-06
Aquificia,7.926018384201366e-06,7.926018384201366e-06,7.926018384201367e-06,3.932053235787577e-06,3.835206139973828e-06
Arachnida,0.00031441230863695386,0.00022091403576276353,4.613491839618833e-05,3.703472056825544e-05,5.0547183489112646e-05
Archaeoglobi,1.7128486842975114e-06,1.7128486842975114e-06,1.7128486842975114e-06,1.7128486842975111e-06,1.526383534131393e-06
Ardenticatenia,0.00031900264170059016,0.00010518165481945804,2.606846205127059e-05,1.6901376696395847e-05,9.092844128556199e-06
Arfiviricetes,9.766337450341776e-06,9.766337450341776e-06,9.766337450341776e-06,5.632446682944335e-06,4.316117448145589e-06
Armatimonadia,6.257206909886722e-05,6.257206909886722e-05,7.927870320899859e-06,3.126968834102321e-06,2.7046728203644357e-06
Armophorea,3.7107698721919094e-06,3.710769872191909e-06,3.7107698721919094e-06,3.710769872191909e-06,
Arthoniomycetes,3.7998526797508416e-06,3.7998526797508416e-06,3.799852679750841e-06,3.091776404526254e-06,3.990744146061107e-06
Ascetosporea,,,,,
Atractiellomycetes,1.5763459500755495e-06,1.5763459500755495e-06,1.5763459500755493e-06,1.5763459500755493e-06,7.530883623105762e-07
Atribacteria,4.1429609296551404e-05,4.1429609296551404e-05,4.6797528014087364e-06,4.570138081987961e-06,3.980082255971768e-06
Bacillariophyceae,0.016320709140138397,0.016014692137118734,0.01230953148149609,0.0016198006240040674,0.0017850584323894473
Bacilli,0.0005271891689951594,0.00048794265041260707,0.00047341254273564526,0.0005563834280731794,0.0004926539265331389
Bacteriovoracia,0.0006151698511120699,0.00032668677607778973,0.00013169722425348504,4.28894773363821e-05,5.075979526865462e-05
Bacteroidia,0.0016264461972292608,0.0006072555052327928,0.00034207889563722937,0.00011651860421022149,8.177455083619386e-05
Balneolia,0.00021448282488932763,0.00010168448080094715,6.305760003257399e-05,2.9094520541585296e-05,3.049649496179095e-05
Bangiophyceae,5.644578254544868e-05,5.644578254544868e-05,1.6337190004786542e-05,8.122021930896448e-06,9.815283098913307e-06
Bartheletiomycetes,1.0389226610468955e-09,1.0389226610468955e-09,1.0389226610468955e-09,1.0389226610468955e-09,1.0389226610468955e-09
Basidiobolomycetes,3.330176202540636e-05,3.330176202540636e-05,5.50458620309972e-06,2.3687183198810463e-06,1.3858255205181675e-06
Bdellovibrionia,0.000464840201208808,0.00016105698269952725,7.626004924619293e-05,2.941923460384274e-05,3.520539153385683e-05
Betaproteobacteria,0.004458162390058018,0.0024512089981913745,0.00210949095910144,0.0005366060273354767,0.000272711288471891
Bigyra,0.00023280293991777872,9.121321442428331e-05,4.608461221373053e-05,2.809593210532417e-05,2.5558452548821423e-05
Bivalvia,0.000489895038608016,0.00029065464841004744,8.035539981311938e-05,5.384272398160076e-05,6.80121445899727e-05
Blastocatellia,0.0003232652670006097,7.454407635678177e-05,3.625009052490152e-05,1.6091781895802128e-05,1.663471988371153e-05
Blastocladiomycetes,5.548723109649588e-06,5.548723109649588e-06,5.548723109649588e-06,5.211766418907216e-06,5.307346086546882e-06
Bolidophyceae,0.0002769158616542702,0.0001932082151188577,0.00010280885493859028,0.00010344640743758999,0.00014723152997202747
Branchiopoda,7.461513586516049e-05,7.461513586516049e-05,4.4002602319233026e-05,1.277768998047987e-05,8.756119137767869e-06
Breviatea,,,,,
Bryopsida,3.240676463458641e-05,3.2406764634586416e-05,2.284268376940315e-05,6.245326298526239e-06,5.6351497040583194e-06
Calcarea,9.939341409981084e-07,9.939341409981084e-07,9.939341409981084e-07,9.939341409981084e-07,1.2852380014656626e-06
Caldilineae,0.0001929743436856176,0.00011668999859679565,2.604102576062505e-05,2.2486366504288738e-05,1.7895705527702725e-05
Caldisericia,3.815705642282454e-06,3.815705642282453e-06,3.815705642282453e-06,2.607309197503688e-06,2.63468295335155e-06
Calditrichia,0.0005551207386695269,4.1819384670795035e-05,2.4152604085067736e-05,1.0406635914493664e-05,1.3149579293216319e-05
Candelariomycetes,1.181747507375812e-06,1.181747507375812e-06,1.181747507375812e-06,1.181747507375812e-06,1.3805511036741488e-06
Candidatus Abyssobacteria,1.0445277114521724e-05,1.0445277114521724e-05,1.0445277114521724e-05,2.9213242347765174e-06,2.8549418349378708e-06
Candidatus Altiarchaeia,3.847447277574658e-06,3.847447277574658e-06,3.847447277574658e-06,3.972046929141294e-06,4.632199930462899e-06
Candidatus Aminicenantia,3.9684281777676165e-05,3.9684281777676165e-05,3.607495343443353e-06,1.2156741683472142e-06,1.4333546527956718e-06
Candidatus Aquicultoria,2.244568610273572e-07,2.244568610273572e-07,2.244568610273572e-07,2.244568610273572e-07,
Candidatus Asgardarchaeia (ex Tamarit et al. 2024),3.6113338312752853e-06,3.6113338312752853e-06,3.6113338312752853e-06,1.1888596021940694e-06,1.275534996491457e-06
Candidatus Auribacteria,1.5027154980150652e-06,1.5027154980150652e-06,1.5027154980150652e-06,1.5027154980150652e-06,2.0596259093834493e-06
Candidatus Babeliae,2.942371591226614e-05,2.942371591226614e-05,1.5659037250327924e-05,8.011607951080566e-06,9.124302029030383e-06
Candidatus Bathyarchaeia,7.485771898871344e-06,7.4857718988713435e-06,7.4857718988713435e-06,1.846063847868927e-06,1.8227137909282416e-06
Candidatus Binatia,1.019204137904106e-05,1.019204137904106e-05,1.019204137904106e-05,8.657683756243416e-06,5.241292027986957e-06
Candidatus Bipolaricaulia,1.6411283748246377e-06,1.6411283748246375e-06,1.6411283748246375e-06,1.6411283748246375e-06,1.9383829800764477e-06
Candidatus Borrarchaeia,4.204361340115234e-07,4.204361340115234e-07,4.204361340115234e-07,4.204361340115234e-07,4.204361340115234e-07
Candidatus Brocadiia,9.066464161118571e-05,9.066464161118573e-05,6.163059506923747e-05,3.052373600113084e-05,4.195389513363401e-05
Candidatus Cloacimonadia,2.8997658158131245e-06,2.8997658158131245e-06,2.8997658158131245e-06,2.4750949566499493e-06,3.2030656581518883e-06
Candidatus Cryosericia,,,,,
Candidatus Culexarchaeia,6.997291268455179e-06,6.997291268455179e-06,6.997291268455179e-06,7.41859638997519e-10,7.41859638997519e-10
Candidatus Dadabacteria,4.846273946822871e-05,4.8462739468228706e-05,2.864607464251753e-05,1.1417685773210106e-05,5.991416726940117e-06
Candidatus Deferrimicrobia,2.2439867091358116e-09,2.2439867091358116e-09,2.2439867091358116e-09,2.2439867091358116e-09,2.2439867091358116e-09
Candidatus Desulfofervidia,2.049443214097434e-06,2.049443214097434e-06,2.049443214097434e-06,2.049443214097434e-06,2.82795542182126e-06
Candidatus Dormibacteria,8.330200478724428e-06,8.330200478724428e-06,8.330200478724428e-06,,
Candidatus Elulimicrobia,2.5621934979332835e-05,2.5621934979332835e-05,1.0010754365865383e-05,8.217393627230147e-06,6.95456762430986e-06
Candidatus Entotheonellia,3.179920319595318e-05,3.179920319595318e-05,2.33518283608667e-05,6.351429231711309e-06,4.762766681017459e-06
Candidatus Fermentibacteria (class),7.143829150394328e-06,7.143829150394328e-06,7.143829150394328e-06,9.226518939625538e-07,3.764014605887851e-07
Candidatus Fermentithermobacillia,3.519900692142647e-06,3.519900692142647e-06,3.519900692142647e-06,7.290184181282224e-07,9.216780436679641e-07
Candidatus Geothermincolia,1.5912195188345798e-06,1.5912195188345798e-06,1.5912195188345796e-06,1.5912195188345796e-06,2.209225705981122e-06
Candidatus Hadarchaeia,8.242679029014078e-06,8.242679029014078e-06,8.242679029014078e-06,1.4610128071389253e-06,9.716763772463916e-07
Candidatus Hydrogenedentia,3.2740491078046684e-05,3.274049107804669e-05,5.175037519934054e-06,3.721215724679785e-06,6.00022391068803e-07
Candidatus Izimaplasma,3.1001515663758056e-05,3.1001515663758056e-05,3.7076089795030422e-06,3.5781010624132245e-06,2.822154789417141e-06
Candidatus Jordarchaeia,8.108888901946503e-07,8.108888901946503e-07,8.108888901946503e-07,8.108888901946503e-07,5.950363657539325e-07
Candidatus Korarchaeia,6.937099264936144e-07,6.937099264936143e-07,6.937099264936143e-07,6.937099264936143e-07,9.719794740903367e-07
Candidatus Krumholzibacteriia,4.4372371681087785e-05,4.4372371681087785e-05,2.3587630668039544e-05,1.2380536557355854e-05,8.190955443526784e-06
Candidatus Lambdaproteobacteria,3.72788469877408e-05,3.72788469877408e-05,4.035497093432886e-06,4.035497093432886e-06,4.4220471109069726e-06
Candidatus Limnocylindria,1.458466289831502e-06,1.458466289831502e-06,1.458466289831502e-06,1.458466289831502e-06,1.6082717280110723e-06
Candidatus Marinamargulisbacteria,5.9095176622646016e-05,5.9095176622646016e-05,1.2883627319117202e-05,8.365416580335933e-06,1.1130913111317425e-05
Candidatus Mcinerneyibacteria,1.1442480856899634e-06,1.1442480856899634e-06,1.1442480856899632e-06,1.1442480856899634e-06,9.687503962394477e-07
Candidatus Methanofastidiosia,6.813205777939642e-06,6.813205777939643e-06,6.813205777939642e-06,1.933311039396998e-06,1.8235723455849188e-06
Candidatus Methanoliparia,9.535636223110395e-07,9.535636223110395e-07,9.535636223110395e-07,9.535636223110395e-07,1.1893822077099717e-06
Candidatus Methanomethylicia,4.3396383793014695e-06,4.3396383793014695e-06,4.3396383793014695e-06,6.272726181311042e-07,8.069957565731927e-10
Candidatus Methylomirabilia,2.735795002121095e-06,2.7357950021210952e-06,2.7357950021210952e-06,2.114143703720658e-06,2.1053520066289486e-06
Candidatus Micrarchaeia,7.754919818860299e-07,7.754919818860299e-07,7.754919818860299e-07,7.754919818860299e-07,4.859993925387607e-07
Candidatus Moduliflexia,3.182886536011711e-06,3.182886536011711e-06,3.1828865360117106e-06,2.6003748970131366e-06,3.1473872049435056e-06
Candidatus Muproteobacteria,5.172545867599872e-06,5.172545867599872e-06,5.172545867599872e-06,4.479569545691806e-06,3.0700545164786556e-06
Candidatus Nanoarchaeia,2.827861330865771e-06,2.8278613308657716e-06,2.8278613308657716e-06,2.9236050100094237e-06,2.063983611339845e-06
Candidatus Nanohaloarchaea,2.2516556788328504e-07,2.2516556788328504e-07,2.2516556788328504e-07,2.2516556788328504e-07,8.307069352101021e-11
Candidatus Nanosyncoccalia,1.944121308426259e-07,1.944121308426259e-07,1.9441213084262592e-07,1.944121308426259e-07,
Candidatus Odinarchaeia,2.2516817365899588e-07,2.2516817365899588e-07,2.2516817365899588e-07,2.2516817365899588e-07,
Candidatus Ozemobacteria,1.1429750910821045e-06,1.1429750910821045e-06,1.1429750910821045e-06,1.1429750910821045e-06,9.716166846868286e-07
Candidatus Paceibacteria,2.1287073195711555e-07,2.1287073195711555e-07,2.1287073195711555e-07,2.1287073195711555e-07,1.1219933545679058e-09
Candidatus Peribacteria,0.0002994350381760084,5.645513551384048e-05,1.2963868067255779e-05,7.749573931531793e-06,5.674362178210955e-06
Candidatus Phoenicimicrobiia,8.688710781048336e-07,8.688710781048336e-07,8.688710781048336e-07,8.688710781048336e-07,
Candidatus Polarisedimenticolia,2.7258633388873477e-05,2.7258633388873477e-05,1.864748363228016e-05,8.518839884753358e-06,8.920742913817252e-06
Candidatus Poseidoniia,4.1309175988549045e-05,4.1309175988549045e-05,4.5157704667662764e-05,2.2467747786340106e-05,2.8269335526369566e-05
Candidatus Saccharimonadia,3.441112485926934e-06,3.4411124859269342e-06,3.441112485926934e-06,7.959984927513014e-07,4.6082820453045743e-07
Candidatus Sericytochromatia,3.535301688718133e-05,3.5353016887181335e-05,3.5005788478545334e-05,8.994426213037363e-06,7.3902262964938936e-06
Candidatus Sumerlaeia,4.91028508900628e-06,4.910285089006279e-06,4.91028508900628e-06,3.944171215156062e-06,2.9640795437963547e-06
Candidatus Tariuqbacteria,4.172199482564232e-06,4.172199482564232e-06,4.172199482564232e-06,2.866618751572631e-07,4.862102660181601e-07
Candidatus Termititenacia,2.2564715216789835e-07,2.2564715216789835e-07,2.2564715216789835e-07,2.2564715216789835e-07,9.838885949892872e-10
Candidatus Tharpellia,5.707431801870245e-06,5.707431801870245e-06,5.707431801870245e-06,3.836296893282025e-06,2.4778178837841844e-06
Candidatus Thermofonsia,1.3896983465322502e-05,1.3896983465322502e-05,1.3896983465322504e-05,8.31684744446229e-06,7.324427698266764e-06
Candidatus Uabimicrobiia,3.4015171631614517e-06,3.401517163161452e-06,3.4015171631614517e-06,2.823141770050619e-06,1.5744261708237863e-06
Candidatus Undinarchaeia,4.840579119835364e-10,4.840579119835364e-10,4.840579119835364e-10,4.840579119835364e-10,4.840579119835364e-10
Candidatus Vecturitrichia,1.5344017562755582e-05,1.5344017562755582e-05,1.5344017562755582e-05,8.60091918793765e-06,3.5017975260960135e-06
Caudoviricetes,0.0005583452996963788,0.00027716684715641557,9.74676735811986e-05,5.2515874916506886e-05,7.014354067676518e-05
Centroplasthelida,1.324820034902851e-05,1.3248200349028511e-05,1.3248200349028511e-05,2.7589223585314797e-06,2.7613677116544454e-06
Cephalocarida,,,,,
Cephalopoda,3.450905322653573e-05,3.4509053226535725e-05,1.677672384794924e-05,6.357234849104435e-06,6.22467391137919e-06
Cestoda,3.519276243565522e-05,3.519276243565522e-05,1.4555143832386723e-05,6.741973020572411e-06,6.023934376776789e-06
Charophyceae,2.9085040613752325e-05,2.9085040613752325e-05,7.899675165817274e-06,4.253065863808453e-06,4.9849441964642445e-06
Chilopoda,1.1438316021997334e-06,1.1438316021997334e-06,1.1438316021997334e-06,1.1438316021997334e-06,
Chitinispirillia,3.00170820076455e-05,3.00170820076455e-05,1.031071661697348e-05,4.850756126964915e-06,5.656392746946107e-06
Chitinivibrionia,5.4743174962174e-06,5.4743174962174e-06,5.4743174962174e-06,5.3714514045481816e-06,2.4974959653747e-06
Chitinophagia,0.0002900557882931944,0.00021823239722269965,0.00011231981217265811,5.31687103073528e-05,4.044974491045529e-05
Chlamydiia,0.0003213701155813963,0.00027598350279737474,5.8655516921525644e-05,2.0148570578107732e-05,1.7967073937158143e-05
Chlorarachniophyceae,6.8676542924251226e-06,6.8676542924251226e-06,6.8676542924251226e-06,3.868425090138964e-06,1.6390177582491604e-06
Chlorobiia,4.655470776466118e-05,4.655470776466118e-05,1.2139923552437287e-05,8.214923405977751e-06,7.2420910313419555e-06
Chlorodendrophyceae,1.1706979161161434e-05,1.1706979161161436e-05,1.1706979161161436e-05,6.873828965403984e-06,6.011615389583295e-06
Chloroflexia,6.574379033757525e-05,6.574379033757525e-05,1.3598345809559017e-05,1.3369494047544476e-05,1.4009962338391591e-05
Chlorokybophyceae,2.1264308855045144e-07,2.1264308855045144e-07,2.1264308855045144e-07,2.1264308855045144e-07,8.307069352101021e-11
Chlorophyceae,0.00030475530254574077,0.00015364157164079437,5.0938404649637825e-05,2.3883580671144294e-05,1.9740435533047748e-05
Chloropicophyceae,7.24237617920299e-06,7.242376179202991e-06,7.24237617920299e-06,4.6710987507782665e-06,2.9580847667540263e-06
Choanoflagellata,0.00028870398813617696,0.00010824801438935285,2.046315702373377e-05,1.1958116234853802e-05,7.593165952008776e-06
Chromadorea,6.867326995160026e-05,6.867326995160026e-05,5.226123584661264e-05,1.6571108083899064e-05,1.2558853249826358e-05
Chrymotiviricetes,2.235053778981287e-07,2.235053778981287e-07,2.235053778981287e-07,2.235053778981287e-07,
Chrysiogenia,5.562423381937807e-06,5.562423381937807e-06,5.562423381937807e-06,6.310474314767184e-06,6.226848337408261e-06
Chrysomerophyceae,,,,,
Chrysophyceae,4.374877379955413e-06,4.374877379955413e-06,4.374877379955413e-06,3.247281703679288e-06,2.2007717569651993e-06
Chthonomonadia,4.33136223349988e-06,4.33136223349988e-06,4.33136223349988e-06,3.133618868938758e-06,3.828077793087211e-06
Chytridiomycetes,0.0005087013794886127,0.00015032593912369632,5.5426430040777925e-05,2.709699824148422e-05,2.5177080369983546e-05
Clitellata,5.807174351335117e-06,5.807174351335117e-06,5.807174351335117e-06,3.6340840002929697e-06,3.5070854771228422e-06
Clostridia,0.0008977832948447461,0.00031210317224444325,0.00018945297030812435,4.615152346794531e-05,5.036655692025332e-05
Coleochaetophyceae,1.269367662503356e-06,1.269367662503356e-06,1.269367662503356e-06,1.269367662503356e-06,5.952783947099243e-07
Collembola,3.0984644391222335e-05,3.0984644391222335e-05,1.5524733944790386e-05,6.508005850230999e-06,6.522038785953501e-06
Colpodea,4.003116273181987e-07,4.003116273181987e-07,4.003116273181987e-07,4.003116273181987e-07,4.857520055368739e-07
Compsopogonophyceae,3.3641553628851977e-06,3.3641553628851977e-06,3.3641553628851977e-06,9.725538168235845e-07,9.223411337721365e-07
Conexivisphaeria,,,,,
Coniocybomycetes,2.2449290314835834e-07,2.2449290314835834e-07,2.2449290314835834e-07,2.2449290314835834e-07,1.3810475957861853e-10
Conoidasida,1.7876134185755487e-05,1.7876134185755484e-05,1.7876134185755484e-05,5.331584974545976e-06,3.95537523301496e-06
Coprothermobacteria,9.343490626663123e-07,9.343490626663123e-07,9.343490626663123e-07,9.343490626663123e-07,
Coriobacteriia,0.0002971251777562746,3.340741410806674e-05,9.215418979334585e-06,6.405386301286122e-06,6.130583764510782e-06
Coscinodiscophyceae,0.0022598295429949703,0.0008818141372053068,0.0007726763018571445,0.0004961679075365119,0.000339407405563436
Craniata,,,,,
Cryptophyceae,0.00041954850023045575,0.0001869275909065037,4.4912977770710405e-05,4.255262096585122e-05,3.455855868341383e-05
Cubozoa,,,,,
Culicoidibacteria,4.439393952251398e-06,4.439393952251398e-06,4.439393952251398e-06,7.25205649201376e-07,5.950021851907669e-07
Cyanophyceae,0.0021726588595925313,0.0008470128152360036,0.0007035301569631575,0.00021925787754483955,0.00010637338135468849
Cystobasidiomycetes,1.3992308400896618e-06,1.3992308400896618e-06,1.3992308400896618e-06,1.399230840089662e-06,1.4569554838284943e-06
Cytophagia,0.001935871583393689,0.0009574609159205942,0.0005348872087585264,0.0002018804934786071,0.0001537099363169363
Dacrymycetes,4.130412082626003e-06,4.130412082626003e-06,4.130412082626003e-06,9.308431741217619e-07,
Deferribacteres,3.56614684549283e-05,3.5661468454928294e-05,7.971919969115351e-06,6.37357773009272e-06,6.731349925005542e-06
Deferrisomatia,9.485907091398744e-05,9.485907091398744e-05,8.567954943397618e-06,6.034276185738017e-06,4.787983553788412e-06
Dehalococcoidia,0.0005421630495913794,6.364076437648216e-05,4.041060943148832e-05,1.9689834719176182e-05,1.249356160634294e-05
Deinococci,9.047730075244829e-05,9.047730075244829e-05,3.109899542686777e-05,2.1755193014270586e-05,1.0549127626496016e-05
Deltaproteobacteria,0.00024808300136856695,0.0002604674164575466,0.00022198336421498912,0.00022762203046422727,8.045169190306046e-05
Demospongiae,2.6928218033399014e-05,2.6928218033399017e-05,8.053564525738944e-06,6.512700324768831e-06,4.2320505028476774e-06
Desulfarculia,7.379356039556318e-06,7.379356039556319e-06,7.379356039556318e-06,5.551274078195857e-06,3.60910490516388e-06
Desulfobaccia,3.152989644142839e-06,3.152989644142839e-06,3.152989644142839e-06,2.8471870494026493e-06,3.5171251378865756e-06
Desulfobacteria,0.0016157512388447314,0.0008327071669328497,0.00035637866875267983,0.0002429136424110441,0.00010607689357912593
Desulfobulbia,0.0005808115656606628,0.0004902352197642785,0.0001292877893974168,8.189049973693104e-05,4.491536420433548e-05
Desulfomonilia,3.873409437439336e-05,3.873409437439336e-05,7.559772649309727e-06,5.286514817117059e-06,4.631932629617038e-06
Desulfovibrionia,0.0005001311781093827,5.91978340388652e-05,4.704247713219145e-05,2.419123641910704e-05,2.5735750554821446e-05
Desulfurellia,6.95362444406967e-05,6.95362444406967e-05,5.31081826015747e-06,5.486721406811972e-06,3.785281941836004e-06
Desulfuribacillia,4.1503714076272426e-06,4.1503714076272426e-06,4.1503714076272426e-06,7.242438444537507e-07,4.858690773342039e-07
Desulfuromonadia,0.0007737092991193086,0.0004191065102644365,0.00014327598777011182,4.843247713436228e-05,5.1686506119505985e-05
Dethiobacteria,1.0382604994176174e-05,1.0382604994176174e-05,1.0382604994176174e-05,1.047462210945843e-06,7.036144568347178e-07
Developea,,,,,
Dictyochophyceae,2.7683221361459093e-05,2.7683221361459096e-05,2.5753111183442382e-05,1.1835988348471411e-05,1.657417360016934e-05
Dictyoglomia,9.924909059842287e-07,9.924909059842287e-07,9.924909059842287e-07,9.924909059842287e-07,1.2619782673948408e-06
Dimargaritomycetes,5.6406637833110784e-06,5.6406637833110784e-06,5.6406637833110784e-06,4.214827234185643e-06,4.061422855303639e-06
Dinophyceae,0.0010694178003924633,0.00033467758088076365,9.18875712563547e-05,6.083915426388738e-05,6.144506191661098e-05
Diplonemea,3.1368830313173504e-05,3.1368830313173504e-05,1.4235804275174302e-05,7.773681354528933e-06,9.401488410131185e-06
Diplopoda,1.100600954421854e-05,1.100600954421854e-05,1.100600954421854e-05,7.955797475212898e-07,9.687728669439265e-07
Dipodascomycetes,7.741740810709486e-06,7.741740810709488e-06,7.741740810709488e-06,3.2737006724959064e-06,2.262844120555938e-06
Dissulfuribacteria,5.297151275483477e-06,5.297151275483477e-06,5.297151275483477e-06,1.4562407494911146e-06,1.8130981858697118e-06
Dothideomycetes,0.0002418790716257039,4.225172273494724e-05,2.744511291842992e-05,2.8744363341873036e-05,2.9132532688136685e-05
Duplopiviricetes,9.160738773424696e-07,9.160738773424696e-07,9.160738773424696e-07,9.160738773424696e-07,
Echinamoebida,1.8852768392021545e-06,1.8852768392021543e-06,1.8852768392021543e-06,1.8852768392021543e-06,2.9706302204937654e-10
Elardia,6.360303035957587e-07,6.360303035957587e-07,6.360303035957587e-07,6.360303035957587e-07,8.048759777239483e-07
Ellioviricetes,,,,,
Elusimicrobia,6.844736794302589e-06,6.844736794302589e-06,6.844736794302588e-06,5.804555001818837e-06,4.0564290127793555e-06
Endogonomycetes,6.633906794270301e-06,6.6339067942703e-06,6.6339067942703e-06,7.018271689257166e-06,5.868214540791307e-06
Endomicrobiia,6.578068208795944e-06,6.578068208795945e-06,6.578068208795945e-06,2.4761840984357576e-06,2.335451433200638e-06
Enopla,,,,,
Enoplea,8.558600337913308e-05,8.558600337913308e-05,1.89157051843845e-05,1.3268296256506053e-05,1.233249489613346e-05
Entomophthoromycetes,7.983180794675622e-06,7.983180794675622e-06,7.983180794675624e-06,3.6548226206414894e-06,7.031349990622589e-07
Epsilonproteobacteria,0.0008945572199634649,0.00015635575988446192,7.623297854815754e-05,4.9499550247627005e-05,4.459787799747501e-05
Erysipelotrichia,2.4292585765078434e-05,2.4292585765078434e-05,1.5134778773484917e-05,5.9363768482223965e-06,6.513519531544371e-06
Euglenida,0.00010721452685830651,0.00010721452685830651,3.361458426539998e-05,2.281864142277605e-05,1.7633308617584205e-05
Eumycetozoa,4.8038273897888483e-05,4.8038273897888483e-05,2.3804608675391777e-05,1.3020845906276097e-05,1.3235830102636322e-05
Eurotatoria,0.0007805770715396494,0.00044720659313150264,8.344494366390973e-05,4.513644254417355e-05,3.937055773270325e-05
Eurotiomycetes,6.183251589147055e-05,6.183251589147055e-05,2.5488338121160228e-05,2.095108389812611e-05,1.9022047249692282e-05
Eustigmatophyceae,6.507617217739888e-05,6.507617217739888e-05,2.298893448856862e-05,1.534165037586923e-05,6.02636020568183e-06
Eutardigrada,5.049156472364437e-06,5.049156472364437e-06,5.049156472364436e-06,4.430370590878009e-06,3.2904779350527966e-06
Exobasidiomycetes,6.1460106037365e-05,6.1460106037365e-05,1.7279908853692987e-05,1.370162665448118e-05,1.2122280537259959e-05
Faserviricetes,2.2759861566383177e-06,2.2759861566383177e-06,2.2759861566383177e-06,2.2759861566383177e-06,1.3819271553111292e-06
Fibrobacteria,1.0630106718585317e-05,1.0630106718585317e-05,1.0630106718585315e-05,9.178864114270876e-06,6.65405561954937e-06
Filasterea,4.355233654545748e-06,4.355233654545748e-06,4.355233654545748e-06,2.9552439179644017e-06,2.1060746365447527e-06
Fimbriimonadia,2.974252054485308e-05,2.974252054485308e-05,2.0149014242168235e-05,3.6209281892273792e-06,4.874181820274336e-06
Flabellinia,1.695713813913265e-06,1.695713813913265e-06,1.695713813913265e-06,1.6957138139132651e-06,7.036571302494098e-07
Flavobacteriia,0.008467295722795493,0.003615698047790689,0.0023043505709738803,0.0008305467092372836,0.00104060744506215
Florideophyceae,8.261984476487748e-05,8.261984476487748e-05,1.6059466944511154e-05,1.2036397234869035e-05,8.49066606188721e-06
Fragilariophyceae,0.0009490084820934482,0.0004401327150413521,0.0004298600088718928,0.0004004942821188439,0.00021140641446099217
Fusobacteriia,1.4275286497245088e-05,1.4275286497245088e-05,1.4275286497245088e-05,7.452076931687368e-06,7.30140191736192e-06
Gammaproteobacteria,0.007258620883764693,0.004909997613154596,0.004609030096330186,0.0013211544760355898,0.000687301688678612
Gastropoda,0.00011346575410211785,0.00011346575410211785,4.8288984934299805e-05,4.081831937276913e-05,3.073042588854041e-05
Gemmatimonadia,0.0002933570576427293,0.0001336555143376702,1.9634451926185692e-05,1.5634417477200907e-05,9.515303306014491e-06
Geoglossomycetes,1.1099419292786934e-06,1.1099419292786936e-06,1.1099419292786934e-06,1.1099419292786934e-06,9.199345961811369e-07
Glaucocystophyceae,3.406968031635441e-05,3.406968031635441e-05,6.626489645780733e-06,3.4393091854379038e-06,3.232589600996159e-06
Glomeromycetes,7.185084117539615e-05,7.185084117539615e-05,5.6396926376358145e-05,4.54812758201628e-05,3.0976529618148236e-05
Gnetopsida,5.131515214738225e-06,5.131515214738225e-06,5.131515214738225e-06,2.2400972137106258e-07,3.801337155703867e-10
Gordioida,,,,,
Gymnolaemata,0.00032225697637777685,1.3306681643357826e-05,1.3306681643357826e-05,3.7647811355060753e-06,3.064061664957432e-06
Halobacteria,0.00025590824779013997,8.878051120325888e-05,3.838803676264557e-05,1.5446707398659243e-05,1.4049463473966119e-05
Haplomitriopsida,1.1464940252508418e-06,1.1464940252508418e-06,1.1464940252508418e-06,1.1464940252508418e-06,
Harpellomycetes,5.7594512996284325e-06,5.7594512996284325e-06,5.7594512996284325e-06,5.0173768524309576e-06,6.184539144811104e-06
Herviviricetes,6.996711921698754e-06,6.996711921698754e-06,6.996711921698754e-06,8.307069352101021e-11,8.307069352101021e-11
Heterotrichea,0.0005511186674673434,7.333982615303094e-05,2.5191241874435485e-05,1.5514801031120413e-05,7.668366951328349e-06
Hexactinellida,5.7542253025809515e-06,5.754225302580951e-06,5.754225302580951e-06,4.4913326361366305e-06,1.819494568142159e-06
Hexanauplia,0.0006853938444859741,0.00045097649578828327,7.867191032782136e-05,7.801090329945415e-05,6.981040221455143e-05
Holophagae,1.4578460161312426e-05,1.4578460161312426e-05,1.5077362631591388e-05,1.1088027445023182e-05,1.1488782792988293e-05
Homoscleromorpha,,,,,
Hydrogenophilia,2.621509082116837e-05,2.621509082116837e-05,1.8121960534290193e-05,7.90807226798393e-06,1.0947229305058266e-05
Hydrozoa,2.2520031517950187e-05,2.2520031517950187e-05,1.5401405056733083e-05,7.694505392639466e-06,9.498708514445936e-06
Hyphochytriomycetes,,,,,
Ichthyosporea,5.857739953847772e-06,5.857739953847772e-06,5.857739953847771e-06,5.7774725131484915e-06,2.325616922010407e-06
Ichthyostraca,,,,,
Ignavibacteria,0.0001349310725255767,0.0001349310725255767,8.135323577010998e-05,3.069818553661264e-05,7.202004279174365e-06
Imbricatea,3.692396417351211e-05,3.692396417351212e-05,3.2697437466310686e-06,2.2100698876103024e-06,1.4554635869393857e-06
Insecta,0.0005646009770252347,0.0001916819577624546,0.00011488746136738596,7.978055639175291e-05,6.851125889946496e-05
Insthoviricetes,,,,,
Jungermanniopsida,1.597440511499581e-06,1.597440511499581e-06,1.597440511499581e-06,1.597440511499581e-06,9.716187490712106e-07
Kickxellomycetes,0.000288666839997913,3.125627529015877e-05,1.1001584071274358e-05,5.848226663582682e-06,7.361172959030379e-06
Kinetoplastea,5.111214672090185e-05,5.111214672090184e-05,1.8180030607953982e-05,7.779764765656223e-06,8.04051873015433e-06
Kiritimatiellia,0.00023945525097059835,0.0001337399524671143,6.182197700419696e-05,3.579659719998732e-05,3.816283332111423e-05
Klebsormidiophyceae,2.7290360014822385e-05,2.7290360014822385e-05,1.1093323101382489e-05,7.558756032364615e-06,5.976252716454014e-06
Ktedonobacteria,1.5705450880672245e-05,1.5705450880672245e-05,1.5705450880672245e-05,1.273606503049122e-05,8.820127090969664e-06
Laboulbeniomycetes,,,,,
Lecanoromycetes,0.00046721403938421684,2.5485948643770526e-05,1.2046646054795051e-05,1.0097548676048299e-05,5.273446359729615e-06
Lentisphaeria,0.00045306944017579404,0.00026624778425823664,7.408678502177413e-05,4.876502543891932e-05,3.681350951136951e-05
Leotiomycetes,0.0002900028514181957,2.509781217326902e-05,2.1301744846020292e-05,1.3205259769146245e-05,1.7091285176651848e-05
Lichinomycetes,3.439268517645069e-06,3.4392685176450684e-06,3.4392685176450684e-06,1.3115423780606078e-06,1.4573354739379677e-06
Limnochordia,1.2271430970618912e-06,1.2271430970618912e-06,1.2271430970618912e-06,1.2271430970618912e-06,1.5888074830498823e-06
Lingulata,2.4930893517694817e-05,2.4930893517694817e-05,1.761911646406702e-05,1.4633709654471973e-05,1.4942278183109577e-05
Lipomycetes,7.318669784910246e-06,7.318669784910245e-06,7.318669784910246e-06,2.0935953987214753e-06,2.272875666290375e-06
Litostomatea,1.063341302086229e-05,1.063341302086229e-05,1.063341302086229e-05,8.416870504147149e-07,8.416870504147149e-07
Longimicrobiia,7.638244202864933e-05,7.638244202864933e-05,2.9287738019409863e-05,1.734707628721866e-05,1.6170884907724363e-05
Lycopodiopsida,3.3096519790854906e-05,3.3096519790854906e-05,2.1559791616529348e-05,4.1757752566713125e-06,5.022657341000472e-06
Magnoliopsida,0.0007375931217331479,0.0005984662452203123,0.0003877327360944941,0.0003709448143306146,0.00014144680176514656
Malacostraca,0.00022847689124921486,0.0002366303277666122,8.680597160282109e-05,4.98044203820354e-05,3.736078390407569e-05
Malasseziomycetes,3.1915357778442725e-05,3.191535777844272e-05,9.029386989701424e-06,3.5928616260349654e-06,3.0342177580764023e-06
Malgrandaviricetes,2.4452093812925334e-06,2.4452093812925334e-06,2.4452093812925334e-06,2.4452093812925334e-06,4.8454200809253e-07
Mamiellophyceae,0.0007665219899927702,0.0004258627041870216,0.0001621137862588237,9.638955002327476e-05,3.753356773432117e-05
Marchantiopsida,6.190805736634405e-05,6.190805736634405e-05,2.203428310875649e-05,4.908198609740461e-06,5.702403395795961e-06
Maveriviricetes,3.316601863363256e-05,3.316601863363256e-05,1.1499269729764963e-05,3.5481442419278596e-06,4.656581175617e-06
Mediophyceae,0.0010098780896915485,0.00020914555165276873,0.00012709486789854796,0.00011741694010029134,0.0001412016445804415
Megaviricetes,0.0004492550838500305,0.00017703911627381987,7.520751307911271e-05,2.3348803220748954e-05,1.7126012507251198e-05
Merostomata,2.9000167451830258e-05,2.9000167451830258e-05,4.230448500571198e-06,2.944799806090421e-06,3.3942721415330754e-06
Mesostigmatophyceae,1.7294427827768697e-06,1.7294427827768695e-06,1.7294427827768695e-06,1.7294427827768695e-06,4.849051879821202e-07
Methanobacteria,2.823288451221355e-05,2.8232884512213554e-05,1.617316770322825e-05,5.9199848801824664e-06,5.732471122687021e-06
Methanococci,3.29808880815482e-06,3.29808880815482e-06,3.29808880815482e-06,1.8127937523528056e-06,1.1892712764036866e-06
Methanomicrobia,9.53964833062183e-05,9.539648330621828e-05,2.642257563663365e-05,1.627991937082549e-05,2.122728855074984e-05
Methanonatronarchaeia,9.784659709808862e-06,9.784659709808862e-06,9.784659709808862e-06,6.660277070492888e-07,1.3810475957861853e-10
Methanopyri,6.726612156588709e-06,6.726612156588709e-06,6.726612156588709e-06,9.838885949892872e-10,9.838885949892872e-10
Methylacidiphilae,8.230835895856006e-06,8.230835895856006e-06,8.230835895856006e-06,6.616783060474603e-06,4.011964288198902e-06
Microbotryomycetes,2.9875734525642544e-05,2.987573452564254e-05,9.42966414645396e-06,2.7721967123141377e-06,3.136728624163355e-06
Mixiomycetes,7.348486499289518e-06,7.348486499289518e-06,7.348486499289518e-06,1.1538065775860211e-06,7.041143204669051e-07
Mollicutes,6.4773175631188e-05,6.4773175631188e-05,2.5088926658261383e-05,1.3367741272627938e-05,1.3379191639701053e-05
Moniliellomycetes,,,,,
Monoblepharidomycetes,5.612967918399336e-06,5.612967918399336e-06,5.612967918399336e-06,5.005694739019501e-06,4.4038057881037974e-06
Monogenea,6.972928266613038e-06,6.972928266613039e-06,6.972928266613039e-06,1.9357676643056156e-06,1.9190339231780096e-06
Mortierellomycetes,5.265229024009917e-05,5.2652290240099177e-05,2.0654705243180128e-05,1.4308174388741748e-05,9.348050177632214e-06
Mucoromycetes,9.226729630855045e-05,9.226729630855044e-05,1.6753678136215615e-05,1.2532747720986072e-05,1.1053825913606323e-05
Myxococcia,0.0027946698566881853,0.000567335524069852,0.0006304475490680453,0.00016966478737210407,0.00016442454338779034
Myxozoa,7.396347720669928e-06,7.396347720669929e-06,7.396347720669929e-06,5.77005309758513e-06,6.812872584602544e-06
Naldaviricetes,3.837408338188425e-05,3.837408338188425e-05,3.7022225821333347e-06,3.311372233555929e-07,4.603863458549101e-07
Nanobdellia,,,,,
Nassophorea,6.801679019381599e-06,6.801679019381599e-06,6.801679019381599e-06,2.420289559917682e-10,2.420289559917682e-10
Nebulidea,1.184959797528768e-06,1.184959797528768e-06,1.184959797528768e-06,1.184959797528768e-06,
Negativicutes,4.8862788559541884e-05,4.8862788559541884e-05,2.4797507385242958e-05,7.912061043269738e-06,3.4260571540746074e-06
Neocallimastigomycetes,4.842702162443507e-06,4.842702162443507e-06,4.842702162443507e-06,4.466903684971873e-06,2.629904283319129e-06
Neolectomycetes,8.087675418320125e-06,8.087675418320125e-06,8.087675418320125e-06,7.492378594478362e-07,4.611656637015199e-07
Nephroselmidophyceae,6.731732872867271e-06,6.731732872867271e-06,6.7317328728672695e-06,3.920303227053655e-06,1.325763865381313e-06
Nitriliruptoria,5.0175316302573346e-05,5.017531630257334e-05,3.357310976837815e-05,1.1185801393762915e-05,1.0075706987258258e-05
Nitrososphaeria,0.0002671470312559031,0.00019879263590988095,9.612381566082648e-05,3.643981980080679e-05,2.321918487388917e-05
Nitrospinia,0.0002679795188535435,4.4387769176586777e-05,2.240543015866976e-05,7.922493827636686e-06,8.403614051035782e-06
Nitrospiria,0.0005855138897920527,0.00012469360866338686,3.0394478819004398e-05,2.7764062149182187e-05,2.4418479449172613e-05
Oligoflexia,6.121437496245579e-05,6.121437496245579e-05,2.639773762754818e-05,1.0943173668687506e-05,9.724928047209141e-06
Oligohymenophorea,0.0004283554298352544,0.00017166620232075786,7.51770610017579e-05,3.4733089491169176e-05,2.6810825699450852e-05
Oligosphaeria,5.226357629728233e-07,5.226357629728233e-07,5.226357629728233e-07,5.226357629728233e-07,4.847055274687162e-07
Olisthodiscophyceae,4.815943542742814e-05,4.815943542742814e-05,4.926870837715025e-06,3.717504760787939e-07,4.191219954891786e-07
Olpidiomycetes,3.710282628544946e-06,3.710282628544946e-06,3.710282628544946e-06,1.520926174963646e-06,1.527038000938815e-06
Opitutia,0.000759507180164947,0.0003726389132200684,0.00016804141524112974,8.743717515793192e-05,7.043825873701676e-05
Orbiliomycetes,4.1525196802405056e-06,4.1525196802405056e-06,4.1525196802405056e-06,3.477997257644861e-06,3.973359349228776e-06
Ostracoda,0.0003075268634996363,0.00018068363735696612,4.570830910196258e-05,4.009338833830918e-05,4.6864605250288924e-05
Palaeacanthocephala,3.650757622548323e-06,3.650757622548323e-06,3.650757622548323e-06,2.8130640854809524e-06,1.5711170241330636e-06
Palmophyllophyceae,4.157600560718733e-06,4.157600560718733e-06,4.157600560718734e-06,7.954953595388431e-07,4.860554415891537e-07
Papovaviricetes,,,,,
Pararotatoria,3.78033323096377e-05,3.78033323096377e-05,2.116803812580638e-06,2.116803812580638e-06,2.9994061529116284e-06
Pauropoda,2.7370423685409464e-07,2.7370423685409464e-07,2.7370423685409464e-07,2.7370423685409464e-07,
Pedinophyceae,0.00029879099854632967,2.8221493766753114e-05,1.3434033751547229e-05,5.744663099028815e-06,6.150233335209328e-06
Pelagophyceae,0.00034681424592662187,4.970632654171743e-05,4.8071934712478365e-05,2.1422604357149807e-05,2.06572015185814e-05
Pezizomycetes,2.7116549688038864e-05,2.711654968803886e-05,1.0834864284462914e-05,1.04708371272446e-05,1.011611673129666e-05
Phaeophyceae,0.000574769159489967,6.947598876909105e-05,6.497413648442105e-05,2.174494523918759e-05,2.8800340446363973e-05
Phaeosacciophyceae,6.9968895800481e-06,6.9968895800481e-06,6.9968895800481e-06,2.420289559917682e-10,2.420289559917682e-10
Phaeothamniophyceae,5.2625906565459485e-06,5.2625906565459485e-06,5.2625906565459485e-06,7.049269070134576e-07,
Phycisphaerae,0.0008838055304953786,0.0003751185733395721,8.513325380205095e-05,5.933820963307966e-05,5.479408009583925e-05
Phylactolaemata,,,,,
Phyllopharyngea,3.0302932853670695e-06,3.0302932853670695e-06,3.0302932853670695e-06,3.0302932853670695e-06,3.487643181431176e-06
Physodermatomycetes,0.0003425747629493039,9.049305852632936e-06,9.049305852632936e-06,2.689978335710383e-06,2.029090246045186e-06
Phytomyxea,4.3412510164732586e-05,4.3412510164732586e-05,2.659480848768307e-05,1.1383883974705635e-05,1.1799097494625022e-05
Pichiomycetes,0.0002926519222705284,3.079879682222634e-05,1.54030529589399e-05,8.89379162089524e-06,7.961996248240308e-06
Picocystophyceae,3.5642294117259574e-06,3.564229411725957e-06,3.564229411725957e-06,1.481191615661882e-06,1.3826472963229315e-06
Picomonadea,,,,,
Pilidiophora,,,,,
Pinguiophyceae,,,,,
Pinopsida,9.352660048588131e-05,9.352660048588131e-05,8.750428618380645e-06,7.935632934902809e-06,7.768418908283532e-06
Pisoniviricetes,2.7370423685409464e-07,2.7370423685409464e-07,2.7370423685409464e-07,2.7370423685409464e-07,
Planctomycetia,0.0014373719786942582,0.0013328542577728298,0.0004511339374529346,0.000304868132001693,0.00038692318020177376
Pneumocystomycetes,6.84507998580861e-06,6.84507998580861e-06,6.845079985808611e-06,3.016419598209065e-06,3.4998898037681468e-06
Pokkesviricetes,3.828240729446372e-06,3.828240729446372e-06,3.828240729446371e-06,2.3571723936458768e-06,1.408494778916833e-06
Polintoviricetes,3.5506028165597684e-05,3.5506028165597684e-05,8.25551432570534e-06,8.559121343679524e-06,6.729570294806612e-06
Polychaeta,0.0005178565448684388,0.00010452666276337682,4.770160127759866e-05,2.220688847358257e-05,1.1632912258227988e-05
Polycystinea,2.727203482591054e-07,2.727203482591054e-07,2.727203482591054e-07,2.727203482591054e-07,
Polyplacophora,,,,,
Polypodiopsida,0.00040488190717884946,1.8929873069661768e-05,1.8929873069661768e-05,8.564599359987336e-06,4.864906312415107e-06
Polytrichopsida,5.949813316878749e-07,5.949813316878749e-07,5.949813316878749e-07,5.949813316878749e-07,5.949813316878749e-07
Prasinodermophyceae,2.748774534013787e-07,2.748774534013787e-07,2.748774534013787e-07,2.748774534013787e-07,
Priapulimorpha,6.343869447135928e-05,6.34386944713593e-05,9.604770683620611e-06,9.880886712037011e-06,6.7249680078418945e-06
Promethearchaeia,4.218883134221688e-06,4.218883134221688e-06,4.218883134221689e-06,2.493650828679361e-06,2.8144683124662744e-06
Prostomatea,2.13138135427373e-07,2.13138135427373e-07,2.13138135427373e-07,2.13138135427373e-07,9.832329864137464e-11
Protura,2.9706302204937654e-10,2.9706302204937654e-10,2.9706302204937654e-10,2.9706302204937654e-10,2.9706302204937654e-10
Pucciniomycetes,0.000313020972230279,2.5934037051448186e-05,8.633898815402989e-06,5.416295462733153e-06,5.768240822074664e-06
Pycnogonida,0.00027171528177023877,0.00012338387982449805,2.9804766330155567e-05,2.1542810835855538e-05,3.639897274710624e-06
Pyramimonadophyceae,6.33135362942113e-05,6.33135362942113e-05,2.312858544315844e-05,6.51703215474614e-06,6.602539569501475e-06
Quintoviricetes,,,,,
Raphidophyceae,2.8038442019133594e-05,2.8038442019133594e-05,2.9707157397961566e-05,1.5564730384699595e-05,2.0736592961737257e-05
Remipedia,,,,,
Repensiviricetes,,,,,
Revtraviricetes,1.9913392440304524e-05,1.9913392440304527e-05,1.9913392440304527e-05,9.448377614034077e-07,1.2858453539482393e-06
Rhabditophora,2.915590189458396e-05,2.915590189458396e-05,2.5955871295936626e-05,2.0006598016195094e-05,1.6079212967460873e-05
Rhodellophyceae,4.615100285111165e-06,4.615100285111165e-06,4.615100285111165e-06,1.8398846389903458e-06,2.2784053866066187e-06
Rhodothermia,0.0006230246275720085,0.0003025308769550916,0.0001425495463915899,9.683334363315475e-05,5.390165179435805e-05
Rhynchonellata,9.838885949892872e-10,9.838885949892872e-10,9.838885949892872e-10,9.838885949892872e-10,9.838885949892872e-10
Rubrobacteria,4.587044036538656e-05,4.587044036538656e-05,4.276545804790267e-05,3.262509165808342e-05,2.638195286448411e-05
Saccharomycetes,2.917508203234854e-05,2.917508203234854e-05,1.7510725348226168e-05,5.1485417343685024e-06,6.4792510894653725e-06
Sagittoidea,2.6125522498470114e-07,2.6125522498470114e-07,2.6125522498470114e-07,2.6125522498470114e-07,
Saprospiria,0.0024808704630026467,0.0009630811123050228,0.000549755355410674,0.00019688492056767556,0.00014931365183861034
Sareomycetes,8.24495858047074e-06,8.24495858047074e-06,8.24495858047074e-06,,
Schizosaccharomycetes,1.8915009270191303e-06,1.8915009270191303e-06,1.8915009270191303e-06,1.8915009270191303e-06,1.5061099689878236e-06
Scyphozoa,8.465499414059943e-07,8.465499414059943e-07,8.465499414059943e-07,8.465499414059943e-07,
Sipuncula,,,,,
Sordariomycetes,8.202331362489404e-05,8.202331362489404e-05,3.809267201717276e-05,1.3548777113508214e-05,1.0593010684333433e-05
Spartobacteria,8.94425660306808e-05,8.94425660306808e-05,2.9131862919111593e-05,1.4573708584949899e-05,1.1319726524848211e-05
Sphagnopsida,3.9377965921632513e-05,3.9377965921632513e-05,1.9777152055839942e-05,5.921735878420224e-06,3.3947539654226426e-06
Sphingobacteriia,0.00035938607625739504,0.00021467836795709559,5.432055983535845e-05,4.012515880023435e-05,4.1141965416374066e-05
Spirochaetia,0.00037058771175351867,0.0002935467118378103,0.00011141658513901873,7.511357932522391e-05,9.243044408074799e-05
Spirotrichea,0.0011771191786493806,0.00047618954278612097,0.00010893084053440799,6.490841842964266e-05,4.3250330031071286e-05
Staurozoa,,,,,
Stelpaviricetes,,,,,
Stylonematophyceae,8.88246960471656e-06,8.88246960471656e-06,8.882469604716559e-06,3.401297368933381e-06,2.7007681744270478e-06
Symphyla,9.838885949892872e-10,9.838885949892872e-10,9.838885949892872e-10,9.838885949892872e-10,9.838885949892872e-10
Synergistia,2.930738540144838e-05,2.930738540144838e-05,1.68206584649587e-05,6.796033516614738e-06,8.559927027485558e-06
Syntrophia,8.352683310904597e-05,8.352683310904596e-05,3.4681800476455075e-05,1.3383743955579194e-05,4.094989534305526e-06
Syntrophobacteria,1.8583213481750833e-05,1.8583213481750833e-05,1.8583213481750837e-05,7.620458009487871e-06,8.275633099104238e-06
Syntrophorhabdia,8.210468680846655e-06,8.210468680846655e-06,8.210468680846655e-06,3.695323868740076e-06,2.7517611095620524e-06
Synurophyceae,0.00013226139428579637,0.00013226139428579634,4.875646653488835e-05,2.173298768756829e-05,2.5712447045715815e-05
Taphrinomycetes,3.392759572592327e-06,3.392759572592327e-06,3.392759572592327e-06,2.377980867225295e-06,2.40724165172945e-06
Tectiliviricetes,4.658448689179441e-06,4.658448689179441e-06,4.658448689179441e-06,2.6243242818035915e-06,2.7776377709165073e-06
Tentaculata,4.2050955688235107e-07,4.2050955688235107e-07,4.2050955688235107e-07,4.205095568823511e-07,5.94137993563213e-07
Tepidiformia,3.4052439416365267e-06,3.4052439416365267e-06,3.405243941636527e-06,1.0301344535950362e-06,1.262094481592954e-06
Terriglobia,0.0004681952144632687,0.00010071131128818119,3.162828983133198e-05,1.8289880577651856e-05,9.764555030108623e-06
Terrimicrobiia,1.185696537083713e-05,1.1856965370837129e-05,1.1856965370837129e-05,4.823104952955842e-06,4.047854103729944e-06
Tetraphidopsida,,,,,
Thecofilosea,1.948119932702675e-07,1.948119932702675e-07,1.948119932702675e-07,1.948119932702675e-07,8.841436767579816e-10
Thecostraca,3.195780058373861e-05,3.195780058373861e-05,2.3112923018968727e-05,1.736445099866789e-05,2.1573263692469436e-05
Theionarchaea,1.1553830231026596e-05,1.1553830231026596e-05,1.1553830231026596e-05,2.4096337101522142e-06,1.7532279359568408e-06
Thermoanaerobaculia,0.0004834047775000986,0.00015881059318156507,4.841404434863882e-05,1.4026775868148284e-05,1.3413276461992788e-05
Thermococci,7.01589624437495e-06,7.01589624437495e-06,7.0158962443749505e-06,2.7806677770368538e-06,2.815587135471883e-06
Thermodesulfobacteria,2.7796311742311062e-05,2.7796311742311062e-05,1.2876086305537053e-05,1.0476628819876562e-05,7.876676871943784e-06
Thermodesulfobiia,2.2489595214017185e-07,2.2489595214017185e-07,2.2489595214017185e-07,2.2489595214017185e-07,1.1219933545679058e-09
Thermodesulfovibrionia,5.951601422176298e-05,5.951601422176298e-05,1.1224601877199616e-05,3.3519151819540525e-06,2.5770348605978285e-06
Thermoflexia,3.6734624817035504e-05,3.6734624817035504e-05,1.0160588133970816e-05,5.139186434073875e-06,3.5109264720997136e-06
Thermoleophilia,0.00013835513532815287,0.00013835513532815287,5.855780197497899e-05,2.421161980623549e-05,2.5835755264584037e-05
Thermomicrobia,1.2562911859005864e-05,1.2562911859005863e-05,1.2562911859005863e-05,9.188203997766181e-06,8.721846696496942e-06
Thermoplasmata,0.000299103848011675,0.00013184334142561768,2.8078777154333618e-05,1.0462055495407334e-05,7.829487484618472e-06
Thermoprotei,2.4940857066941095e-05,2.494085706694109e-05,1.119619274757457e-05,5.992925312244057e-06,2.520361427022372e-06
Thermosulfidibacteria,1.2427820230319201e-06,1.2427820230319201e-06,1.2427820230319201e-06,1.2427820230319201e-06,7.567391577638449e-10
Thermotogae,2.9727283082494462e-05,2.9727283082494466e-05,2.2740063921592526e-05,1.1812537112965713e-05,9.522898145792657e-06
Tichowtungiia,9.493343529425347e-06,9.493343529425347e-06,9.493343529425347e-06,2.9241061692463743e-06,2.222834646017467e-06
Tissierellia,0.00027605627597372776,3.364716583912067e-05,1.4439331044209245e-05,1.0771227546493845e-05,1.3713524098653821e-05
Trebouxiophyceae,0.0014538741074627353,0.0004873743544283464,0.00015849030662169636,4.0680159804218066e-05,4.99780926171933e-05
Trematoda,4.962461283431971e-05,4.9624612834319706e-05,2.1193524021891108e-05,2.2351239173610672e-05,1.9035954881925893e-05
Tremellomycetes,1.644252108814986e-05,1.644252108814986e-05,1.644252108814986e-05,6.236321532743408e-06,7.749238664897635e-06
Trigonopsidomycetes,1.6235408015058365e-06,1.6235408015058365e-06,1.6235408015058365e-06,1.6235408015058365e-06,1.02986085155984e-06
Udeonychophora,,,,,
Ulvophyceae,3.178628120012573e-05,3.1786281200125736e-05,2.797132595976792e-05,9.426883842036762e-06,1.157531207193806e-05
Umbelopsidomycetes,3.2458548901601384e-05,3.2458548901601384e-05,8.793669029632369e-06,4.408190651545546e-06,4.434640329501267e-06
Uniplacotomia,3.0828285132459144e-05,3.0828285132459144e-05,2.3938535895319504e-05,1.2827187595172826e-05,1.3885867092648789e-05
Ustilaginomycetes,3.076559690805524e-05,3.076559690805524e-05,5.904336015687534e-06,5.668663253896727e-06,7.224699883492435e-06
Vampirovibriophyceae,3.032756654401537e-05,3.0327566544015368e-05,9.855670017654864e-06,4.173077178475484e-06,3.9863674379697214e-06
Variosea,3.5781170610942605e-05,3.5781170610942605e-05,1.8027425815185065e-05,7.350731017716819e-06,4.282677163282707e-06
Verrucomicrobiia,0.0018984370833698295,0.0007922240621075478,0.0003759764149047319,0.00014194164544338288,0.00011401311934394111
Vicinamibacteria,2.8603913321582626e-05,2.8603913321582626e-05,2.1314689809337888e-05,6.8688410634606984e-06,8.23667832895149e-06
Vulcanimicrobiia,3.426727550901976e-07,3.426727550901976e-07,3.426727550901976e-07,3.426727550901976e-07,5.92737344978739e-07
Wallemiomycetes,3.36375016349188e-06,3.3637501634918797e-06,3.3637501634918805e-06,2.8079774773546133e-06,3.1098854575472495e-06
Xanthophyceae,2.5357954059659195e-05,2.5357954059659188e-05,1.6132351420101038e-05,8.667315412012535e-06,4.633592673521275e-06
Xylobotryomycetes,3.1390046192279944e-06,3.1390046192279944e-06,3.1390046192279944e-06,1.2876732495714673e-06,1.5697168662393933e-06
Xylonomycetes,7.301191379356345e-07,7.301191379356344e-07,7.301191379356344e-07,7.301191379356344e-07,8.054121596028132e-07
Zetaproteobacteria,7.658531430714268e-05,7.658531430714268e-05,5.4209181752880984e-05,1.436211394832446e-05,1.0522989980138417e-05
Zoopagomycetes,6.8974591558301725e-06,6.897459155830173e-06,6.897459155830173e-06,6.627043268763299e-06,9.126616777139645e-06
Zygnemophyceae,5.919727198541573e-05,5.919727198541573e-05,2.5550113724796213e-05,1.0221097730108161e-05,5.9484725693374704e-06
