phylum,1000_1_nt_rpm,1000_2_nt_rpm,1000_3_nt_rpm,1000_4_nt_rpm,1000_5_nt_rpm,10000_1_nt_rpm,10000_2_nt_rpm,10000_3_nt_rpm,10000_4_nt_rpm,10000_5_nt_rpm,100000_1_nt_rpm,100000_2_nt_rpm,100000_3_nt_rpm,100000_4_nt_rpm,100000_5_nt_rpm,1000000_1_nt_rpm,1000000_2_nt_rpm,1000000_3_nt_rpm,1000000_4_nt_rpm,1000000_5_nt_rpm,10000000_1_nt_rpm,10000000_2_nt_rpm,10000000_3_nt_rpm,10000000_4_nt_rpm,10000000_5_nt_rpm
Abditibacteriota,0.0,0.0,0.0,0.0,0.0,0.0,0.0,0.0,0.0,0.0,0.0,0.0,0.0,0.0,0.0,3.000024000192002e-06,3.000030000300003e-06,2.000016000128001e-06,4.000024000144001e-06,4.000032000256002e-06,1.375157420028686e-06,3.437542109781273e-06,3.439600115829901e-06,4.124287433064706e-06,2.0626683123734445e-06
Acanthocephala,0.0,0.0,0.0,0.0,0.0,0.0,0.0,0.0,0.0,0.0,0.0,0.0,0.0,0.0,0.0,0.0,0.0,0.0,0.0,0.0,0.0,0.0,0.0,0.0,0.0
Acidobacteriota,0.0,0.0,0.0,0.0,0.001,0.0002,0.0002,0.0001,0.0002,0.0002,0.00024000240002400026,0.00028000000000000003,0.00028000000000000003,0.00035,0.0002500025000250003,0.0002210017680141441,0.00021900219002190022,0.0002190017520140161,0.00024600147600885606,0.0002190017520140161,0.00021865002978456108,0.00021106508554057018,0.00019880888669496832,0.00022889795253509115,0.00023583174371469715
Actinomycetota,0.001,0.004,0.004,0.003,0.009000000000000001,0.005,0.0055000000000000005,0.0055000000000000005,0.0045000000000000005,0.0056,0.005540055400554004,0.00545,0.0050100000000000006,0.00543,0.005790057900579005,0.005424043392347066,0.005514055140551405,0.005576044608356783,0.005487032922197338,0.005526044208353526,0.0056711492001981735,0.005654069262168121,0.005587974348177124,0.0054275622619129466,0.005413129207771953
Annelida,0.0,0.0,0.0,0.001,0.003,0.0006,0.00030000000000000003,0.0002,0.00030000000000000003,0.0,0.00022000220002200022,0.00023,0.00018,0.00029,0.00022000220002200022,0.00023100184801478412,0.00025000250002500023,0.0002520020160161281,0.0002640015840095041,0.0002630021040168321,0.0002413401272150344,0.0002598781834994642,0.00024765120833975294,0.00025914272704423235,0.0002502704219013113
Apicomplexa,0.0,0.0,0.0,0.0,0.0,0.0001,0.0,0.0,0.0,0.0001,4.000040000400004e-05,5e-05,7.000000000000001e-05,0.00013000000000000002,6.0000600006000066e-05,7.900063200505605e-05,7.500075000750007e-05,9.700077600620805e-05,7.100042600255603e-05,8.700069600556804e-05,7.013302842146299e-05,8.112599379083804e-05,7.016784236293e-05,7.286241131747647e-05,6.944316651657263e-05
Aquificota,0.0,0.0,0.0,0.0,0.0,0.0,0.0,0.0,0.0,0.0,0.0,0.0,0.0,0.0,1.000010000100001e-05,6.000048000384003e-06,3.0000300003000026e-06,3.000024000192002e-06,3.0000180001080015e-06,4.000032000256002e-06,8.938523230186459e-06,6.875084219562546e-06,6.1912802084938224e-06,6.186431149597059e-06,7.5631171453692965e-06
Armatimonadota,0.0,0.0,0.0,0.0,0.0,0.0,0.0,0.0,0.00030000000000000003,0.0,3.000030000300003e-05,4e-05,2e-05,0.0,2.000020000200002e-05,1.3000104000832007e-05,1.7000170001700014e-05,1.2000096000768006e-05,2.000012000072001e-05,2.000016000128001e-05,1.3751574200286859e-05,1.3750168439125094e-05,1.6510080555983528e-05,1.9934055926479413e-05,2.200179533198341e-05
Arthropoda,0.003,0.003,0.002,0.002,0.004,0.0031000000000000003,0.0043,0.0039000000000000003,0.0036000000000000003,0.0024000000000000002,0.0036000360003600024,0.0035900000000000003,0.0030900000000000003,0.00336,0.0037700377003770024,0.003529028232225709,0.003464034640346402,0.0035980287842301414,0.0034730208381248766,0.0034880279042231255,0.003473647642992374,0.00351041800250856,0.003439600115829751,0.003504956936866006,0.0033772755834593745
Artverviricota,0.0,0.0,0.0,0.0,0.0,0.0,0.0,0.0,0.0,0.0,0.0,0.0,0.0,0.0,0.0,2.000016000128001e-06,3.0000300003000026e-06,3.0000240001920015e-06,1.0000060000360005e-06,5.000040000320003e-06,2.062736130043029e-06,6.875084219562546e-07,6.879200231659802e-07,5.4990499107529405e-06,1.3751122082489629e-06
Ascomycota,0.001,0.0,0.0,0.0,0.0,0.0004,0.0006000000000000001,0.0007,0.00030000000000000003,0.0001,0.00047000470004700045,0.00030000000000000003,0.00045000000000000004,0.00043000000000000004,0.0005200052000520005,0.0004190033520268162,0.00044100441004410045,0.00045400363202905623,0.0003960023760142562,0.00044400355202841625,0.00040704659632849103,0.0004530680500691718,0.0004216949742007459,0.0004220520806502882,0.00041459633078706233
Atribacterota,0.0,0.0,0.0,0.0,0.0,0.0,0.0,0.0,0.0,0.0,0.0,0.0,0.0,0.0,0.0,1.0000080000640005e-06,0.0,0.0,0.0,0.0,6.87578710014343e-07,0.0,6.879200231659802e-07,6.873812388441177e-07,6.875561041244814e-07
Bacillariophyta,0.02,0.027,0.02,0.021,0.03,0.0199,0.021500000000000002,0.0219,0.0203,0.021500000000000002,0.018540185401854002,0.01978,0.01942,0.01973,0.019850198501985,0.02062316498531878,0.020944209442094405,0.02096416771334044,0.020611123666740696,0.02065516524132077,0.020663802972059737,0.02074144158199693,0.02059494965354182,0.02057607000355868,0.020847388633157313
Bacillota,0.002,0.0,0.001,0.002,0.001,0.0008,0.0018,0.0013,0.0007,0.0009000000000000001,0.0016600166001660016,0.00117,0.00144,0.00134,0.0015900159001590016,0.0014410115280922248,0.0013960139601396013,0.0014110112880903046,0.0014330085980515884,0.0014600116800934408,0.001473481175560737,0.001452705295593566,0.0014281219680925751,0.0014950541944859558,0.0014789331799717597
Bacteroidota,0.057,0.042,0.05,0.061,0.04,0.0564,0.051000000000000004,0.057,0.0573,0.05,0.05615056150561501,0.05651,0.0524,0.0543,0.05490054900549001,0.056758454067626155,0.05604056040560401,0.05711145689164853,0.05682434094604,0.05658645269161507,0.057048405569883595,0.056954572691693364,0.05659930782599759,0.05719836764669058,0.05754569569079595
Balneolota,0.0,0.0,0.0,0.0,0.0,0.0,0.0001,0.0,0.0,0.0001,3.0000300003000036e-05,1e-05,4e-05,1e-05,2.000020000200002e-05,3.800030400243202e-05,3.100031000310003e-05,2.9000232001856017e-05,4.600027600165601e-05,3.1000248001984015e-05,3.2316199370674125e-05,3.5750437941725244e-05,3.370808113513304e-05,2.7495249553764704e-05,3.644047351859751e-05
Basidiomycota,0.001,0.0,0.002,0.0,0.0,0.0,0.0,0.0,0.00030000000000000003,0.0,0.00011000110001100011,6.000000000000001e-05,0.00015000000000000001,7.000000000000001e-05,9.000090000900009e-05,9.500076000608005e-05,0.0001030010300103001,0.00010200081600652805,9.100054600327604e-05,9.500076000608005e-05,9.694859811202236e-05,9.900121276170067e-05,9.630880324323724e-05,9.210908600511176e-05,0.00011963476211765978
Bdellovibrionota,0.0,0.0,0.0,0.0,0.0,0.0,0.0001,0.0001,0.0,0.0,4.000040000400004e-05,6e-05,0.0001,7.000000000000001e-05,8.000080000800008e-05,6.000048000384003e-05,6.600066000660006e-05,6.600052800422403e-05,6.600039600237602e-05,6.800054400435204e-05,6.256966261130521e-05,4.881309795889408e-05,7.635912257142381e-05,6.530121769019117e-05,7.013072262069711e-05
Blastocladiomycota,0.0,0.0,0.0,0.0,0.0,0.0,0.0,0.0,0.0,0.0,0.0,0.0,0.0,0.0,0.0,0.0,0.0,0.0,0.0,0.0,0.0,6.875084219562546e-07,0.0,6.873812388441177e-07,6.875561041244814e-07
Brachiopoda,0.0,0.0,0.0,0.0,0.0,0.0,0.0,0.0,0.0,0.0,0.0,0.0,0.0,0.0,0.0,1.0000080000640005e-06,3.0000300003000026e-06,4.000032000256002e-06,0.0,5.000040000320002e-06,2.062736130043029e-06,2.062525265868764e-06,1.3758400463319607e-06,6.873812388441177e-07,1.375112208248963e-06
Bryozoa,0.0,0.0,0.0,0.0,0.0,0.0002,0.0001,0.0,0.0,0.0,3.000030000300003e-05,3.0000000000000004e-05,8e-05,2e-05,3.000030000300003e-05,2.8000224001792016e-05,4.000040000400004e-05,1.700013600108801e-05,3.700022200133201e-05,4.8000384003072024e-05,5.019324583104704e-05,3.6437946363681495e-05,6.053696203860627e-05,4.055549309180294e-05,3.987825403921993e-05
Caldisericota,0.0,0.0,0.0,0.0,0.0,0.0,0.0,0.0,0.0,0.0,0.0,0.0,0.0,0.0,0.0,0.0,0.0,0.0,0.0,0.0,0.0,6.875084219562546e-07,0.0,0.0,0.0
Calditrichota,0.0,0.0,0.0,0.0,0.0,0.0,0.0,0.0,0.0,0.0,0.0,0.0,0.0,0.0,0.0,5.000040000320002e-06,4.000040000400004e-06,3.000024000192002e-06,1.0000060000360005e-06,4.000032000256002e-06,2.750314840057372e-06,2.7500336878250184e-06,0.0,2.062143716532353e-06,1.375112208248963e-06
Campylobacterota,0.001,0.0,0.002,0.0,0.0,0.0002,0.00030000000000000003,0.0004,0.0002,0.0002,0.00037000370003700025,0.00049,0.00035,0.00028000000000000003,0.00047000470004700045,0.0003760030080240642,0.00036400364003640035,0.0003610028880231042,0.0003930023580141481,0.0003850030800246402,0.0003637291375975875,0.00038087966576376506,0.0003542788119304799,0.00036224991287084996,0.00036440473518597517
Candidatus Abawacaibacteriota,0.0,0.0,0.0,0.0,0.0,0.0,0.0,0.0,0.0,0.0,0.0,0.0,0.0,0.0,0.0,0.0,0.0,0.0,0.0,0.0,0.0,0.0,0.0,0.0,0.0
Candidatus Absconditibacteriota,0.0,0.0,0.0,0.0,0.0,0.0,0.0,0.0,0.0,0.0,0.0,0.0,0.0,0.0,0.0,2.000016000128001e-06,2.000020000200002e-06,1.0000080000640005e-06,4.000024000144002e-06,2.000016000128001e-06,1.375157420028686e-06,0.0,3.4396001158299023e-06,2.062143716532353e-06,3.4377805206224074e-06
Candidatus Adlerbacteria,0.0,0.0,0.0,0.0,0.0,0.0,0.0,0.0,0.0,0.0,0.0,0.0,0.0,0.0,0.0,0.0,0.0,0.0,0.0,0.0,0.0,0.0,0.0,0.0,0.0
Candidatus Aenigmatarchaeota,0.0,0.0,0.0,0.0,0.0,0.0,0.0,0.0,0.0,0.0,0.0,0.0,0.0,0.0,0.0,0.0,0.0,0.0,0.0,0.0,0.0,6.875084219562546e-07,0.0,0.0,2.0626683123734445e-06
Candidatus Aerophobetes,0.0,0.0,0.0,0.0,0.0,0.0,0.0,0.0,0.0,0.0,0.0,0.0,0.0,0.0,0.0,0.0,1.000010000100001e-06,0.0,0.0,1.0000080000640005e-06,0.0,1.3750168439125092e-06,0.0,6.873812388441177e-07,0.0
Candidatus Altarchaeota,0.0,0.0,0.0,0.0,0.0,0.0,0.0,0.0,0.0,0.0,0.0,0.0,0.0,0.0,0.0,0.0,0.0,0.0,0.0,0.0,0.0,0.0,0.0,0.0,0.0
Candidatus Amesbacteria,0.0,0.0,0.0,0.0,0.0,0.0,0.0,0.0,0.0,0.0,0.0,0.0,0.0,0.0,0.0,0.0,0.0,0.0,0.0,0.0,0.0,0.0,0.0,0.0,0.0
Candidatus Aminicenantota,0.0,0.0,0.0,0.0,0.0,0.0,0.0,0.0,0.0,0.0,0.0,1e-05,2e-05,0.0,0.0,1.0000080000640006e-05,1.2000120001200012e-05,9.000072000576005e-06,7.000042000252001e-06,8.000064000512004e-06,1.3063995490272516e-05,6.875084219562546e-06,7.567120254825783e-06,5.499049910752941e-06,8.938229353618259e-06
Candidatus Anderseniibacteriota,0.0,0.0,0.0,0.0,0.0,0.0,0.0,0.0,0.0,0.0,0.0,0.0,0.0,0.0,0.0,0.0,0.0,0.0,0.0,0.0,0.0,0.0,0.0,0.0,0.0
Candidatus Auribacterota,0.0,0.0,0.0,0.0,0.0,0.0,0.0,0.0,0.0,0.0,0.0,0.0,0.0,0.0,0.0,0.0,0.0,0.0,0.0,0.0,0.0,0.0,0.0,0.0,0.0
Candidatus Azambacteria,0.0,0.0,0.0,0.0,0.0,0.0,0.0,0.0,0.0,0.0,0.0,0.0,0.0,0.0,0.0,0.0,0.0,0.0,0.0,0.0,0.0,0.0,0.0,0.0,0.0
Candidatus Bathyarchaeota,0.0,0.0,0.0,0.0,0.0,0.0,0.0,0.0001,0.0,0.0,0.0,2e-05,3e-05,0.0,0.0,1.2000096000768006e-05,1.000010000100001e-05,7.000056000448003e-06,7.000042000252003e-06,5.000040000320002e-06,7.563365810157775e-06,5.500067375650037e-06,8.942960301157744e-06,4.811668671908823e-06,4.125336624746889e-06
Candidatus Beckwithbacteria,0.0,0.0,0.0,0.0,0.0,0.0,0.0,0.0,0.0,0.0,0.0,0.0,0.0,0.0,0.0,0.0,0.0,0.0,0.0,0.0,0.0,0.0,0.0,0.0,0.0
Candidatus Berkelbacteria,0.0,0.0,0.0,0.0,0.0,0.0,0.0,0.0,0.0,0.0,0.0,0.0,0.0,0.0,0.0,0.0,0.0,1.0000080000640005e-06,0.0,0.0,0.0,0.0,0.0,0.0,0.0
Candidatus Binatota,0.0,0.0,0.0,0.0,0.0,0.0,0.0,0.0,0.0,0.0,1.000010000100001e-05,1e-05,3.0000000000000004e-05,1e-05,1.000010000100001e-05,1.5000120000960007e-05,1.5000150001500016e-05,1.5000120000960007e-05,1.6000096000576005e-05,1.1000088000704005e-05,1.581431033032989e-05,1.4437676861081348e-05,1.1694640393821664e-05,1.3060243538038233e-05,1.2376009874240668e-05
Candidatus Bipolaricaulota,0.0,0.0,0.0,0.0,0.0,0.0,0.0,0.0,0.0,0.0,0.0,0.0,0.0,1e-05,1.000010000100001e-05,0.0,2.000020000200002e-06,3.0000240001920015e-06,3.000018000108001e-06,0.0,1.375157420028686e-06,5.500067375650037e-06,3.4396001158299015e-06,3.4369061942205884e-06,2.750224416497926e-06
Candidatus Blackallbacteria,0.0,0.0,0.0,0.0,0.0,0.0,0.0,0.0,0.0,0.0,0.0,0.0,0.0,0.0,0.0,0.0,0.0,0.0,0.0,0.0,0.0,0.0,0.0,0.0,0.0
Candidatus Blackburniibacteriota,0.0,0.0,0.0,0.0,0.0,0.0,0.0,0.0,0.0,0.0,0.0,0.0,0.0,0.0,0.0,0.0,0.0,0.0,0.0,0.0,0.0,0.0,0.0,0.0,0.0
Candidatus Borrarchaeota,0.0,0.0,0.0,0.0,0.0,0.0,0.0,0.0,0.0,0.0,0.0,0.0,0.0,0.0,0.0,0.0,0.0,0.0,0.0,0.0,0.0,0.0,0.0,0.0,0.0
Candidatus Brenneribacteriota,0.0,0.0,0.0,0.0,0.0,0.0,0.0,0.0,0.0,0.0,0.0,0.0,0.0,0.0,0.0,0.0,0.0,0.0,0.0,0.0,0.0,0.0,0.0,0.0,0.0
Candidatus Brockarchaeota,0.0,0.0,0.0,0.0,0.0,0.0,0.0,0.0,0.0,0.0,0.0,0.0,0.0,0.0,0.0,0.0,0.0,0.0,0.0,0.0,0.0,0.0,0.0,0.0,0.0
Candidatus Buchananiibacteriota,0.0,0.0,0.0,0.0,0.0,0.0,0.0,0.0,0.0,0.0,0.0,0.0,0.0,0.0,0.0,0.0,0.0,0.0,0.0,0.0,0.0,0.0,0.0,0.0,0.0
Candidatus Calescamantes,0.0,0.0,0.0,0.0,0.0,0.0,0.0,0.0,0.0,0.0,0.0,0.0,0.0,0.0,0.0,0.0,0.0,0.0,0.0,0.0,0.0,0.0,0.0,0.0,0.0
Candidatus Campbellbacteria,0.0,0.0,0.0,0.0,0.0,0.0,0.0,0.0,0.0,0.0,0.0,0.0,0.0,0.0,0.0,2.000016000128001e-06,0.0,0.0,0.0,2.000016000128001e-06,1.375157420028686e-06,0.0,0.0,1.3747624776882351e-06,6.875561041244814e-07
Candidatus Cerribacteria,0.0,0.0,0.0,0.0,0.0,0.0,0.0,0.0,0.0,0.0,0.0,0.0,0.0,0.0,0.0,0.0,0.0,0.0,0.0,0.0,0.0,0.0,0.0,0.0,0.0
Candidatus Chisholmiibacteriota,0.0,0.0,0.0,0.0,0.0,0.0,0.0,0.0,0.0,0.0,0.0,0.0,0.0,0.0,0.0,0.0,0.0,0.0,0.0,0.0,0.0,0.0,0.0,0.0,0.0
Candidatus Cloacimonadota,0.0,0.0,0.0,0.0,0.0,0.0,0.0,0.0,0.0,0.0,0.0,0.0,0.0,0.0,0.0,0.0,0.0,1.0000080000640005e-06,0.0,0.0,0.0,6.875084219562546e-07,6.879200231659802e-07,0.0,2.0626683123734445e-06
Candidatus Coatesiibacteriota,0.0,0.0,0.0,0.0,0.0,0.0,0.0,0.0,0.0,0.0,0.0,1e-05,0.0,0.0,0.0,1.0000080000640005e-06,3.000030000300003e-06,1.0000080000640005e-06,2.000012000072001e-06,1.0000080000640005e-06,2.750314840057372e-06,2.062525265868764e-06,0.0,0.0,6.875561041244814e-07
Candidatus Collierbacteria,0.0,0.0,0.0,0.0,0.0,0.0,0.0,0.0,0.0,0.0,0.0,0.0,0.0,0.0,0.0,0.0,0.0,0.0,0.0,0.0,0.0,0.0,0.0,0.0,0.0
Candidatus Colwelliibacteriota,0.0,0.0,0.0,0.0,0.0,0.0,0.0,0.0,0.0,0.0,0.0,0.0,0.0,0.0,0.0,0.0,0.0,0.0,0.0,0.0,0.0,0.0,0.0,0.0,0.0
Candidatus Cryosericota,0.0,0.0,0.0,0.0,0.0,0.0,0.0,0.0,0.0,0.0,0.0,0.0,0.0,0.0,0.0,0.0,0.0,0.0,0.0,0.0,0.0,0.0,0.0,0.0,0.0
Candidatus Culexarchaeota,0.0,0.0,0.0,0.0,0.0,0.0,0.0,0.0,0.0,0.0,0.0,0.0,0.0,0.0,0.0,0.0,0.0,0.0,0.0,0.0,0.0,0.0,0.0,0.0,0.0
Candidatus Curtissbacteria,0.0,0.0,0.0,0.0,0.0,0.0,0.0,0.0,0.0,0.0,0.0,0.0,0.0,0.0,0.0,0.0,0.0,0.0,0.0,0.0,0.0,0.0,0.0,0.0,0.0
Candidatus Daviesbacteria,0.0,0.0,0.0,0.0,0.0,0.0,0.0,0.0,0.0,0.0,0.0,0.0,0.0,0.0,0.0,0.0,0.0,0.0,0.0,0.0,6.87578710014343e-07,6.875084219562546e-07,0.0,0.0,6.875561041244814e-07
Candidatus Deferrimicrobiota,0.0,0.0,0.0,0.0,0.0,0.0,0.0,0.0,0.0,0.0,0.0,0.0,0.0,0.0,0.0,0.0,0.0,0.0,0.0,0.0,0.0,0.0,0.0,0.0,0.0
Candidatus Delongiibacteriota,0.0,0.0,0.0,0.0,0.0,0.0,0.0,0.0,0.0,0.0,0.0,0.0,0.0,0.0,0.0,0.0,0.0,0.0,0.0,0.0,0.0,0.0,0.0,0.0,0.0
Candidatus Desantisbacteria,0.0,0.0,0.0,0.0,0.0,0.0,0.0,0.0,0.0,0.0,0.0,0.0,0.0,0.0,0.0,0.0,0.0,0.0,0.0,0.0,0.0,0.0,0.0,0.0,0.0
Candidatus Dormiibacterota,0.0,0.0,0.0,0.0,0.0,0.0,0.0,0.0,0.0,0.0,0.0,0.0,0.0,0.0,0.0,0.0,0.0,0.0,0.0,0.0,0.0,0.0,0.0,0.0,0.0
Candidatus Doudnaibacteriota,0.0,0.0,0.0,0.0,0.0,0.0,0.0,0.0,0.0,0.0,0.0,0.0,0.0,0.0,0.0,0.0,0.0,0.0,0.0,0.0,0.0,0.0,0.0,0.0,0.0
Candidatus Edwardsiibacteriota,0.0,0.0,0.0,0.0,0.0,0.0,0.0,0.0,0.0,0.0,0.0,0.0,0.0,0.0,0.0,0.0,0.0,0.0,0.0,0.0,0.0,0.0,0.0,0.0,0.0
Candidatus Eiseniibacteriota,0.0,0.0,0.0,0.0,0.0,0.0,0.0,0.0,0.0,0.0,0.0,0.0,0.0,0.0,0.0,0.0,0.0,4.000032000256002e-06,0.0,0.0,6.87578710014343e-07,6.875084219562546e-07,0.0,0.0,6.875561041244814e-07
Candidatus Electryoneota,0.0,0.0,0.0,0.0,0.0,0.0,0.0,0.0,0.0,0.0,0.0,0.0,0.0,0.0,0.0,0.0,0.0,0.0,0.0,0.0,0.0,0.0,0.0,0.0,0.0
Candidatus Elulimicrobiota,0.0,0.0,0.0,0.0,0.0,0.0,0.0,0.0,0.0,0.0,0.0,0.0,0.0,0.0,0.0,0.0,0.0,0.0,0.0,0.0,0.0,0.0,0.0,0.0,0.0
Candidatus Falkowbacteria,0.0,0.0,0.0,0.0,0.0,0.0,0.0,0.0,0.0,0.0,0.0,0.0,0.0,0.0,0.0,0.0,0.0,0.0,0.0,0.0,6.87578710014343e-07,0.0,0.0,0.0,0.0
Candidatus Fermentibacterota,0.0,0.0,0.0,0.0,0.0,0.0,0.0,0.0,0.0,0.0,0.0,0.0,0.0,0.0,0.0,0.0,0.0,0.0,0.0,0.0,0.0,0.0,0.0,0.0,0.0
Candidatus Fervidibacterota,0.0,0.0,0.0,0.0,0.0,0.0,0.0,0.0,0.0,0.0,0.0,0.0,0.0,0.0,0.0,0.0,0.0,1.0000080000640005e-06,0.0,0.0,0.0,1.3750168439125092e-06,6.879200231659802e-07,0.0,0.0
Candidatus Firestoneibacteriota,0.0,0.0,0.0,0.0,0.0,0.0,0.0,0.0,0.0,0.0,0.0,0.0,0.0,0.0,0.0,0.0,0.0,0.0,0.0,0.0,0.0,0.0,0.0,0.0,0.0
Candidatus Fischeribacteriota,0.0,0.0,0.0,0.0,0.0,0.0,0.0,0.0,0.0,0.0,0.0,0.0,0.0,0.0,0.0,0.0,0.0,0.0,0.0,0.0,0.0,0.0,0.0,0.0,0.0
Candidatus Fraseribacteriota,0.0,0.0,0.0,0.0,0.0,0.0,0.0,0.0,0.0,0.0,0.0,0.0,0.0,0.0,0.0,0.0,0.0,0.0,0.0,0.0,0.0,0.0,0.0,0.0,0.0
Candidatus Geothermarchaeota,0.0,0.0,0.0,0.0,0.0,0.0,0.0,0.0,0.0,0.0,0.0,0.0,0.0,0.0,0.0,0.0,0.0,0.0,0.0,0.0,0.0,0.0,0.0,0.0,0.0
Candidatus Gerdarchaeota,0.0,0.0,0.0,0.0,0.0,0.0,0.0,0.0,0.0,0.0,0.0,0.0,0.0,0.0,0.0,0.0,0.0,0.0,0.0,0.0,0.0,0.0,0.0,0.0,0.0
Candidatus Giovannonibacteria,0.0,0.0,0.0,0.0,0.0,0.0,0.0,0.0,0.0,0.0,0.0,0.0,0.0,0.0,0.0,0.0,0.0,0.0,0.0,0.0,6.87578710014343e-07,6.875084219562546e-07,6.879200231659802e-07,0.0,0.0
Candidatus Glassiibacteriota,0.0,0.0,0.0,0.0,0.0,0.0,0.0,0.0,0.0,0.0,0.0,0.0,0.0,0.0,0.0,0.0,0.0,0.0,0.0,0.0,0.0,0.0,0.0,0.0,0.0
Candidatus Goldiibacteriota,0.0,0.0,0.0,0.0,0.0,0.0,0.0,0.0,0.0,0.0,0.0,0.0,0.0,0.0,0.0,0.0,0.0,0.0,0.0,0.0,0.0,0.0,0.0,0.0,0.0
Candidatus Gottesmanbacteria,0.0,0.0,0.0,0.0,0.0,0.0,0.0,0.0,0.0,0.0,0.0,0.0,0.0,0.0,0.0,0.0,0.0,0.0,0.0,0.0,0.0,0.0,0.0,0.0,0.0
Candidatus Gracilibacteria,0.0,0.0,0.0,0.0,0.0,0.0,0.0,0.0,0.0003,0.0,6.000060000600005e-05,8.999999999999999e-05,7.000000000000001e-05,6e-05,0.00010000100001000012,8.200065600524805e-05,7.900079000790008e-05,6.500052000416002e-05,8.600051600309602e-05,8.500068000544004e-05,7.632123681159208e-05,8.456353590061931e-05,8.461416284941558e-05,6.805074264556766e-05,0.0001038209717227967
Candidatus Gribaldobacteria,0.0,0.0,0.0,0.0,0.0,0.0,0.0,0.0,0.0,0.0,0.0,0.0,0.0,0.0,0.0,0.0,0.0,0.0,0.0,0.0,0.0,0.0,0.0,0.0,0.0
Candidatus Hadarchaeota,0.0,0.0,0.0,0.0,0.0,0.0,0.0,0.0,0.0,0.0,0.0,0.0,0.0,0.0,0.0,0.0,0.0,0.0,0.0,0.0,0.0,0.0,0.0,0.0,0.0
Candidatus Handelsmaniibacteriota,0.0,0.0,0.0,0.0,0.0,0.0,0.0,0.0,0.0,0.0,0.0,0.0,0.0,0.0,0.0,0.0,0.0,0.0,0.0,0.0,0.0,0.0,0.0,0.0,0.0
Candidatus Harrisoniibacteriota,0.0,0.0,0.0,0.0,0.0,0.0,0.0,0.0,0.0,0.0,0.0,0.0,0.0,0.0,0.0,0.0,0.0,0.0,0.0,0.0,0.0,0.0,0.0,0.0,0.0
Candidatus Heimdallarchaeota,0.0,0.0,0.0,0.0,0.0,0.0,0.0,0.0,0.0,0.0,0.0,0.0,0.0,1e-05,0.0,1.0000080000640005e-06,3.0000300003000026e-06,2.000016000128001e-06,0.0,0.0,6.87578710014343e-07,6.875084219562546e-07,2.063760069497941e-06,0.0,6.875561041244814e-07
Candidatus Helarchaeota,0.0,0.0,0.0,0.0,0.0,0.0,0.0,0.0,0.0,0.0,0.0,0.0,0.0,0.0,0.0,0.0,0.0,0.0,0.0,0.0,0.0,0.0,0.0,0.0,0.0
Candidatus Hinthialibacterota,0.0,0.0,0.0,0.0,0.0,0.0,0.0,0.0,0.0,0.0,0.0,0.0,0.0,0.0,0.0,0.0,0.0,0.0,0.0,0.0,0.0,0.0,0.0,0.0,0.0
Candidatus Hydrogenedentota,0.0,0.0,0.0,0.0,0.0,0.0,0.0,0.0,0.0,0.0,0.0,0.0,0.0,0.0,0.0,1.0000080000640005e-06,3.000030000300003e-06,0.0,0.0,5.000040000320002e-06,3.437893550071715e-06,6.875084219562546e-07,2.751680092663922e-06,2.7495249553764707e-06,1.375112208248963e-06
Candidatus Hydrothermarchaeota,0.0,0.0,0.0,0.0,0.0,0.0,0.0,0.0,0.0,0.0,0.0,0.0,0.0,0.0,0.0,0.0,0.0,0.0,0.0,0.0,0.0,0.0,0.0,0.0,0.0
Candidatus Hydrothermota,0.0,0.0,0.0,0.0,0.0,0.0,0.0,0.0,0.0,0.0,0.0,0.0,0.0,0.0,0.0,0.0,0.0,0.0,0.0,0.0,0.0,0.0,0.0,0.0,0.0
Candidatus Iainarchaeota,0.0,0.0,0.0,0.0,0.0,0.0,0.0,0.0,0.0,0.0,0.0,0.0,0.0,0.0,0.0,0.0,0.0,0.0,0.0,0.0,0.0,0.0,0.0,0.0,0.0
Candidatus Jacksoniibacteriota,0.0,0.0,0.0,0.0,0.0,0.0,0.0,0.0,0.0,0.0,0.0,0.0,0.0,0.0,0.0,0.0,0.0,0.0,0.0,0.0,0.0,0.0,0.0,0.0,0.0
Candidatus Jorgensenbacteria,0.0,0.0,0.0,0.0,0.0,0.0,0.0,0.0,0.0,0.0,0.0,0.0,0.0,0.0,0.0,0.0,0.0,0.0,0.0,0.0,0.0,0.0,0.0,0.0,0.0
Candidatus Kaiserbacteria,0.0,0.0,0.0,0.0,0.0,0.0,0.0,0.0,0.0,0.0,0.0,1e-05,1e-05,1e-05,0.0,0.0,0.0,1.0000080000640005e-06,0.0,1.0000080000640005e-06,2.750314840057372e-06,2.062525265868764e-06,1.3758400463319607e-06,1.3747624776882351e-06,2.0626683123734445e-06
Candidatus Kapaibacteriota,0.0,0.0,0.0,0.0,0.0,0.0,0.0,0.0,0.0001,0.0,0.0,1e-05,1e-05,1e-05,1.000010000100001e-05,4.000032000256002e-06,3.000030000300003e-06,2.000016000128001e-06,8.000048000288002e-06,3.000024000192002e-06,2.062736130043029e-06,6.875084219562546e-07,1.3758400463319607e-06,3.436906194220588e-06,7.563117145369296e-06
Candidatus Kerfeldiibacteriota,0.0,0.0,0.0,0.0,0.0,0.0,0.0,0.0,0.0,0.0,0.0,0.0,0.0,0.0,0.0,0.0,0.0,0.0,0.0,0.0,0.0,0.0,0.0,0.0,0.0
Candidatus Komeiliibacteriota,0.0,0.0,0.0,0.0,0.0,0.0,0.0,0.0,0.0,0.0,0.0,0.0,0.0,0.0,0.0,0.0,0.0,0.0,0.0,0.0,0.0,0.0,0.0,0.0,0.0
Candidatus Krumholzibacteriota,0.0,0.0,0.0,0.0,0.0,0.0,0.0,0.0,0.0,0.0,0.0,0.0,0.0,0.0,0.0,0.0,0.0,0.0,0.0,0.0,0.0,0.0,0.0,0.0,0.0
Candidatus Kryptoniota,0.0,0.0,0.0,0.0,0.0,0.0,0.0,0.0,0.0,0.0,0.0,0.0,0.0,0.0,0.0,0.0,0.0,0.0,0.0,0.0,0.0,0.0,0.0,0.0,0.0
Candidatus Kuenenbacteria,0.0,0.0,0.0,0.0,0.0,0.0,0.0,0.0,0.0,0.0,0.0,0.0,0.0,0.0,0.0,0.0,0.0,0.0,0.0,0.0,0.0,0.0,0.0,0.0,0.0
Candidatus Latescibacterota,0.0,0.0,0.0,0.0,0.0,0.0001,0.0,0.0,0.0,0.0,1.000010000100001e-05,0.0,2e-05,5e-05,0.0,1.900015200121601e-05,2.6000260002600028e-05,2.9000232001856013e-05,1.1000066000396003e-05,2.3000184001472008e-05,2.4065254850502004e-05,2.681282845629393e-05,2.8204720949805195e-05,2.5433105837232355e-05,2.6127131956730298e-05
Candidatus Levyibacteriota,0.0,0.0,0.0,0.0,0.0,0.0,0.0,0.0,0.0,0.0,0.0,0.0,0.0,0.0,0.0,0.0,0.0,0.0,0.0,1.0000080000640005e-06,6.87578710014343e-07,0.0,0.0,0.0,6.875561041244814e-07
Candidatus Lindowiibacteriota,0.0,0.0,0.0,0.0,0.0,0.0,0.0,0.0,0.0,0.0,0.0,0.0,0.0,0.0,0.0,0.0,0.0,0.0,0.0,0.0,0.0,0.0,0.0,0.0,0.0
Candidatus Liptoniibacteriota,0.0,0.0,0.0,0.0,0.0,0.0,0.0,0.0,0.0,0.0,0.0,0.0,0.0,0.0,0.0,0.0,0.0,0.0,0.0,0.0,0.0,0.0,0.0,0.0,0.0
Candidatus Lithacetigenota,0.0,0.0,0.0,0.0,0.0,0.0,0.0,0.0,0.0,0.0,0.0,0.0,0.0,0.0,0.0,0.0,0.0,0.0,0.0,0.0,0.0,0.0,0.0,0.0,0.0
Candidatus Lloydiibacteriota,0.0,0.0,0.0,0.0,0.0,0.0,0.0,0.0,0.0,0.0,0.0,0.0,0.0,0.0,0.0,0.0,0.0,0.0,0.0,0.0,0.0,0.0,0.0,0.0,0.0
Candidatus Magasanikiibacteriota,0.0,0.0,0.0,0.0,0.0,0.0,0.0,0.0,0.0,0.0,0.0,0.0,0.0,0.0,0.0,0.0,0.0,0.0,0.0,0.0,0.0,0.0,0.0,0.0,0.0
Candidatus Margulisiibacteriota,0.0,0.0,0.0,0.0,0.0,0.0,0.0,0.0,0.0,0.0,0.0,0.0,0.0,0.0,0.0,0.0,0.0,0.0,0.0,0.0,0.0,0.0,0.0,0.0,0.0
Candidatus Marsarchaeota,0.0,0.0,0.0,0.0,0.0,0.0,0.0,0.0,0.0,0.0,0.0,0.0,0.0,0.0,0.0,0.0,0.0,0.0,0.0,0.0,0.0,0.0,0.0,0.0,0.0
Candidatus Mcinerneyibacteriota,0.0,0.0,0.0,0.0,0.0,0.0,0.0,0.0,0.0,0.0,0.0,0.0,0.0,0.0,0.0,0.0,0.0,0.0,0.0,0.0,0.0,0.0,0.0,0.0,0.0
Candidatus Melainabacteria,0.0,0.0,0.0,0.0,0.0,0.0,0.0,0.0,0.0,0.0,0.0,0.0,1e-05,0.0,0.0,3.000024000192002e-06,1.000010000100001e-06,2.000016000128001e-06,3.0000180001080015e-06,1.0000080000640005e-06,2.750314840057372e-06,1.3750168439125092e-06,1.3758400463319607e-06,4.8116686719088236e-06,1.3751122082489629e-06
Candidatus Methanomethylicota,0.0,0.0,0.0,0.0,0.0,0.0,0.0,0.0,0.0,0.0,0.0,0.0,0.0,0.0,0.0,0.0,0.0,0.0,0.0,0.0,0.0,0.0,0.0,0.0,0.0
Candidatus Methylomirabilota,0.0,0.0,0.0,0.0,0.0,0.0,0.0,0.0,0.0,0.0,2.000020000200002e-05,0.0,0.0,0.0,0.0,4.000032000256002e-06,1.000010000100001e-06,3.000024000192002e-06,4.000024000144001e-06,1.0000080000640005e-06,2.062736130043029e-06,0.0,0.0,2.7495249553764707e-06,1.375112208248963e-06
Candidatus Micrarchaeota,0.0,0.0,0.0,0.0,0.0,0.0,0.0,0.0,0.0,0.0,0.0,0.0,0.0,0.0,0.0,0.0,0.0,0.0,0.0,0.0,0.0,0.0,0.0,0.0,0.0
Candidatus Microgenomates,0.0,0.0,0.0,0.0,0.0,0.0,0.0,0.0,0.0,0.0,0.0,0.0,0.0,0.0,0.0,0.0,0.0,0.0,0.0,0.0,0.0,0.0,0.0,0.0,0.0
Candidatus Moduliflexota,0.0,0.0,0.0,0.0,0.0,0.0,0.0,0.0,0.0,0.0,0.0,0.0,0.0,0.0,0.0,0.0,0.0,0.0,0.0,0.0,0.0,0.0,0.0,0.0,0.0
Candidatus Moraniibacteriota,0.0,0.0,0.0,0.0,0.0,0.0,0.0001,0.0,0.0,0.0,0.0,0.0,0.0,0.0,0.0,0.0,3.000030000300003e-06,1.0000080000640005e-06,0.0,0.0,6.87578710014343e-07,6.875084219562546e-07,1.3758400463319607e-06,1.3747624776882351e-06,1.375112208248963e-06
Candidatus Muiribacteriota,0.0,0.0,0.0,0.0,0.0,0.0,0.0,0.0,0.0,0.0,0.0,0.0,0.0,0.0,0.0,0.0,0.0,0.0,0.0,0.0,0.0,0.0,0.0,0.0,0.0
Candidatus Nanohalarchaeota,0.0,0.0,0.0,0.0,0.0,0.0,0.0,0.0,0.0,0.0,0.0,0.0,0.0,0.0,0.0,0.0,0.0,0.0,0.0,0.0,0.0,0.0,0.0,0.0,0.0
Candidatus Nealsoniibacteriota,0.0,0.0,0.0,0.0,0.0,0.0,0.0,0.0,0.0,0.0,0.0,0.0,0.0,0.0,1.000010000100001e-05,0.0,0.0,0.0,0.0,1.0000080000640005e-06,0.0,0.0,0.0,1.3747624776882351e-06,0.0
Candidatus Nezhaarchaeota,0.0,0.0,0.0,0.0,0.0,0.0,0.0,0.0,0.0,0.0,0.0,0.0,0.0,0.0,0.0,0.0,0.0,0.0,0.0,0.0,0.0,0.0,0.0,0.0,0.0
Candidatus Niyogiibacteriota,0.0,0.0,0.0,0.0,0.0,0.0,0.0,0.0,0.0,0.0,0.0,0.0,0.0,0.0,0.0,0.0,0.0,0.0,0.0,0.0,6.87578710014343e-07,0.0,0.0,6.873812388441177e-07,6.875561041244814e-07
Candidatus Nomurabacteria,0.0,0.0,0.0,0.0,0.0,0.0,0.0001,0.0,0.0,0.0,0.0,0.0,0.0,0.0,1.000010000100001e-05,2.000016000128001e-06,5.000050000500004e-06,7.000056000448003e-06,5.00003000018e-06,5.000040000320002e-06,2.750314840057372e-06,5.500067375650037e-06,3.439600115829901e-06,4.124287433064706e-06,5.500448832995852e-06
Candidatus Odinarchaeota,0.0,0.0,0.0,0.0,0.0,0.0,0.0,0.0,0.0,0.0,0.0,0.0,0.0,0.0,0.0,0.0,0.0,0.0,0.0,0.0,0.0,0.0,0.0,0.0,0.0
Candidatus Omnitrophota,0.0,0.0,0.0,0.0,0.0,0.0,0.0,0.0,0.0,0.0,0.0,2e-05,0.0,2e-05,0.0,4.000032000256002e-06,3.0000300003000026e-06,3.0000240001920015e-06,2.000012000072001e-06,3.000024000192002e-06,2.062736130043029e-06,1.3750168439125092e-06,3.439600115829901e-06,6.873812388441177e-07,2.750224416497926e-06
Candidatus Paceibacterota,0.0,0.0,0.0,0.0,0.0,0.0,0.0,0.0,0.0,0.0,0.0,0.0,2e-05,0.0,0.0,0.0,0.0,0.0,0.0,0.0,0.0,0.0,1.3758400463319607e-06,0.0,0.0
Candidatus Parcubacteria,0.0,0.0,0.0,0.0,0.0,0.0,0.0,0.0,0.0,0.0,0.0,1e-05,0.0,0.0,0.0,2.000016000128001e-06,0.0,0.0,0.0,0.0,1.375157420028686e-06,6.875084219562546e-07,6.879200231659802e-07,6.873812388441177e-07,2.0626683123734445e-06
Candidatus Parvarchaeota,0.0,0.0,0.0,0.0,0.0,0.0,0.0,0.0,0.0,0.0,0.0,0.0,0.0,0.0,0.0,0.0,0.0,0.0,0.0,0.0,0.0,0.0,0.0,0.0,0.0
Candidatus Peregrinibacteria,0.0,0.0,0.0,0.0,0.0,0.0,0.0,0.0,0.0,0.0,2.000020000200002e-05,1e-05,1e-05,1e-05,0.0,7.000056000448003e-06,6.000060000600005e-06,1.3000104000832007e-05,7.000042000252001e-06,9.000072000576005e-06,5.500629680114744e-06,4.812558953693783e-06,1.1006720370655684e-05,8.248574866129412e-06,1.3751122082489631e-05
Candidatus Poribacteria,0.0,0.0,0.0,0.0,0.0,0.0,0.0,0.0,0.0,0.0,1.000010000100001e-05,1e-05,2e-05,1e-05,1.000010000100001e-05,6.000048000384003e-06,0.0,1.2000096000768008e-05,1.2000072000432001e-05,7.000056000448003e-06,4.125472260086058e-06,4.812558953693783e-06,6.879200231659804e-06,8.935956104973529e-06,8.938229353618259e-06
Candidatus Portnoyibacteriota,0.0,0.0,0.0,0.0,0.0,0.0,0.0,0.0,0.0,0.0,0.0,0.0,0.0,0.0,0.0,0.0,0.0,0.0,0.0,0.0,0.0,0.0,0.0,0.0,0.0
Candidatus Pyropristinus,0.0,0.0,0.0,0.0,0.0,0.0,0.0,0.0,0.0,0.0,0.0,0.0,0.0,0.0,0.0,0.0,0.0,0.0,0.0,0.0,0.0,0.0,0.0,0.0,0.0
Candidatus Ratteibacteria,0.0,0.0,0.0,0.0,0.0,0.0,0.0,0.0,0.0,0.0,0.0,0.0,0.0,0.0,0.0,0.0,0.0,0.0,0.0,0.0,0.0,0.0,0.0,0.0,0.0
Candidatus Raymondiibacteriota,0.0,0.0,0.0,0.0,0.0,0.0,0.0,0.0,0.0,0.0,0.0,0.0,0.0,0.0,0.0,0.0,0.0,0.0,0.0,0.0,0.0,0.0,0.0,0.0,0.0
Candidatus Rifleibacteriota,0.0,0.0,0.0,0.0,0.0,0.0,0.0,0.0,0.0,0.0,0.0,0.0,0.0,0.0,0.0,0.0,0.0,0.0,0.0,0.0,0.0,0.0,0.0,0.0,0.0
Candidatus Roizmanbacteria,0.0,0.0,0.0,0.0,0.0,0.0,0.0,0.0,0.0,0.0,0.0,0.0,0.0,0.0,0.0,0.0,0.0,0.0,1.0000060000360005e-06,0.0,6.87578710014343e-07,0.0,2.063760069497941e-06,2.062143716532353e-06,0.0
Candidatus Rokuibacteriota,0.0,0.0,0.0,0.0,0.0,0.0,0.0,0.0,0.0,0.0,0.0,0.0,0.0,0.0,0.0,0.0,0.0,0.0,0.0,0.0,0.0,0.0,0.0,0.0,0.0
Candidatus Ryaniibacteriota,0.0,0.0,0.0,0.0,0.0,0.0,0.0,0.0,0.0,0.0,0.0,0.0,0.0,0.0,0.0,0.0,0.0,0.0,0.0,0.0,0.0,0.0,0.0,0.0,0.0
Candidatus Saccharibacteria,0.0,0.0,0.0,0.0,0.0,0.0,0.0,0.0,0.0,0.0,1.000010000100001e-05,1e-05,1e-05,0.0,3.000030000300003e-05,7.000056000448003e-06,1.000010000100001e-05,4.000032000256002e-06,9.000054000324003e-06,6.000048000384002e-06,8.938523230186459e-06,6.187575797606291e-06,3.4396001158299015e-06,5.499049910752941e-06,6.188004937120333e-06
Candidatus Schekmaniibacteriota,0.0,0.0,0.0,0.0,0.0,0.0,0.0,0.0,0.0,0.0,0.0,0.0,0.0,0.0,0.0,0.0,0.0,0.0,0.0,0.0,0.0,0.0,0.0,0.0,0.0
Candidatus Shapirobacteria,0.0,0.0,0.0,0.0,0.0,0.0,0.0,0.0,0.0,0.0,0.0,0.0,0.0,0.0,0.0,0.0,0.0,0.0,0.0,0.0,0.0,0.0,0.0,0.0,0.0
Candidatus Spechtiibacteriota,0.0,0.0,0.0,0.0,0.0,0.0,0.0,0.0,0.0,0.0,0.0,0.0,0.0,0.0,0.0,0.0,0.0,0.0,0.0,0.0,0.0,0.0,0.0,0.0,0.0
Candidatus Staskawicziibacteriota,0.0,0.0,0.0,0.0,0.0,0.0,0.0,0.0,0.0,0.0,0.0,0.0,0.0,0.0,0.0,0.0,0.0,0.0,0.0,0.0,0.0,0.0,0.0,0.0,0.0
Candidatus Sumerlaeota,0.0,0.0,0.0,0.0,0.0,0.0,0.0,0.0,0.0,0.0,0.0,0.0,0.0,0.0,0.0,1.0000080000640005e-06,1.000010000100001e-06,0.0,0.0,0.0,0.0,0.0,0.0,0.0,6.875561041244814e-07
Candidatus Sungiibacteriota,0.0,0.0,0.0,0.0,0.0,0.0,0.0,0.0,0.0,0.0,0.0,0.0,0.0,0.0,0.0,0.0,0.0,0.0,0.0,0.0,0.0,0.0,0.0,0.0,0.0
Candidatus Sysuimicrobiota,0.0,0.0,0.0,0.0,0.0,0.0,0.0,0.0,0.0,0.0,0.0,0.0,0.0,0.0,0.0,0.0,0.0,0.0,0.0,0.0,0.0,0.0,0.0,0.0,0.0
Candidatus Tagaibacteriota,0.0,0.0,0.0,0.0,0.0,0.0,0.0,0.0,0.0,0.0,0.0,0.0,0.0,0.0,0.0,0.0,0.0,0.0,0.0,0.0,0.0,0.0,0.0,0.0,0.0
Candidatus Tayloriibacteriota,0.0,0.0,0.0,0.0,0.0,0.0,0.0,0.0,0.0,0.0,0.0,0.0,0.0,0.0,0.0,0.0,0.0,0.0,0.0,0.0,0.0,0.0,0.0,0.0,0.0
Candidatus Tectimicrobiota,0.0,0.0,0.0,0.0,0.0,0.0,0.0,0.0,0.0,0.0,2.000020000200002e-05,1e-05,0.0,1e-05,2.000020000200002e-05,9.000072000576005e-06,6.000060000600006e-06,6.000048000384003e-06,1.000006000036e-05,4.000032000256002e-06,4.813050970100402e-06,6.875084219562546e-06,9.630880324323725e-06,1.0310718582661764e-05,6.188004937120333e-06
Candidatus Terryibacteriota,0.0,0.0,0.0,0.0,0.0,0.0,0.0,0.0,0.0,0.0,0.0,0.0,0.0,0.0,0.0,0.0,0.0,0.0,0.0,0.0,0.0,0.0,0.0,0.0,0.0
Candidatus Tharpellota,0.0,0.0,0.0,0.0,0.0,0.0,0.0,0.0,0.0,0.0,0.0,0.0,0.0,0.0,0.0,0.0,0.0,0.0,0.0,0.0,0.0,0.0,0.0,0.0,0.0
Candidatus Thorarchaeota,0.0,0.0,0.0,0.0,0.0,0.0,0.0,0.0,0.0,0.0,0.0,0.0,1e-05,0.0,0.0,2.000016000128001e-06,3.000030000300003e-06,0.0,1.0000060000360005e-06,0.0,1.375157420028686e-06,6.875084219562546e-07,2.751680092663922e-06,0.0,6.875561041244814e-07
Candidatus Uhrbacteria,0.0,0.0,0.0,0.0,0.0,0.0,0.0,0.0,0.0,0.0,0.0,0.0,0.0,0.0,0.0,0.0,1.000010000100001e-06,0.0,0.0,0.0,0.0,0.0,1.3758400463319607e-06,0.0,1.375112208248963e-06
Candidatus Undinarchaeota,0.0,0.0,0.0,0.0,0.0,0.0,0.0,0.0,0.0,0.0,0.0,0.0,0.0,0.0,0.0,0.0,0.0,0.0,0.0,0.0,0.0,0.0,0.0,0.0,0.0
Candidatus Vogeliibacteriota,0.0,0.0,0.0,0.0,0.0,0.0,0.0,0.0,0.0,0.0,0.0,0.0,0.0,0.0,0.0,0.0,0.0,0.0,0.0,0.0,0.0,0.0,0.0,0.0,0.0
Candidatus Walliibacteriota,0.0,0.0,0.0,0.0,0.0,0.0,0.0,0.0,0.0,0.0,0.0,0.0,0.0,0.0,0.0,0.0,0.0,0.0,0.0,0.0,0.0,0.0,0.0,0.0,0.0
Candidatus Wildermuthiibacteriota,0.0,0.0,0.0,0.0,0.0,0.0,0.0,0.0,0.0,0.0,0.0,0.0,0.0,0.0,0.0,0.0,0.0,0.0,0.0,0.0,0.0,0.0,0.0,0.0,0.0
Candidatus Wirthbacteria,0.0,0.0,0.0,0.0,0.0,0.0,0.0,0.0,0.0,0.0,0.0,0.0,0.0,0.0,0.0,0.0,0.0,0.0,0.0,0.0,0.0,0.0,0.0,0.0,0.0
Candidatus Woesearchaeota,0.0,0.0,0.0,0.0,0.0,0.0,0.0,0.0,0.0,0.0,0.0,0.0,0.0,0.0,0.0,2.000016000128001e-06,0.0,0.0,0.0,1.0000080000640005e-06,1.375157420028686e-06,0.0,6.879200231659802e-07,0.0,6.875561041244814e-07
Candidatus Woesebacteria,0.0,0.0,0.0,0.0,0.0,0.0,0.0,0.0,0.0,0.0,0.0,0.0,0.0,0.0,0.0,0.0,0.0,0.0,0.0,1.0000080000640005e-06,6.87578710014343e-07,0.0,1.3758400463319605e-06,6.873812388441177e-07,1.3751122082489629e-06
Candidatus Wolfebacteria,0.0,0.0,0.0,0.0,0.0,0.0,0.0,0.0,0.0,0.0,0.0,0.0,0.0,0.0,0.0,0.0,0.0,0.0,0.0,0.0,0.0,6.875084219562546e-07,0.0,6.873812388441177e-07,6.875561041244814e-07
Candidatus Woykeibacteriota,0.0,0.0,0.0,0.0,0.0,0.0,0.0,0.0,0.0,0.0,0.0,0.0,0.0,0.0,0.0,0.0,0.0,0.0,0.0,0.0,0.0,0.0,0.0,0.0,0.0
Candidatus Yanofskyibacteriota,0.0,0.0,0.0,0.0,0.0,0.0,0.0,0.0,0.0,0.0,0.0,0.0,0.0,0.0,0.0,0.0,0.0,0.0,0.0,0.0,0.0,0.0,0.0,0.0,0.0
Candidatus Yonathiibacteriota,0.0,0.0,0.0,0.0,0.0,0.0,0.0,0.0,0.0,0.0,0.0,0.0,0.0,0.0,0.0,0.0,0.0,0.0,0.0,0.0,0.0,0.0,0.0,0.0,0.0
Candidatus Zambryskiibacteriota,0.0,0.0,0.0,0.0,0.0,0.0,0.0,0.0,0.0,0.0,0.0,0.0,0.0,0.0,0.0,0.0,0.0,0.0,0.0,0.0,0.0,0.0,0.0,0.0,0.0
Candidatus Zixiibacteriota,0.0,0.0,0.0,0.0,0.0,0.0001,0.0,0.0,0.0,0.0,0.0,2e-05,0.0,5e-05,2.000020000200002e-05,6.000048000384003e-06,1.100011000110001e-05,9.000072000576005e-06,7.000042000252001e-06,1.5000120000960009e-05,1.6501889040344232e-05,1.3750168439125092e-05,1.3070480440153629e-05,1.168548106035e-05,1.1688453770116186e-05
Cercozoa,0.0,0.0,0.0,0.0,0.0,0.0002,0.0,0.0,0.0002,0.0002,1.000010000100001e-05,6e-05,7.000000000000001e-05,9e-05,5.0000500005000046e-05,2.200017600140801e-05,4.100041000410004e-05,4.700037600300802e-05,6.400038400230402e-05,7.900063200505605e-05,3.919198647081755e-05,4.193801373933153e-05,6.810408229343206e-05,7.629931751169705e-05,5.3629376121709554e-05
Chaetognatha,0.0,0.0,0.0,0.0,0.0,0.0,0.0,0.0,0.0,0.0,0.0,0.0,0.0,0.0,0.0,0.0,0.0,0.0,0.0,0.0,0.0,0.0,0.0,0.0,0.0
Chlamydiota,0.0,0.0,0.0,0.0,0.0,0.0,0.0,0.0,0.0,0.0,4.000040000400004e-05,4e-05,4e-05,0.0,8.000080000800009e-05,2.4000192001536012e-05,3.0000300003000026e-05,4.3000344002752026e-05,4.100024600147601e-05,3.600028800230402e-05,2.4065254850502004e-05,4.4000539005200294e-05,3.1644321065635094e-05,3.161953698682941e-05,2.9564912477352704e-05
Chlorobiota,0.0,0.0,0.0,0.0,0.0,0.0,0.0,0.0,0.0,0.0,2.000020000200002e-05,4e-05,3.0000000000000004e-05,3.0000000000000004e-05,2.000020000200002e-05,3.1000248001984015e-05,3.4000340003400034e-05,4.200033600268802e-05,2.700016200097201e-05,2.300018400147201e-05,4.1942301310874925e-05,3.987548847346277e-05,3.095640104246912e-05,2.1308818404167643e-05,3.5065361310348553e-05
Chloroflexota,0.002,0.0,0.002,0.0,0.002,0.0001,0.0001,0.0001,0.0,0.00030000000000000003,0.0002100021000210002,0.00015000000000000001,0.00023,0.00016,0.00023000230002300024,0.00017400139201113608,0.00017000170001700018,0.00016500132001056009,0.00020700124200745206,0.00016800134401075207,0.00018152077944378654,0.0001787521897086262,0.00018298672616215078,0.00020277746545901472,0.00016913880161462244
Chlorophyta,0.004,0.007,0.005,0.002,0.002,0.003,0.0027,0.0041,0.0040999999999999995,0.0031,0.0034100341003410004,0.00351,0.00387,0.00343,0.0034700347003470003,0.0035760286082286564,0.0036090360903609005,0.0034770278162223524,0.003732022392134116,0.003647029176233124,0.003532779412053476,0.0036410446026800677,0.003872301810401007,0.0034753995435955584,0.003549164609490264
Chrysiogenota,0.0,0.0,0.0,0.0,0.0,0.0,0.0,0.0,0.0,0.0,1.000010000100001e-05,0.0,0.0,0.0,0.0,3.000024000192002e-06,6.000060000600006e-06,5.000040000320002e-06,1.0000060000360005e-06,2.000016000128001e-06,6.188208390129088e-06,6.875084219562546e-06,2.751680092663922e-06,4.811668671908823e-06,6.188004937120333e-06
Chytridiomycota,0.0,0.0,0.0,0.0,0.0,0.0,0.0,0.0,0.0,0.0,0.0,2e-05,2e-05,1e-05,3.0000300003000036e-05,1.800014400115201e-05,1.2000120001200012e-05,1.6000128001024008e-05,9.000054000324005e-06,1.2000096000768006e-05,6.8757871001434295e-06,1.1687643173256328e-05,1.1006720370655684e-05,1.3747624776882352e-05,1.4438678186614112e-05
Ciliophora,0.0,0.0,0.0,0.0,0.001,0.0004,0.0,0.0,0.0,0.0,8.000080000800008e-05,0.00011,5e-05,0.00012,6.000060000600006e-05,0.00014400115200921608,0.0001060010600106001,0.00010800086400691206,0.00010500063000378004,0.00010900087200697606,0.00013339026974278255,0.00012031397384234456,9.837256331273519e-05,9.554599219933235e-05,9.350763016092948e-05
Cnidaria,0.0,0.0,0.0,0.0,0.001,0.0,0.0,0.0002,0.0002,0.0,8.000080000800008e-05,8e-05,0.00015000000000000001,0.0001,6.000060000600006e-05,8.800070400563204e-05,0.00010800108001080011,0.00011000088000704006,9.600057600345603e-05,8.700069600556804e-05,9.626101940200803e-05,9.968872118365691e-05,0.00010387592349806303,0.0001017324233489294,8.663206911968466e-05
Coprothermobacterota,0.0,0.0,0.0,0.0,0.0,0.0,0.0,0.0,0.0,0.0,0.0,0.0,0.0,0.0,0.0,0.0,0.0,0.0,0.0,0.0,0.0,0.0,0.0,0.0,0.0
Cossaviricota,0.0,0.0,0.0,0.0,0.0,0.0,0.0,0.0,0.0,0.0,0.0,0.0,0.0,0.0,0.0,0.0,0.0,0.0,0.0,0.0,0.0,0.0,0.0,1.3747624776882351e-06,0.0
Cressdnaviricota,0.0,0.0,0.0,0.0,0.0,0.0,0.0,0.0,0.0,0.0,0.0,0.0,0.0,0.0,0.0,0.0,1.000010000100001e-06,0.0,3.0000180001080015e-06,1.0000080000640005e-06,0.0,6.875084219562546e-07,2.063760069497941e-06,6.873812388441177e-07,1.3751122082489629e-06
Cryptomycota,0.0,0.0,0.0,0.0,0.0,0.0,0.0,0.0,0.0,0.0,0.0,0.0,0.0,0.0,0.0,1.0000080000640005e-06,1.000010000100001e-06,0.0,0.0,1.0000080000640005e-06,6.87578710014343e-07,2.062525265868764e-06,6.879200231659802e-07,0.0,0.0
Ctenophora,0.0,0.0,0.0,0.0,0.0,0.0,0.0,0.0,0.0,0.0,0.0,0.0,0.0,0.0,0.0,0.0,0.0,0.0,0.0,0.0,0.0,0.0,0.0,0.0,0.0
Cyanobacteriota,0.004,0.0,0.0,0.001,0.0,0.0018000000000000002,0.0011,0.0005,0.0022,0.0009,0.001230012300123001,0.0009400000000000001,0.00127,0.00108,0.0012000120001200009,0.0011860094880757964,0.0011510115101151007,0.0011900095200760884,0.0011560069360415522,0.0011840094720756604,0.0012348913631856587,0.0011605142162620429,0.00119766876033189,0.0011932938306332852,0.0012396636557362977
Deferribacterota,0.0,0.0,0.0,0.0,0.0,0.0,0.0001,0.0,0.0,0.0,0.0,0.0,0.0,0.0,0.0,5.000040000320003e-06,7.000070000700006e-06,8.000064000512004e-06,1.4000084000504005e-05,1.0000080000640006e-05,1.168883807024383e-05,9.625117907387567e-06,6.191280208493823e-06,8.93595610497353e-06,7.563117145369297e-06
Deinococcota,0.0,0.0,0.0,0.0,0.0,0.0,0.0001,0.0,0.0001,0.0001,9.000090000900009e-05,0.00011,6e-05,0.00011,6.000060000600006e-05,9.500076000608005e-05,7.100071000710006e-05,8.700069600556804e-05,8.500051000306003e-05,8.200065600524804e-05,8.732249617182157e-05,9.900121276170067e-05,8.04866427104197e-05,7.629931751169705e-05,9.144496184855604e-05
Dictyoglomota,0.0,0.0,0.0,0.0,0.0,0.0,0.0,0.0,0.0,0.0,0.0,0.0,0.0,0.0,0.0,0.0,1.000010000100001e-06,1.0000080000640005e-06,1.0000060000360005e-06,0.0,4.125472260086058e-06,0.0,1.3758400463319605e-06,2.062143716532353e-06,1.375112208248963e-06
Discosea,0.0,0.0,0.0,0.0,0.0,0.0,0.0,0.0,0.0,0.0,0.0,0.0,2e-05,2e-05,0.0,7.000056000448003e-06,2.000020000200002e-06,1.2000096000768006e-05,5.000030000180001e-06,1.0000080000640005e-06,4.125472260086058e-06,8.250101063475055e-06,8.942960301157744e-06,6.186431149597057e-06,8.250673249493778e-06
Duplornaviricota,0.0,0.0,0.0,0.0,0.0,0.0,0.0,0.0,0.0,0.0,0.0,0.0,0.0,0.0,0.0,0.0,0.0,0.0,0.0,0.0,0.0,0.0,0.0,0.0,0.0
Elusimicrobiota,0.0,0.0,0.0,0.0,0.0,0.0,0.0,0.0,0.0,0.0,0.0,0.0,1e-05,0.0,0.0,2.000016000128001e-06,2.000020000200002e-06,7.000056000448003e-06,5.000030000180003e-06,4.000032000256002e-06,6.87578710014343e-07,3.437542109781273e-06,5.503360185327844e-06,6.873812388441177e-07,1.375112208248963e-06
Endomyxa,0.0,0.0,0.0,0.0,0.0,0.0,0.0,0.0,0.0,0.0,0.0,0.0,0.0,0.0,0.0,0.0,0.0,2.000016000128001e-06,0.0,1.0000080000640005e-06,0.0,2.062525265868764e-06,1.3758400463319605e-06,2.062143716532353e-06,6.875561041244814e-07
Entoprocta,0.0,0.0,0.0,0.0,0.0,0.0,0.0,0.0,0.0,0.0,0.0,0.0,0.0,0.0,0.0,0.0,0.0,0.0,0.0,1.0000080000640005e-06,0.0,0.0,0.0,0.0,0.0
Euglenozoa,0.0,0.0,0.0,0.0,0.0,0.0004,0.0,0.0004,0.0006000000000000001,0.0002,0.00015000150001500003,9e-05,0.00018,0.00014000000000000001,0.00017000170001700015,0.00019300154401228405,0.00018700187001870018,0.0002250018000144001,0.00019200115200691207,0.00020900167201329603,0.0001987102471941359,0.00018493976550622553,0.0001905538464169455,0.00018765507820444412,0.0001787645870722664
Evosea,0.0,0.0,0.0,0.0,0.0,0.0,0.0,0.0001,0.0,0.0,2.000020000200002e-05,1e-05,5e-05,2e-05,0.0,1.4000112000896006e-05,1.3000130001300012e-05,2.2000176001408014e-05,2.1000126000756008e-05,2.300018400147201e-05,2.750314840057372e-05,1.9250235814775127e-05,1.5134240509651567e-05,2.543310583723235e-05,2.0626683123734445e-05
Fibrobacterota,0.0,0.0,0.0,0.0,0.0,0.0,0.0001,0.0,0.0,0.0,0.0,0.0,0.0,1e-05,0.0,3.000024000192002e-06,3.0000300003000026e-06,4.000032000256002e-06,1.0000060000360005e-06,3.0000240001920015e-06,3.4378935500717147e-06,4.125050531737528e-06,7.567120254825783e-06,2.7495249553764707e-06,5.500448832995852e-06
Fidelibacterota,0.0,0.0,0.0,0.0,0.0,0.0,0.0,0.0,0.0,0.0,1.000010000100001e-05,0.0,1e-05,1e-05,2.000020000200002e-05,2.000016000128001e-06,6.000060000600006e-06,3.000024000192002e-06,2.000012000072001e-06,1.0000080000640005e-06,6.87578710014343e-06,2.7500336878250184e-06,5.503360185327843e-06,4.811668671908823e-06,2.0626683123734445e-06
Foraminifera,0.0,0.0,0.0,0.0,0.0,0.0,0.0,0.0,0.0,0.0001,2.000020000200002e-05,0.0,2e-05,0.0,0.0,2.000016000128001e-06,3.0000300003000026e-06,0.0,3.0000180001080015e-06,1.0000080000640005e-06,4.125472260086058e-06,2.7500336878250184e-06,2.0637600694979405e-06,4.8116686719088236e-06,2.062668312373444e-06
Fornicata,0.0,0.0,0.0,0.0,0.0,0.0,0.0,0.0,0.0,0.0,0.0,0.0,0.0,0.0,0.0,1.0000080000640005e-06,0.0,0.0,1.0000060000360005e-06,1.0000080000640005e-06,0.0,0.0,0.0,6.873812388441177e-07,0.0
Fusobacteriota,0.0,0.0,0.0,0.0,0.0,0.0001,0.0001,0.00030000000000000003,0.0001,0.0001,9.00009000090001e-05,4e-05,5e-05,6.000000000000001e-05,6.000060000600006e-05,6.200049600396803e-05,5.200052000520005e-05,5.700045600364803e-05,6.300037800226802e-05,5.600044800358403e-05,5.019324583104704e-05,6.325077481997542e-05,5.9161121992274306e-05,6.186431149597058e-05,6.188004937120333e-05
Gastrotricha,0.0,0.0,0.0,0.0,0.0,0.0,0.0,0.0,0.0,0.0,0.0,0.0,0.0,0.0,0.0,1.0000080000640005e-06,0.0,0.0,0.0,0.0,0.0,0.0,0.0,0.0,0.0
Gemmatimonadota,0.0,0.001,0.0,0.001,0.0,0.0002,0.0,0.0001,0.00039999999999999996,0.0,0.00011000110001100013,8e-05,8e-05,0.00013000000000000002,0.00016000160001600016,0.00011700093600748805,0.0001110011100111001,0.00013800110400883207,0.00013300079800478804,0.00012500100000800005,0.00011826353812246701,0.00013131410859364463,0.00013964776470269403,0.00013610148529113528,0.00012513521095065564
Gnathostomulida,0.0,0.0,0.0,0.0,0.0,0.0,0.0,0.0,0.0,0.0,0.0,0.0,0.0,0.0,0.0,0.0,0.0,0.0,0.0,0.0,0.0,0.0,0.0,0.0,0.0
Haptophyta,0.0,0.0,0.0,0.0,0.0,0.0001,0.0,0.0,0.0002,0.0,4.0000400004000046e-05,7.000000000000001e-05,1e-05,2e-05,2.000020000200002e-05,3.1000248001984015e-05,3.700037000370003e-05,4.500036000288003e-05,4.900029400176401e-05,4.2000336002688025e-05,4.2629880020889264e-05,4.056299689541903e-05,3.5083921181465e-05,3.4369061942205884e-05,3.850314183097096e-05
Heterolobosea,0.0,0.0,0.0,0.0,0.0,0.0001,0.0,0.0,0.0,0.0,2.000020000200002e-05,0.0,1e-05,3.0000000000000004e-05,1.000010000100001e-05,6.000048000384003e-06,1.6000160001600015e-05,9.000072000576005e-06,8.000048000288004e-06,1.2000096000768004e-05,6.87578710014343e-06,1.1687643173256331e-05,1.1694640393821666e-05,4.8116686719088236e-06,2.062668312373444e-06
Hofneiviricota,0.0,0.0,0.0,0.0,0.0,0.0,0.0,0.0,0.0,0.0,0.0,0.0,0.0,0.0,0.0,0.0,0.0,0.0,0.0,2.000016000128001e-06,2.062736130043029e-06,0.0,6.879200231659802e-07,6.873812388441177e-07,6.875561041244814e-07
Ignavibacteriota,0.0,0.0,0.0,0.0,0.0,0.0,0.0,0.0,0.0002,0.0,2.000020000200002e-05,2e-05,4e-05,2e-05,0.0,3.400027200217602e-05,3.300033000330003e-05,3.600028800230401e-05,2.2000132000792007e-05,3.000024000192001e-05,2.269009743047332e-05,4.056299689541902e-05,3.6459761227796954e-05,3.3681680703361765e-05,3.437780520622407e-05
Kiritimatiellota,0.0,0.0,0.0,0.0,0.0,0.0,0.0001,0.0001,0.0,0.0,3.000030000300003e-05,1e-05,2e-05,4e-05,5.0000500005000046e-05,1.700013600108801e-05,2.100021000210002e-05,2.5000200001600013e-05,2.5000150000900005e-05,2.4000192001536012e-05,3.437893550071715e-05,2.062525265868764e-05,2.9580560996137156e-05,2.405834335954412e-05,2.6127131956730294e-05
Lentisphaerota,0.0,0.0,0.0,0.0,0.0,0.0,0.0,0.0,0.0,0.0,2.000020000200002e-05,0.0,1e-05,0.0,1.000010000100001e-05,1.9000152001216007e-05,1.4000140001400013e-05,1.5000120000960007e-05,1.7000102000612004e-05,1.5000120000960009e-05,2.062736130043029e-05,1.925023581477513e-05,2.407720081080931e-05,1.7871912209947057e-05,1.443867818661411e-05
Methanobacteriota,0.0,0.0,0.001,0.0,0.0,0.0005,0.0,0.0,0.0,0.0001,0.00011000110001100011,0.0001,0.00012000000000000002,6.000000000000001e-05,0.00010000100001000009,0.00010100080800646405,9.700097000970009e-05,0.00010700085600684806,0.00010800064800388805,0.00010000080000640005,9.969891295207973e-05,0.000110688855934957,9.011752303474342e-05,0.00011754219184234411,0.00011275920107641497
Microsporidia,0.0,0.0,0.0,0.0,0.0,0.0,0.0,0.0,0.0,0.0,0.0,0.0,0.0,0.0,1.000010000100001e-05,1.0000080000640005e-06,6.000060000600006e-06,1.0000080000640005e-06,1.0000060000360005e-06,1.0000080000640005e-06,2.062736130043029e-06,0.0,6.879200231659802e-07,2.7495249553764707e-06,1.3751122082489629e-06
Mollusca,0.001,0.002,0.0,0.001,0.003,0.0006,0.001,0.0002,0.0007,0.0011,0.0007500075000750003,0.00074,0.00067,0.0008100000000000001,0.0007700077000770005,0.0007220057760461201,0.0007720077200772004,0.0007950063600508602,0.0008220049320295041,0.0008200065600524402,0.0008216565584670181,0.000693008489331871,0.0007856046664553985,0.0008076729556417442,0.0007398103680378454
Mucoromycota,0.0,0.0,0.0,0.0,0.0,0.0,0.0,0.0001,0.0001,0.0,1.000010000100001e-05,3.0000000000000004e-05,6e-05,1e-05,2.000020000200002e-05,3.300026400211202e-05,3.700037000370003e-05,4.600036800294403e-05,3.1000186001116013e-05,2.7000216001728015e-05,3.850440776080321e-05,4.1938013739331535e-05,3.233224108880107e-05,3.3681680703361765e-05,2.6814688060854777e-05
Mycoplasmatota,0.0,0.0,0.0,0.0,0.0,0.0001,0.0,0.0001,0.0001,0.0,9.000090000900009e-05,7.000000000000001e-05,6.000000000000001e-05,0.00011,9.000090000900009e-05,7.900063200505605e-05,8.600086000860008e-05,6.300050400403203e-05,7.700046200277203e-05,6.800054400435204e-05,7.494607939156339e-05,6.118824955410667e-05,7.360744247875989e-05,6.66759801678794e-05,6.531782989182574e-05
Myxococcota,0.001,0.004,0.001,0.002,0.0,0.001,0.0011,0.0009,0.0012000000000000001,0.0006,0.0012600126001260004,0.00119,0.00134,0.00107,0.0013700137001370005,0.0013340106720852883,0.0013010130101301005,0.0013080104640836,0.0013790082740495482,0.0012490099920798201,0.0013861586793888605,0.0012691405469310649,0.0011969808403086953,0.001325958409730191,0.0012444765484652448
Nanobdellota,0.0,0.0,0.0,0.0,0.0,0.0,0.0,0.0,0.0,0.0,0.0,0.0,0.0,0.0,0.0,0.0,0.0,0.0,0.0,0.0,0.0,0.0,0.0,0.0,0.0
Nebulidia,0.0,0.0,0.0,0.0,0.0,0.0,0.0,0.0,0.0,0.0,0.0,0.0,0.0,0.0,0.0,0.0,2.000020000200002e-06,0.0,1.0000060000360005e-06,0.0,6.87578710014343e-07,0.0,0.0,6.873812388441177e-07,0.0
Negarnaviricota,0.0,0.0,0.0,0.0,0.0,0.0,0.0,0.0,0.0,0.0,0.0,0.0,0.0,0.0,0.0,0.0,0.0,0.0,0.0,0.0,6.87578710014343e-07,0.0,6.879200231659802e-07,6.873812388441177e-07,0.0
Nematoda,0.0,0.0,0.0,0.0,0.0,0.0001,0.0,0.0,0.0001,0.0,2.000020000200002e-05,6e-05,7.000000000000001e-05,4e-05,3.000030000300003e-05,4.500036000288002e-05,3.700037000370004e-05,3.400027200217602e-05,6.300037800226802e-05,5.100040800326403e-05,5.0880824541061385e-05,5.431316533454412e-05,6.122488206177225e-05,5.361573662984117e-05,4.881648339283819e-05
Nematomorpha,0.0,0.0,0.0,0.0,0.0,0.0,0.0,0.0,0.0,0.0,1.000010000100001e-05,0.0,0.0,1e-05,0.0,8.000064000512004e-06,7.000070000700008e-06,6.000048000384003e-06,8.000048000288002e-06,5.000040000320002e-06,6.87578710014343e-06,4.125050531737528e-06,3.439600115829901e-06,2.062143716532353e-06,3.437780520622407e-06
Nemertea,0.0,0.0,0.0,0.0,0.0,0.0,0.0,0.0,0.0,0.0,1.000010000100001e-05,0.0,0.0,1e-05,1.000010000100001e-05,5.000040000320003e-06,5.000050000500004e-06,8.000064000512004e-06,1.000006000036e-05,4.000032000256002e-06,7.563365810157775e-06,8.93760948543131e-06,1.3758400463319606e-05,4.811668671908823e-06,2.750224416497926e-06
Nitrososphaerota,0.0,0.0,0.0,0.0,0.0,0.0005,0.0004,0.0002,0.0002,0.00030000000000000003,0.00037000370003700025,0.00032,0.00039,0.00052,0.00036000360003600023,0.0004490035920287362,0.0004760047600476005,0.0003760030080240642,0.0003930023580141481,0.0004310034480275842,0.0004613653144195069,0.00040562996895419023,0.0004299500144787377,0.0004241142243668206,0.00041115855026643995
Nitrospinota,0.0,0.0,0.0,0.0,0.0,0.0,0.0,0.0,0.0,0.0,2.000020000200002e-05,6e-05,2e-05,3.0000000000000004e-05,1.000010000100001e-05,1.3000104000832007e-05,1.9000190001900018e-05,1.800014400115201e-05,2.1000126000756008e-05,1.1000088000704005e-05,2.2002518720458975e-05,2.2687777924556405e-05,3.370808113513304e-05,1.7871912209947057e-05,1.7188902603112035e-05
Nitrospirota,0.0,0.0,0.0,0.002,0.0,0.0007,0.00030000000000000003,0.0001,0.0005,0.0006000000000000001,0.0003100031000310001,0.00037000000000000005,0.00032,0.00018,0.00024000240002400007,0.000304002432019424,0.00027300273002730006,0.00029100232801860805,0.00028500171001018,0.00030500244001947606,0.00028328242852584864,0.0002426904729505254,0.0002634733688725197,0.00024333295855078236,0.0002798353343785809
Nucleocytoviricota,0.0,0.0,0.0,0.0,0.0,0.0001,0.00030000000000000003,0.0,0.0,0.0001,5.0000500005000046e-05,6.000000000000001e-05,9e-05,4e-05,0.00014000140001400014,8.400067200537604e-05,6.700067000670007e-05,7.700061600492804e-05,7.300043800262802e-05,5.400043200345603e-05,6.87578710014343e-05,6.53133000858442e-05,8.599000289574755e-05,7.286241131747647e-05,7.08182787248216e-05
Olpidiomycota,0.0,0.0,0.0,0.0,0.0,0.0,0.0,0.0,0.0,0.0,0.0,0.0,0.0,0.0,0.0,1.0000080000640005e-06,0.0,0.0,0.0,0.0,0.0,0.0,0.0,0.0,0.0
Onychophora,0.0,0.0,0.0,0.0,0.0,0.0,0.0,0.0,0.0,0.0,0.0,0.0,0.0,0.0,0.0,0.0,0.0,0.0,0.0,0.0,0.0,0.0,6.879200231659802e-07,0.0,0.0
Oomycota,0.0,0.0,0.0,0.0,0.0,0.0001,0.0002,0.0002,0.0001,0.0001,0.00014000140001400014,0.0001,0.00016,0.0001,0.00015000150001500016,0.00012000096000768006,0.00012200122001220012,0.00012800102400819206,0.00012700076200457204,0.00010600084800678406,7.769639423162076e-05,0.00017325212233297617,0.00011625848391505067,0.00010860623573737058,0.00012513521095065564
Orthonectida,0.0,0.0,0.0,0.0,0.0,0.0,0.0,0.0,0.0,0.0,0.0,0.0,0.0,0.0,0.0,0.0,0.0,0.0,0.0,0.0,0.0,0.0,0.0,0.0,0.0
Parabasalia,0.0,0.0,0.0,0.0,0.0,0.0,0.0,0.0,0.0,0.0,2.000020000200002e-05,0.0,0.0,0.0,0.0,0.0,1.000010000100001e-06,0.0,1.0000060000360005e-06,3.000024000192002e-06,1.375157420028686e-06,6.875084219562546e-07,6.879200231659802e-07,6.873812388441177e-07,0.0
Peploviricota,0.0,0.0,0.0,0.0,0.0,0.0,0.0,0.0,0.0,0.0,0.0,0.0,0.0,0.0,0.0,2.000016000128001e-06,2.000020000200002e-06,0.0,3.0000180001080015e-06,1.0000080000640005e-06,2.750314840057372e-06,1.3750168439125092e-06,6.879200231659802e-07,0.0,0.0
Perkinsozoa,0.0,0.0,0.0,0.0,0.0,0.0,0.0,0.0,0.0,0.0,0.0,1e-05,0.0,0.0,0.0,2.000016000128001e-06,2.000020000200002e-06,2.000016000128001e-06,0.0,1.0000080000640005e-06,6.87578710014343e-07,6.875084219562546e-07,3.439600115829901e-06,2.7495249553764707e-06,6.875561041244814e-07
Phixviricota,0.0,0.0,0.0,0.0,0.0,0.0,0.0,0.0,0.0,0.0,0.0,0.0,0.0,0.0,0.0,5.000040000320002e-06,1.000010000100001e-06,5.000040000320002e-06,3.0000180001080015e-06,1.0000080000640005e-06,1.375157420028686e-06,6.875084219562546e-07,2.063760069497941e-06,6.873812388441177e-07,1.3751122082489629e-06
Phoronida,0.0,0.0,0.0,0.0,0.0,0.0,0.0,0.0,0.0,0.0,0.0,0.0,2e-05,0.0,0.0,1.2000096000768008e-05,3.0000300003000026e-06,0.0,2.000012000072001e-06,0.0,2.750314840057372e-06,0.0,2.063760069497941e-06,2.062143716532353e-06,3.4377805206224074e-06
Picozoa,0.0,0.0,0.0,0.0,0.0,0.0,0.0,0.0,0.0,0.0,0.0,0.0,1e-05,0.0,0.0,1.0000080000640005e-06,0.0,0.0,6.0000360002160005e-06,0.0,0.0,0.0,0.0,0.0,0.0
Pisuviricota,0.0,0.0,0.0,0.0,0.0,0.0,0.0,0.0,0.0,0.0,0.0,0.0,0.0,0.0,0.0,1.0000080000640005e-06,0.0,1.0000080000640005e-06,0.0,0.0,0.0,0.0,6.879200231659802e-07,0.0,0.0
Placozoa,0.0,0.0,0.0,0.0,0.0,0.0,0.0,0.0,0.0,0.0,0.0,1e-05,0.0,0.0,3.0000300003000036e-05,3.000024000192002e-06,4.000040000400004e-06,1.2000096000768006e-05,5.00003000018e-06,9.000072000576005e-06,7.563365810157775e-06,6.187575797606292e-06,6.191280208493823e-06,4.124287433064706e-06,8.250673249493778e-06
Planctomycetota,0.0,0.001,0.001,0.0,0.002,0.002,0.0014,0.0015,0.0014,0.0016,0.0017400174001740015,0.0016200000000000001,0.00204,0.00174,0.0016500165001650017,0.0016570132561060488,0.0017080170801708017,0.0016530132241057928,0.0015840095040570244,0.0016420131361050887,0.001734073506656173,0.001595707047360467,0.0016056053340693982,0.001689583085078841,0.0016088812836512866
Platyhelminthes,0.0,0.0,0.0,0.0,0.0,0.0,0.0001,0.0,0.0,0.0,7.000070000700007e-05,3.0000000000000004e-05,2e-05,7.000000000000001e-05,4.000040000400004e-05,5.600044800358403e-05,5.0000500005000046e-05,3.9000312002496016e-05,4.800028800172802e-05,2.7000216001728015e-05,6.669513487139127e-05,5.843821586628164e-05,4.471480150578872e-05,6.048954901828235e-05,6.738049820419919e-05
Porifera,0.0,0.0,0.0,0.0,0.0,0.0,0.0001,0.0,0.0,0.0,4.000040000400004e-05,0.0,1e-05,3.0000000000000004e-05,4.000040000400004e-05,2.0000160001280012e-05,2.3000230002300022e-05,2.9000232001856013e-05,2.1000126000756004e-05,1.3000104000832007e-05,2.0627361300430293e-05,2.26877779245564e-05,2.201344074131137e-05,3.2994299464517646e-05,2.337690754023237e-05
Prasinodermophyta,0.0,0.0,0.0,0.0,0.0,0.0,0.0,0.0,0.0,0.0,0.0,0.0,0.0,0.0,0.0,0.0,0.0,0.0,0.0,0.0,0.0,0.0,0.0,0.0,1.375112208248963e-06
Preaxostyla,0.0,0.0,0.0,0.0,0.0,0.0,0.0,0.0,0.0,0.0,0.0,0.0,0.0,0.0,0.0,0.0,0.0,1.0000080000640005e-06,1.0000060000360005e-06,0.0,6.87578710014343e-07,0.0,0.0,6.873812388441177e-07,0.0
Preplasmiviricota,0.0,0.0,0.0,0.0,0.0,0.0,0.0,0.0,0.0,0.0,2.000020000200002e-05,0.0,0.0,0.0,0.0,3.0000240001920015e-06,2.000020000200002e-06,0.0,0.0,0.0,4.125472260086058e-06,1.3750168439125092e-06,2.7516800926639214e-06,6.873812388441177e-07,1.375112208248963e-06
Priapulida,0.0,0.0,0.0,0.0,0.0,0.0,0.0,0.0,0.0,0.0,0.0,3e-05,1e-05,1e-05,0.0,2.000016000128001e-06,3.000030000300003e-06,4.000032000256002e-06,1.0000060000360005e-06,3.000024000192002e-06,1.375157420028686e-06,2.062525265868764e-06,4.815440162161862e-06,5.499049910752941e-06,4.125336624746889e-06
Promethearchaeota,0.0,0.0,0.0,0.0,0.0,0.0,0.0,0.0,0.0,0.0,0.0,0.0,0.0,0.0,0.0,2.000016000128001e-06,3.0000300003000026e-06,1.0000080000640005e-06,0.0,1.0000080000640005e-06,2.062736130043029e-06,6.875084219562546e-07,2.751680092663921e-06,4.124287433064706e-06,2.0626683123734445e-06
Pseudomonadota,0.184,0.20800000000000002,0.202,0.214,0.21,0.209,0.207,0.2102,0.1964,0.2046,0.20513205132051304,0.20438,0.20466,0.20176,0.20689206892068904,0.2105536844294643,0.20997609976099746,0.21076968615747793,0.21129226775359491,0.2096326770614047,0.21351106650590143,0.21356967872174493,0.21325245550134958,0.21392403962809925,0.2134902956672642
Rhodophyta,0.0,0.0,0.0,0.0,0.0,0.0002,0.0001,0.0,0.0002,0.0,0.00014000140001400014,6.000000000000001e-05,9e-05,8e-05,9.000090000900009e-05,8.900071200569604e-05,5.500055000550005e-05,8.400067200537604e-05,7.500045000270004e-05,9.500076000608005e-05,7.769639423162076e-05,8.318851905670681e-05,7.979872268725372e-05,8.867217981089117e-05,7.4256059245444e-05
Rhodothermota,0.0,0.0,0.0,0.001,0.0,0.00030000000000000003,0.0,0.0,0.0001,0.0001,0.00017000170001700018,0.00018,0.00017,0.00012,0.0002000020000200002,0.00014800118400947206,0.00016300163001630016,0.00013900111200889606,0.00015600093600561606,0.00013400107200857607,0.0001437039503929977,0.00015056434440841976,0.00015065448507334972,0.0001450374413961088,0.00016157568446925315
Rotifera,0.0,0.0,0.0,0.0,0.0,0.0,0.0,0.0,0.0,0.0001,1.000010000100001e-05,3.0000000000000004e-05,0.0,0.0,4.000040000400004e-05,2.6000208001664014e-05,3.4000340003400034e-05,2.8000224001792012e-05,1.900011400068401e-05,1.900015200121601e-05,3.712925034077452e-05,2.7500336878250187e-05,2.545304085714127e-05,1.8559293448791176e-05,2.268935143610789e-05
Spirochaetota,0.0,0.0,0.0,0.0,0.0,0.0,0.0,0.0,0.0002,0.0001,0.00014000140001400014,4e-05,4e-05,9e-05,0.0001000010000100001,5.700045600364803e-05,4.6000460004600045e-05,6.700053600428803e-05,5.100030600183602e-05,5.600044800358403e-05,5.294356067110441e-05,4.881309795889408e-05,6.328864213127019e-05,5.842740530175e-05,5.4316932225834036e-05
Streptophyta,0.002,0.0,0.002,0.001,0.001,0.0011,0.0011,0.0005,0.0006000000000000001,0.0005,0.0006100061000610006,0.00072,0.0007800000000000001,0.0006100000000000001,0.0005000050000500005,0.0007330058640469124,0.0006140061400614006,0.0006860054880439044,0.0006440038640231843,0.0006240049920399364,0.0006710768209739988,0.0006655081524536545,0.0007044301037219639,0.0006825695701722088,0.000689618772436855
Synergistota,0.0,0.0,0.0,0.0,0.0,0.0,0.0,0.0,0.0,0.0,0.0,1e-05,0.0,0.0,0.0,2.000016000128001e-06,4.000040000400004e-06,7.000056000448003e-06,2.000012000072001e-06,6.000048000384004e-06,7.563365810157772e-06,6.187575797606291e-06,2.751680092663921e-06,8.935956104973529e-06,4.812892728871371e-06
Tardigrada,0.0,0.0,0.0,0.0,0.0,0.0,0.0,0.0,0.0,0.0,0.0,0.0,0.0,0.0,0.0,4.000032000256002e-06,3.000030000300003e-06,2.000016000128001e-06,1.0000060000360005e-06,2.000016000128001e-06,2.750314840057372e-06,2.062525265868764e-06,1.3758400463319605e-06,1.3747624776882351e-06,0.0
Thermodesulfobacteriota,0.003,0.0,0.001,0.0,0.001,0.0022,0.0018,0.0029000000000000002,0.003,0.0016,0.0020600206002060004,0.00253,0.00223,0.0022900000000000004,0.0021200212002120008,0.0022410179281433726,0.002372023720237201,0.0021720173761389087,0.0023030138180828125,0.0023340186721493004,0.0023707713921293136,0.0022914655703801063,0.0022742635965866745,0.002305476675083141,0.0022077426503435806
Thermodesulfobiota,0.0,0.0,0.0,0.0,0.0,0.0,0.0,0.0,0.0,0.0,0.0,1e-05,0.0,0.0,0.0,2.000016000128001e-06,2.000020000200002e-06,0.0,1.0000060000360005e-06,2.000016000128001e-06,2.062736130043029e-06,6.875084219562546e-07,6.879200231659802e-07,1.3747624776882351e-06,6.875561041244814e-07
Thermomicrobiota,0.0,0.0,0.0,0.0,0.0,0.0,0.0,0.0,0.0,0.0,1.000010000100001e-05,1e-05,1e-05,0.0,0.0,3.0000240001920015e-06,3.000030000300003e-06,3.000024000192002e-06,4.000024000144001e-06,6.000048000384002e-06,4.125472260086058e-06,2.062525265868764e-06,3.4396001158299015e-06,4.8116686719088236e-06,7.563117145369296e-06
Thermoplasmatota,0.0,0.0,0.0,0.0,0.0,0.0,0.0,0.0,0.0,0.0,0.0,0.0,3.0000000000000004e-05,0.0,1.000010000100001e-05,1.3000104000832007e-05,1.200012000120001e-05,6.000048000384003e-06,1.0000060000360004e-05,1.6000128001024008e-05,1.1001259360229487e-05,8.937609485431311e-06,2.751680092663921e-06,1.0310718582661764e-05,8.250673249493778e-06
Thermoproteota,0.0,0.0,0.0,0.0,0.0,0.0,0.0,0.0,0.0,0.0,0.0,0.0,0.0,1e-05,1.000010000100001e-05,3.0000240001920015e-06,1.000010000100001e-06,0.0,4.000024000144002e-06,2.000016000128001e-06,2.750314840057372e-06,2.7500336878250184e-06,2.751680092663921e-06,1.3747624776882353e-06,3.4377805206224074e-06
Thermosulfidibacterota,0.0,0.0,0.0,0.0,0.0,0.0,0.0,0.0,0.0,0.0,0.0,0.0,0.0,0.0,0.0,1.0000080000640005e-06,0.0,0.0,2.000012000072001e-06,1.0000080000640005e-06,6.87578710014343e-07,0.0,3.439600115829901e-06,1.3747624776882351e-06,6.875561041244814e-07
Thermotogota,0.0,0.0,0.0,0.0,0.0,0.0,0.0001,0.0,0.0,0.0001,0.0,2e-05,3.0000000000000004e-05,1e-05,0.0,1.1000088000704007e-05,1.3000130001300012e-05,2.200017600140801e-05,1.2000072000432004e-05,1.2000096000768006e-05,1.7877046460372918e-05,2.062525265868764e-05,1.788592060231549e-05,1.443500601572647e-05,1.4438678186614112e-05
Tubulinea,0.0,0.0,0.0,0.0,0.0,0.0,0.0,0.0,0.0,0.0,0.0,0.0,1e-05,0.0,0.0,3.0000240001920015e-06,0.0,0.0,0.0,1.0000080000640005e-06,0.0,6.875084219562546e-07,0.0,0.0,1.375112208248963e-06
Uroviricota,0.0,0.0,0.0,0.001,0.0,0.0004,0.0005,0.0001,0.0004,0.0007,0.0004600046000460003,0.00048,0.00048,0.00037000000000000005,0.0003800038000380004,0.00042200337602691615,0.00040600406004060027,0.00043900351202807617,0.0003650021900131321,0.00037400299202393616,0.00039329502212815277,0.00042350518792497085,0.00043820505475667673,0.00041724041197829705,0.0003829687499972415
Verrucomicrobiota,0.0,0.001,0.001,0.0,0.003,0.0006000000000000001,0.0007999999999999999,0.0015999999999999999,0.0014,0.0009,0.0008600086000860005,0.00087,0.0008100000000000001,0.00088,0.0010200102001020005,0.0009250074000591603,0.0009880098800988007,0.0008860070880565923,0.0008710052260313081,0.0009200073600588483,0.0009632977727299385,0.0009645743160045415,0.000966527632547974,0.0009843299340247529,0.0009426394187544972
Vulcanimicrobiota,0.0,0.0,0.0,0.0,0.0,0.0,0.0,0.0,0.0,0.0,1.000010000100001e-05,0.0,2e-05,0.0,0.0,2.000016000128001e-06,4.000040000400004e-06,2.000016000128001e-06,3.0000180001080015e-06,8.000064000512004e-06,3.4378935500717147e-06,2.7500336878250184e-06,2.063760069497941e-06,3.436906194220588e-06,4.125336624746889e-06
Xenacoelomorpha,0.0,0.0,0.0,0.0,0.0,0.0,0.0,0.0,0.0,0.0,0.0,0.0,0.0,0.0,0.0,0.0,0.0,0.0,2.000012000072001e-06,0.0,0.0,0.0,0.0,0.0,0.0
Zoopagomycota,0.0,0.0,0.0,0.0,0.0,0.0,0.0,0.0,0.0,0.0,0.0,0.0,2e-05,0.0,1.000010000100001e-05,5.000040000320003e-06,3.0000300003000026e-06,6.000048000384004e-06,6.000036000216002e-06,0.0,3.4378935500717147e-06,4.812558953693783e-06,4.815440162161862e-06,4.124287433064706e-06,2.7502244164979258e-06
candidate division CPR1,0.0,0.0,0.0,0.0,0.0,0.0,0.0,0.0,0.0,0.0,0.0,0.0,0.0,0.0,0.0,0.0,0.0,0.0,0.0,0.0,0.0,0.0,0.0,0.0,0.0
candidate division CPR2,0.0,0.0,0.0,0.0,0.0,0.0,0.0,0.0,0.0,0.0,0.0,0.0,0.0,0.0,0.0,0.0,0.0,0.0,0.0,0.0,0.0,0.0,0.0,0.0,0.0
candidate division CPR3,0.0,0.0,0.0,0.0,0.0,0.0,0.0,0.0,0.0,0.0,0.0,0.0,0.0,0.0,0.0,0.0,0.0,0.0,0.0,0.0,0.0,0.0,0.0,0.0,0.0
candidate division CSSED10-310,0.0,0.0,0.0,0.0,0.0,0.0,0.0,0.0,0.0,0.0,0.0,0.0,0.0,0.0,0.0,0.0,0.0,0.0,0.0,0.0,0.0,0.0,0.0,0.0,0.0
candidate division FCPU426,0.0,0.0,0.0,0.0,0.0,0.0,0.0,0.0,0.0,0.0,0.0,0.0,0.0,0.0,0.0,0.0,0.0,0.0,0.0,0.0,0.0,0.0,0.0,0.0,0.0
candidate division KD3-62,0.0,0.0,0.0,0.0,0.0,0.0,0.0,0.0,0.0,0.0,0.0,0.0,0.0,0.0,0.0,0.0,0.0,0.0,0.0,0.0,0.0,0.0,0.0,0.0,0.0
candidate division LCP-89,0.0,0.0,0.0,0.0,0.0,0.0,0.0,0.0,0.0,0.0,0.0,0.0,0.0,0.0,0.0,0.0,0.0,0.0,0.0,0.0,0.0,0.0,0.0,0.0,0.0
candidate division WOR-3,0.0,0.0,0.0,0.0,0.0,0.0,0.0,0.0,0.0001,0.0,0.0,0.0,2e-05,1e-05,0.0,1.4000112000896006e-05,1.7000170001700017e-05,8.000064000512004e-06,1.2000072000432004e-05,1.5000120000960009e-05,6.87578710014343e-06,1.3062660017168838e-05,8.942960301157746e-06,8.248574866129412e-06,6.875561041244815e-06
candidate division WWE3,0.0,0.0,0.0,0.0,0.0,0.0,0.0,0.0,0.0,0.0,0.0,0.0,0.0,0.0,0.0,0.0,0.0,0.0,0.0,0.0,0.0,0.0,0.0,0.0,0.0
