,taxon_id,1K_1-class,1K_2-class,1K_3-class,1K_4-class,1K_5-class,10K_1-class,10K_2-class,10K_3-class,10K_4-class,10K_5-class,100K_1-class,100K_2-class,100K_3-class,100K_4-class,100K_5-class,1M_1-class,1M_2-class,1M_3-class,1M_4-class,1M_5-class,10M_1-class,10M_3-class,10M_4-class,10M_5-class
Gammaproteobacteria,1236.0,137.0,143.0,141.0,143.0,149.0,1428.0,1449.0,1392.0,1374.0,1404.0,14313.0,14247.0,14482.0,14040.0,14526.0,142738.0,142929.0,143374.0,142768.0,142925.0,1427345.0,1429474.0,1427303.0,1427400.0
Alphaproteobacteria,28211.0,70.0,80.0,65.0,73.0,65.0,743.0,752.0,788.0,703.0,755.0,7416.0,7282.0,7298.0,7445.0,7314.0,73629.0,73432.0,73797.0,74012.0,73750.0,737633.0,737942.0,737844.0,738703.0
Flavobacteriia,117743.0,62.0,53.0,45.0,48.0,45.0,616.0,585.0,582.0,607.0,575.0,6235.0,6017.0,5866.0,5955.0,5971.0,60090.0,59637.0,60095.0,59909.0,60065.0,600563.0,600775.0,601586.0,600656.0
Betaproteobacteria,28216.0,10.0,11.0,6.0,14.0,10.0,96.0,93.0,100.0,108.0,102.0,1039.0,1063.0,1052.0,1037.0,1034.0,10412.0,10693.0,10310.0,10352.0,10321.0,104068.0,104018.0,103957.0,104606.0
Deltaproteobacteria,28221.0,9.0,10.0,6.0,6.0,6.0,105.0,86.0,103.0,84.0,85.0,884.0,922.0,861.0,885.0,892.0,8927.0,8964.0,8602.0,8837.0,8861.0,88164.0,88521.0,88388.0,88506.0
Coscinodiscophyceae,33836.0,6.0,9.0,7.0,8.0,7.0,73.0,68.0,63.0,72.0,67.0,646.0,717.0,683.0,698.0,707.0,6907.0,6712.0,6654.0,6609.0,6595.0,66774.0,66798.0,66871.0,66721.0
Saprospiria,1937959.0,6.0,2.0,3.0,1.0,1.0,20.0,21.0,27.0,24.0,26.0,276.0,320.0,281.0,292.0,252.0,2855.0,2830.0,2893.0,2917.0,2785.0,28369.0,28206.0,28100.0,28191.0
Actinomycetia,1760.0,4.0,6.0,5.0,7.0,5.0,42.0,54.0,52.0,43.0,53.0,517.0,529.0,540.0,510.0,560.0,5072.0,5107.0,5194.0,5118.0,5148.0,50483.0,50493.0,50656.0,50541.0
Bacillariophyceae,33849.0,3.0,8.0,12.0,8.0,9.0,72.0,90.0,88.0,98.0,94.0,831.0,819.0,845.0,847.0,830.0,8323.0,8450.0,8435.0,8251.0,8446.0,83976.0,83934.0,83924.0,83877.0
Planctomycetia,203683.0,3.0,4.0,7.0,2.0,4.0,38.0,34.0,23.0,30.0,31.0,333.0,335.0,342.0,344.0,345.0,3504.0,3386.0,3362.0,3391.0,3397.0,34029.0,34030.0,33763.0,33890.0
Trebouxiophyceae,75966.0,2.0,0.0,0.0,0.0,0.0,8.0,4.0,8.0,5.0,2.0,48.0,63.0,53.0,60.0,46.0,507.0,511.0,531.0,526.0,516.0,5191.0,5197.0,5204.0,5191.0
Verrucomicrobiae,203494.0,2.0,3.0,3.0,1.0,7.0,29.0,35.0,30.0,36.0,25.0,259.0,303.0,294.0,332.0,300.0,2992.0,3012.0,2987.0,2958.0,3114.0,30143.0,30190.0,30254.0,30241.0
Gemmatimonadetes,219685.0,2.0,0.0,0.0,0.0,0.0,3.0,1.0,3.0,2.0,2.0,13.0,16.0,11.0,21.0,17.0,154.0,159.0,180.0,167.0,137.0,1559.0,1532.0,1568.0,1590.0
Anaerolineae,292625.0,2.0,1.0,0.0,0.0,1.0,5.0,5.0,1.0,6.0,2.0,26.0,30.0,32.0,31.0,37.0,331.0,313.0,322.0,334.0,348.0,3272.0,3234.0,3264.0,3282.0
Cytophagia,768503.0,2.0,6.0,10.0,6.0,5.0,52.0,54.0,78.0,72.0,52.0,667.0,660.0,675.0,685.0,654.0,6586.0,6667.0,6491.0,6626.0,6476.0,65839.0,65773.0,65583.0,65776.0
Dinophyceae,2864.0,1.0,1.0,1.0,2.0,1.0,3.0,3.0,3.0,0.0,3.0,40.0,39.0,48.0,48.0,35.0,420.0,398.0,396.0,379.0,423.0,4131.0,4046.0,4018.0,4040.0
Pedinophyceae,35422.0,1.0,0.0,0.0,0.0,0.0,0.0,0.0,0.0,0.0,0.0,4.0,1.0,2.0,4.0,1.0,9.0,26.0,20.0,19.0,16.0,167.0,173.0,172.0,149.0
Pelagophyceae,35675.0,1.0,0.0,0.0,0.0,0.0,0.0,0.0,0.0,0.0,0.0,4.0,2.0,2.0,4.0,3.0,44.0,51.0,48.0,56.0,57.0,478.0,493.0,478.0,473.0
Sphingobacteriia,117747.0,1.0,0.0,1.0,1.0,0.0,13.0,9.0,4.0,9.0,14.0,95.0,77.0,91.0,79.0,83.0,843.0,842.0,836.0,837.0,831.0,8681.0,8615.0,8494.0,8648.0
Ktedonobacteria,388447.0,1.0,0.0,1.0,0.0,0.0,0.0,0.0,0.0,0.0,1.0,3.0,1.0,1.0,1.0,2.0,13.0,17.0,8.0,18.0,20.0,173.0,165.0,171.0,172.0
Mamiellophyceae,1035538.0,1.0,4.0,2.0,1.0,0.0,23.0,12.0,23.0,25.0,20.0,192.0,206.0,231.0,196.0,218.0,2105.0,2110.0,2102.0,2095.0,2155.0,21043.0,20983.0,20824.0,20858.0
Nitrospinia,1293498.0,1.0,0.0,0.0,0.0,0.0,0.0,1.0,1.0,0.0,1.0,6.0,8.0,10.0,5.0,7.0,74.0,60.0,63.0,78.0,69.0,653.0,662.0,674.0,657.0
Rhodothermia,1853222.0,1.0,2.0,0.0,2.0,1.0,10.0,9.0,2.0,6.0,5.0,52.0,65.0,64.0,62.0,61.0,613.0,662.0,677.0,658.0,620.0,6383.0,6339.0,6414.0,6394.0
Viruses,10239.0,1.0,0.0,1.0,3.0,0.0,12.0,11.0,11.0,16.0,11.0,97.0,109.0,109.0,106.0,105.0,1082.0,1068.0,1092.0,999.0,982.0,10473.0,10331.0,10449.0,10484.0
cannot be assigned to a (non-viral) class,nan,35.0,40.0,33.0,52.0,29.0,345.0,324.0,371.0,342.0,368.0,3531.0,3562.0,3477.0,3482.0,3473.0,35076.0,34865.0,34536.0,34914.0,34352.0,347719.0,347448.0,346840.0,347765.0
unclassified,nan,636.0,610.0,643.0,610.0,637.0,6136.0,6167.0,6131.0,6230.0,6172.0,61298.0,61450.0,61503.0,61748.0,61378.0,615235.0,615405.0,615179.0,615692.0,615905.0,6155891.0,6153848.0,6156336.0,6154557.0
Bacteroidia,200643.0,0.0,2.0,0.0,2.0,1.0,16.0,14.0,10.0,20.0,11.0,119.0,117.0,117.0,96.0,115.0,1074.0,1122.0,1154.0,1095.0,1177.0,11351.0,11364.0,11398.0,11350.0
Spirotrichea,33829.0,0.0,1.0,0.0,0.0,0.0,3.0,1.0,2.0,0.0,0.0,20.0,22.0,16.0,16.0,10.0,150.0,174.0,196.0,212.0,196.0,1804.0,1757.0,1760.0,1782.0
Bacilli,91061.0,0.0,1.0,1.0,2.0,3.0,6.0,8.0,10.0,11.0,10.0,82.0,96.0,74.0,73.0,76.0,754.0,733.0,729.0,793.0,738.0,7439.0,7260.0,7421.0,7542.0
Atractiellomycetes,432002.0,0.0,1.0,0.0,0.0,0.0,0.0,0.0,0.0,0.0,0.0,0.0,2.0,0.0,0.0,1.0,3.0,3.0,1.0,1.0,1.0,34.0,30.0,33.0,29.0
Mediophyceae,589449.0,0.0,1.0,0.0,0.0,0.0,6.0,3.0,2.0,4.0,4.0,25.0,28.0,24.0,26.0,36.0,261.0,260.0,258.0,257.0,251.0,2553.0,2635.0,2545.0,2578.0
Acidithiobacillia,1807140.0,0.0,1.0,0.0,0.0,0.0,0.0,1.0,1.0,0.0,0.0,5.0,6.0,7.0,5.0,7.0,57.0,69.0,53.0,54.0,77.0,646.0,596.0,620.0,624.0
Bangiophyceae,2797.0,0.0,0.0,2.0,0.0,0.0,0.0,1.0,0.0,0.0,0.0,0.0,2.0,1.0,3.0,3.0,27.0,15.0,16.0,24.0,22.0,259.0,234.0,255.0,252.0
Epsilonproteobacteria,29547.0,0.0,0.0,1.0,1.0,0.0,5.0,5.0,4.0,2.0,2.0,35.0,32.0,34.0,37.0,50.0,328.0,356.0,379.0,373.0,372.0,3563.0,3639.0,3566.0,3581.0
Acidimicrobiia,84992.0,0.0,0.0,1.0,0.0,1.0,18.0,16.0,14.0,9.0,20.0,134.0,132.0,142.0,103.0,126.0,1331.0,1359.0,1364.0,1280.0,1289.0,13429.0,13478.0,13488.0,13376.0
Agaricomycetes,155619.0,0.0,0.0,1.0,1.0,0.0,1.0,2.0,4.0,0.0,0.0,10.0,7.0,13.0,4.0,5.0,99.0,104.0,118.0,101.0,106.0,1002.0,1035.0,989.0,1012.0
Glomeromycetes,214506.0,0.0,0.0,1.0,0.0,0.0,0.0,3.0,0.0,1.0,0.0,12.0,7.0,8.0,12.0,9.0,95.0,84.0,83.0,72.0,84.0,896.0,879.0,905.0,883.0
Oligoflexia,1553900.0,0.0,0.0,1.0,0.0,0.0,4.0,3.0,2.0,0.0,2.0,33.0,26.0,20.0,21.0,31.0,270.0,253.0,247.0,273.0,263.0,2673.0,2697.0,2637.0,2631.0
Chitinophagia,1853228.0,0.0,0.0,0.0,2.0,0.0,8.0,3.0,4.0,2.0,6.0,42.0,41.0,58.0,58.0,34.0,496.0,489.0,534.0,478.0,478.0,4932.0,4956.0,5033.0,4944.0
Chlorobia,191410.0,0.0,0.0,0.0,1.0,0.0,1.0,0.0,1.0,0.0,1.0,2.0,1.0,5.0,5.0,4.0,28.0,34.0,27.0,40.0,32.0,379.0,400.0,397.0,367.0
Nitrospira,203693.0,0.0,0.0,0.0,1.0,1.0,2.0,4.0,4.0,4.0,2.0,25.0,20.0,21.0,23.0,28.0,229.0,244.0,209.0,219.0,237.0,2337.0,2339.0,2332.0,2312.0
Holophagae,533205.0,0.0,0.0,0.0,1.0,0.0,1.0,1.0,0.0,0.0,0.0,2.0,3.0,3.0,6.0,3.0,45.0,55.0,44.0,41.0,47.0,523.0,506.0,528.0,500.0
Elardia,2681632.0,0.0,0.0,0.0,1.0,0.0,0.0,0.0,0.0,0.0,0.0,0.0,0.0,0.0,0.0,0.0,0.0,0.0,0.0,0.0,1.0,4.0,4.0,4.0,6.0
Opitutae,414999.0,0.0,0.0,0.0,0.0,3.0,7.0,11.0,14.0,13.0,16.0,127.0,125.0,128.0,122.0,115.0,1238.0,1294.0,1245.0,1234.0,1294.0,12520.0,12543.0,12642.0,12608.0
Chrysophyceae,2825.0,0.0,0.0,0.0,0.0,1.0,0.0,0.0,0.0,0.0,0.0,1.0,0.0,0.0,1.0,0.0,8.0,15.0,6.0,9.0,14.0,92.0,97.0,100.0,97.0
Fragilariophyceae,33853.0,0.0,0.0,0.0,0.0,1.0,1.0,6.0,3.0,1.0,4.0,27.0,21.0,30.0,23.0,20.0,286.0,269.0,267.0,274.0,241.0,2795.0,2820.0,2717.0,2829.0
Deferribacteres,68337.0,0.0,0.0,0.0,0.0,1.0,1.0,0.0,0.0,0.0,0.0,2.0,0.0,1.0,2.0,0.0,14.0,9.0,14.0,11.0,11.0,130.0,134.0,133.0,134.0
Leotiomycetes,147548.0,0.0,0.0,0.0,0.0,1.0,0.0,1.0,0.0,2.0,1.0,3.0,4.0,4.0,2.0,1.0,32.0,31.0,51.0,41.0,36.0,372.0,372.0,379.0,371.0
Sordariomycetes,147550.0,0.0,0.0,0.0,0.0,1.0,0.0,1.0,1.0,2.0,0.0,13.0,9.0,10.0,17.0,6.0,114.0,120.0,105.0,100.0,111.0,980.0,1030.0,1035.0,1036.0
Clostridia,186801.0,0.0,0.0,0.0,0.0,1.0,7.0,8.0,7.0,4.0,10.0,47.0,52.0,48.0,43.0,51.0,472.0,498.0,485.0,489.0,509.0,4975.0,4986.0,4946.0,4941.0
Thermoflexia,1495646.0,0.0,0.0,0.0,0.0,1.0,1.0,1.0,0.0,0.0,0.0,0.0,2.0,0.0,1.0,0.0,8.0,7.0,10.0,6.0,6.0,87.0,78.0,73.0,87.0
Balneolia,1853221.0,0.0,0.0,0.0,0.0,1.0,0.0,1.0,1.0,0.0,0.0,7.0,21.0,16.0,9.0,5.0,126.0,117.0,128.0,136.0,105.0,1129.0,1108.0,1091.0,1132.0
Hydrogenophilalia,2008785.0,0.0,0.0,0.0,0.0,1.0,0.0,1.0,0.0,0.0,1.0,5.0,6.0,2.0,3.0,1.0,35.0,35.0,30.0,28.0,27.0,344.0,358.0,348.0,358.0
Chlorophyceae,3166.0,0.0,0.0,0.0,0.0,0.0,5.0,1.0,1.0,0.0,2.0,16.0,10.0,11.0,15.0,17.0,182.0,191.0,193.0,190.0,176.0,1786.0,1780.0,1788.0,1713.0
Phycisphaerae,666505.0,0.0,0.0,0.0,0.0,0.0,4.0,6.0,2.0,3.0,2.0,42.0,29.0,45.0,38.0,43.0,350.0,340.0,348.0,333.0,356.0,3592.0,3561.0,3562.0,3574.0
Cryptophyceae,3027.0,0.0,0.0,0.0,0.0,0.0,3.0,2.0,1.0,2.0,0.0,20.0,23.0,19.0,19.0,17.0,209.0,200.0,202.0,197.0,216.0,2202.0,2175.0,2158.0,2161.0
Euglenida,3035.0,0.0,0.0,0.0,0.0,0.0,2.0,0.0,1.0,1.0,1.0,7.0,7.0,7.0,6.0,6.0,69.0,66.0,78.0,67.0,76.0,673.0,672.0,661.0,642.0
Eustigmatophyceae,5747.0,0.0,0.0,0.0,0.0,0.0,2.0,1.0,0.0,1.0,1.0,5.0,9.0,5.0,2.0,7.0,56.0,51.0,67.0,46.0,52.0,549.0,553.0,544.0,557.0
Choanoflagellata,28009.0,0.0,0.0,0.0,0.0,0.0,2.0,0.0,0.0,0.0,1.0,1.0,2.0,4.0,5.0,2.0,46.0,40.0,39.0,40.0,39.0,450.0,438.0,425.0,434.0
Erysipelotrichia,526524.0,0.0,0.0,0.0,0.0,0.0,2.0,0.0,0.0,0.0,0.0,1.0,3.0,1.0,1.0,1.0,23.0,26.0,21.0,30.0,27.0,205.0,192.0,201.0,181.0
Florideophyceae,2806.0,0.0,0.0,0.0,0.0,0.0,1.0,1.0,1.0,0.0,2.0,5.0,3.0,1.0,6.0,7.0,61.0,41.0,42.0,57.0,43.0,474.0,462.0,471.0,485.0
Phaeophyceae,2870.0,0.0,0.0,0.0,0.0,0.0,1.0,3.0,0.0,0.0,0.0,7.0,5.0,8.0,3.0,4.0,35.0,54.0,51.0,47.0,55.0,512.0,504.0,520.0,483.0
Oligohymenophorea,6020.0,0.0,0.0,0.0,0.0,0.0,1.0,1.0,0.0,0.0,0.0,15.0,8.0,7.0,9.0,9.0,93.0,124.0,114.0,100.0,130.0,1062.0,1069.0,1063.0,1031.0
Chloroflexia,32061.0,0.0,0.0,0.0,0.0,0.0,1.0,0.0,0.0,0.0,0.0,1.0,1.0,1.0,2.0,2.0,29.0,35.0,35.0,30.0,42.0,339.0,325.0,364.0,371.0
Ulvophyceae,33103.0,0.0,0.0,0.0,0.0,0.0,1.0,0.0,0.0,0.0,0.0,5.0,2.0,2.0,4.0,2.0,34.0,28.0,33.0,17.0,24.0,285.0,268.0,270.0,278.0
Rubrobacteria,84995.0,0.0,0.0,0.0,0.0,0.0,1.0,0.0,2.0,0.0,1.0,8.0,3.0,11.0,11.0,5.0,78.0,80.0,103.0,84.0,66.0,776.0,792.0,776.0,812.0
Eumycetozoa,142796.0,0.0,0.0,0.0,0.0,0.0,1.0,0.0,0.0,0.0,0.0,7.0,1.0,5.0,1.0,5.0,42.0,33.0,26.0,29.0,30.0,307.0,299.0,302.0,290.0
Dothideomycetes,147541.0,0.0,0.0,0.0,0.0,0.0,1.0,0.0,1.0,1.0,1.0,10.0,7.0,6.0,7.0,10.0,110.0,120.0,116.0,103.0,98.0,973.0,1010.0,990.0,1004.0
Eurotiomycetes,147545.0,0.0,0.0,0.0,0.0,0.0,1.0,0.0,1.0,0.0,1.0,7.0,8.0,3.0,8.0,7.0,62.0,67.0,63.0,48.0,82.0,607.0,622.0,595.0,586.0
Taphrinomycetes,147555.0,0.0,0.0,0.0,0.0,0.0,1.0,0.0,0.0,0.0,0.0,0.0,0.0,0.0,0.0,1.0,3.0,4.0,3.0,5.0,4.0,35.0,33.0,33.0,21.0
Thermotogae,188708.0,0.0,0.0,0.0,0.0,0.0,1.0,0.0,0.0,0.0,0.0,1.0,0.0,0.0,2.0,1.0,13.0,15.0,12.0,15.0,16.0,115.0,116.0,124.0,121.0
Deinococci,188787.0,0.0,0.0,0.0,0.0,0.0,1.0,0.0,1.0,1.0,0.0,6.0,16.0,7.0,9.0,7.0,76.0,64.0,73.0,88.0,61.0,758.0,709.0,732.0,750.0
Fibrobacteria,204430.0,0.0,0.0,0.0,0.0,0.0,1.0,0.0,0.0,0.0,0.0,0.0,1.0,0.0,0.0,0.0,6.0,7.0,9.0,6.0,8.0,59.0,79.0,73.0,74.0
Acidobacteriia,204432.0,0.0,0.0,0.0,0.0,0.0,1.0,0.0,1.0,1.0,1.0,8.0,8.0,7.0,14.0,7.0,91.0,95.0,105.0,87.0,64.0,862.0,887.0,878.0,884.0
Dehalococcoidia,301297.0,0.0,0.0,0.0,0.0,0.0,1.0,0.0,1.0,0.0,1.0,1.0,6.0,6.0,3.0,3.0,31.0,33.0,26.0,31.0,23.0,314.0,329.0,338.0,324.0
Zetaproteobacteria,580370.0,0.0,0.0,0.0,0.0,0.0,1.0,1.0,0.0,0.0,0.0,7.0,6.0,8.0,9.0,4.0,66.0,65.0,75.0,82.0,82.0,672.0,678.0,671.0,701.0
Ignavibacteria,795747.0,0.0,0.0,0.0,0.0,0.0,1.0,1.0,0.0,2.0,0.0,8.0,11.0,10.0,10.0,12.0,101.0,89.0,126.0,97.0,115.0,1000.0,1037.0,1013.0,1042.0
Kiritimatiellae,1921781.0,0.0,0.0,0.0,0.0,0.0,1.0,0.0,0.0,1.0,1.0,7.0,10.0,14.0,9.0,14.0,116.0,101.0,126.0,97.0,121.0,1188.0,1159.0,1168.0,1133.0
Candidatus Thermofonsia,2364196.0,0.0,0.0,0.0,0.0,0.0,1.0,0.0,0.0,0.0,1.0,2.0,2.0,3.0,3.0,5.0,33.0,30.0,37.0,30.0,28.0,333.0,324.0,319.0,307.0
Candidatus Cryosericia,2498706.0,0.0,0.0,0.0,0.0,0.0,1.0,0.0,0.0,0.0,0.0,0.0,0.0,0.0,0.0,0.0,2.0,1.0,1.0,1.0,2.0,6.0,7.0,9.0,9.0
Spirochaetia,203692.0,0.0,0.0,0.0,0.0,0.0,0.0,5.0,1.0,1.0,2.0,25.0,22.0,17.0,21.0,22.0,210.0,207.0,202.0,194.0,191.0,2188.0,2169.0,2164.0,2100.0
Chlamydiia,204429.0,0.0,0.0,0.0,0.0,0.0,0.0,3.0,1.0,3.0,0.0,9.0,8.0,11.0,9.0,10.0,80.0,80.0,83.0,96.0,73.0,795.0,805.0,808.0,804.0
Fusobacteriia,203490.0,0.0,0.0,0.0,0.0,0.0,0.0,2.0,0.0,0.0,0.0,3.0,3.0,5.0,1.0,1.0,33.0,29.0,32.0,31.0,30.0,330.0,324.0,333.0,324.0
Caldilineae,475962.0,0.0,0.0,0.0,0.0,0.0,0.0,2.0,2.0,0.0,1.0,10.0,9.0,3.0,4.0,7.0,61.0,57.0,54.0,54.0,59.0,586.0,577.0,575.0,569.0
Xanthophyceae,2833.0,0.0,0.0,0.0,0.0,0.0,0.0,1.0,1.0,1.0,0.0,7.0,1.0,7.0,2.0,7.0,48.0,39.0,56.0,32.0,50.0,425.0,419.0,447.0,441.0
Saccharomycetes,4891.0,0.0,0.0,0.0,0.0,0.0,0.0,1.0,1.0,0.0,1.0,6.0,9.0,7.0,4.0,5.0,65.0,57.0,62.0,57.0,59.0,611.0,652.0,657.0,648.0
Thermodesulfobacteria,67799.0,0.0,0.0,0.0,0.0,0.0,0.0,1.0,0.0,0.0,0.0,0.0,0.0,1.0,1.0,3.0,21.0,24.0,25.0,23.0,24.0,215.0,212.0,235.0,224.0
Stylonematophyceae,446134.0,0.0,0.0,0.0,0.0,0.0,0.0,1.0,0.0,0.0,0.0,0.0,0.0,0.0,0.0,0.0,2.0,3.0,3.0,1.0,1.0,16.0,16.0,14.0,19.0
Ardenticatenia,1382928.0,0.0,0.0,0.0,0.0,0.0,0.0,1.0,1.0,0.0,0.0,2.0,2.0,0.0,4.0,2.0,29.0,22.0,27.0,27.0,35.0,314.0,299.0,297.0,292.0
Calditrichia,1962850.0,0.0,0.0,0.0,0.0,0.0,0.0,1.0,0.0,0.0,1.0,3.0,6.0,3.0,6.0,3.0,33.0,30.0,22.0,22.0,21.0,259.0,260.0,272.0,252.0
Mortierellomycetes,2212732.0,0.0,0.0,0.0,0.0,0.0,0.0,1.0,0.0,0.0,2.0,2.0,1.0,3.0,0.0,1.0,17.0,21.0,26.0,29.0,32.0,244.0,239.0,228.0,252.0
Zoopagomycetes,2233521.0,0.0,0.0,0.0,0.0,0.0,0.0,1.0,0.0,0.0,0.0,2.0,0.0,0.0,0.0,2.0,9.0,5.0,6.0,5.0,7.0,51.0,60.0,52.0,48.0
Candidatus Brocadiia,2517206.0,0.0,0.0,0.0,0.0,0.0,0.0,1.0,0.0,0.0,1.0,4.0,7.0,2.0,1.0,2.0,40.0,44.0,35.0,47.0,52.0,387.0,409.0,398.0,380.0
Thermoplasmata,183967.0,0.0,0.0,0.0,0.0,0.0,0.0,0.0,2.0,0.0,0.0,3.0,2.0,0.0,4.0,3.0,33.0,44.0,39.0,34.0,31.0,318.0,322.0,337.0,327.0
Thermoleophilia,1497346.0,0.0,0.0,0.0,0.0,0.0,0.0,0.0,2.0,1.0,1.0,6.0,9.0,11.0,19.0,8.0,107.0,116.0,126.0,112.0,117.0,1129.0,1108.0,1128.0,1143.0
Kinetoplastea,5653.0,0.0,0.0,0.0,0.0,0.0,0.0,0.0,1.0,1.0,0.0,4.0,3.0,2.0,2.0,2.0,24.0,40.0,36.0,38.0,34.0,325.0,296.0,310.0,327.0
Mollicutes,31969.0,0.0,0.0,0.0,0.0,0.0,0.0,0.0,1.0,1.0,0.0,4.0,7.0,3.0,3.0,3.0,27.0,30.0,29.0,30.0,24.0,276.0,290.0,263.0,278.0
Methanomicrobia,224756.0,0.0,0.0,0.0,0.0,0.0,0.0,0.0,1.0,0.0,1.0,6.0,4.0,2.0,1.0,6.0,44.0,60.0,59.0,59.0,50.0,546.0,568.0,568.0,593.0
Negativicutes,909932.0,0.0,0.0,0.0,0.0,0.0,0.0,0.0,1.0,0.0,0.0,8.0,5.0,6.0,3.0,6.0,32.0,38.0,49.0,43.0,38.0,424.0,412.0,403.0,396.0
Lentisphaeria,1313211.0,0.0,0.0,0.0,0.0,0.0,0.0,0.0,1.0,0.0,1.0,1.0,5.0,1.0,5.0,1.0,38.0,47.0,35.0,44.0,37.0,412.0,426.0,423.0,429.0
Tissierellia,1737404.0,0.0,0.0,0.0,0.0,0.0,0.0,0.0,1.0,0.0,0.0,2.0,1.0,0.0,1.0,2.0,21.0,22.0,19.0,14.0,29.0,172.0,185.0,186.0,201.0
Mucoromycetes,2212703.0,0.0,0.0,0.0,0.0,0.0,0.0,0.0,1.0,1.0,0.0,4.0,6.0,2.0,3.0,10.0,36.0,35.0,42.0,54.0,35.0,427.0,425.0,414.0,398.0
Pyramimonadophyceae,2704063.0,0.0,0.0,0.0,0.0,0.0,0.0,0.0,1.0,0.0,0.0,2.0,2.0,2.0,0.0,0.0,8.0,17.0,7.0,17.0,12.0,107.0,106.0,109.0,100.0
Chytridiomycetes,451435.0,0.0,0.0,0.0,0.0,0.0,0.0,0.0,0.0,2.0,0.0,8.0,6.0,6.0,12.0,12.0,47.0,71.0,60.0,63.0,77.0,714.0,734.0,701.0,724.0
Nitriliruptoria,908620.0,0.0,0.0,0.0,0.0,0.0,0.0,0.0,0.0,2.0,2.0,2.0,4.0,0.0,5.0,7.0,47.0,44.0,57.0,41.0,43.0,446.0,452.0,464.0,480.0
Ustilaginomycetes,5257.0,0.0,0.0,0.0,0.0,0.0,0.0,0.0,0.0,1.0,0.0,0.0,1.0,0.0,0.0,2.0,4.0,4.0,8.0,4.0,3.0,47.0,44.0,45.0,48.0
Synurophyceae,33859.0,0.0,0.0,0.0,0.0,0.0,0.0,0.0,0.0,1.0,0.0,0.0,1.0,1.0,0.0,0.0,9.0,4.0,4.0,7.0,4.0,50.0,52.0,65.0,59.0
Heterotrichea,194287.0,0.0,0.0,0.0,0.0,0.0,0.0,0.0,0.0,1.0,0.0,2.0,0.0,1.0,1.0,3.0,26.0,22.0,18.0,21.0,21.0,214.0,214.0,218.0,206.0
Exobasidiomycetes,452283.0,0.0,0.0,0.0,0.0,0.0,0.0,0.0,0.0,1.0,0.0,0.0,2.0,2.0,0.0,2.0,10.0,11.0,14.0,9.0,10.0,106.0,106.0,95.0,103.0
Armatimonadia,1042312.0,0.0,0.0,0.0,0.0,0.0,0.0,0.0,0.0,1.0,0.0,0.0,0.0,0.0,0.0,0.0,8.0,12.0,8.0,10.0,14.0,97.0,90.0,93.0,90.0
Candidatus Lambdaproteobacteria,1817794.0,0.0,0.0,0.0,0.0,0.0,0.0,0.0,0.0,1.0,0.0,0.0,0.0,1.0,0.0,2.0,3.0,5.0,3.0,3.0,1.0,36.0,31.0,35.0,31.0
Bigyra,2683628.0,0.0,0.0,0.0,0.0,0.0,0.0,0.0,0.0,1.0,0.0,4.0,5.0,6.0,5.0,7.0,55.0,59.0,71.0,57.0,71.0,669.0,653.0,666.0,636.0
Dictyochophyceae,39119.0,0.0,0.0,0.0,0.0,0.0,0.0,0.0,0.0,0.0,2.0,0.0,3.0,5.0,6.0,6.0,28.0,29.0,30.0,31.0,25.0,393.0,373.0,374.0,393.0
Raphidophyceae,38410.0,0.0,0.0,0.0,0.0,0.0,0.0,0.0,0.0,0.0,1.0,4.0,2.0,2.0,3.0,1.0,21.0,29.0,26.0,30.0,23.0,205.0,231.0,227.0,225.0
Halobacteria,183963.0,0.0,0.0,0.0,0.0,0.0,0.0,0.0,0.0,0.0,1.0,5.0,2.0,7.0,3.0,3.0,26.0,17.0,22.0,36.0,24.0,254.0,246.0,240.0,246.0
Neocallimastigomycetes,451455.0,0.0,0.0,0.0,0.0,0.0,0.0,0.0,0.0,0.0,1.0,3.0,2.0,1.0,1.0,1.0,16.0,22.0,18.0,14.0,18.0,191.0,189.0,186.0,178.0
Synergistia,649775.0,0.0,0.0,0.0,0.0,0.0,0.0,0.0,0.0,0.0,1.0,2.0,1.0,2.0,0.0,0.0,9.0,7.0,15.0,8.0,14.0,109.0,108.0,107.0,109.0
Thermoanaerobaculia,1562571.0,0.0,0.0,0.0,0.0,0.0,0.0,0.0,0.0,0.0,1.0,1.0,1.0,1.0,0.0,3.0,13.0,12.0,13.0,11.0,20.0,125.0,112.0,108.0,121.0
Fimbriimonadia,1663419.0,0.0,0.0,0.0,0.0,0.0,0.0,0.0,0.0,0.0,1.0,1.0,0.0,2.0,0.0,1.0,5.0,6.0,5.0,3.0,7.0,51.0,50.0,39.0,50.0
Vicinamibacteria,1813735.0,0.0,0.0,0.0,0.0,0.0,0.0,0.0,0.0,0.0,1.0,2.0,1.0,1.0,1.0,0.0,9.0,10.0,10.0,8.0,9.0,77.0,75.0,79.0,78.0
Candidatus Muproteobacteria,1817795.0,0.0,0.0,0.0,0.0,0.0,0.0,0.0,0.0,0.0,1.0,2.0,3.0,1.0,2.0,6.0,24.0,24.0,26.0,30.0,28.0,247.0,256.0,269.0,250.0
Candidatus Ozemobacteria,2419830.0,0.0,0.0,0.0,0.0,0.0,0.0,0.0,0.0,0.0,1.0,0.0,1.0,1.0,0.0,1.0,0.0,4.0,1.0,1.0,1.0,11.0,10.0,12.0,11.0
Aconoidasida,422676.0,0.0,0.0,0.0,0.0,0.0,0.0,0.0,0.0,0.0,0.0,6.0,3.0,0.0,1.0,2.0,39.0,25.0,30.0,43.0,40.0,287.0,313.0,310.0,312.0
Monoblepharidomycetes,451454.0,0.0,0.0,0.0,0.0,0.0,0.0,0.0,0.0,0.0,0.0,4.0,2.0,0.0,0.0,0.0,3.0,3.0,10.0,2.0,5.0,49.0,46.0,49.0,42.0
Spartobacteria,134549.0,0.0,0.0,0.0,0.0,0.0,0.0,0.0,0.0,0.0,0.0,3.0,1.0,2.0,4.0,1.0,23.0,23.0,32.0,25.0,23.0,235.0,243.0,217.0,262.0
Chloropicophyceae,2302911.0,0.0,0.0,0.0,0.0,0.0,0.0,0.0,0.0,0.0,0.0,3.0,3.0,2.0,0.0,1.0,9.0,20.0,15.0,16.0,12.0,172.0,163.0,175.0,181.0
Tichowtungiia,2907184.0,0.0,0.0,0.0,0.0,0.0,0.0,0.0,0.0,0.0,0.0,3.0,1.0,3.0,0.0,1.0,11.0,13.0,14.0,4.0,8.0,126.0,133.0,135.0,114.0
Coriobacteriia,84998.0,0.0,0.0,0.0,0.0,0.0,0.0,0.0,0.0,0.0,0.0,2.0,3.0,1.0,2.0,3.0,28.0,23.0,16.0,23.0,20.0,238.0,215.0,228.0,239.0
Schizosaccharomycetes,147554.0,0.0,0.0,0.0,0.0,0.0,0.0,0.0,0.0,0.0,0.0,2.0,0.0,0.0,1.0,0.0,3.0,3.0,1.0,3.0,5.0,30.0,37.0,34.0,36.0
Tremellomycetes,155616.0,0.0,0.0,0.0,0.0,0.0,0.0,0.0,0.0,0.0,0.0,2.0,1.0,4.0,1.0,2.0,16.0,13.0,11.0,11.0,8.0,157.0,154.0,158.0,148.0
Entomophthoromycetes,1399770.0,0.0,0.0,0.0,0.0,0.0,0.0,0.0,0.0,0.0,0.0,2.0,0.0,0.0,0.0,2.0,4.0,9.0,3.0,5.0,8.0,57.0,59.0,55.0,48.0
Chlorodendrophyceae,1524962.0,0.0,0.0,0.0,0.0,0.0,0.0,0.0,0.0,0.0,0.0,2.0,1.0,2.0,1.0,0.0,8.0,5.0,3.0,6.0,5.0,55.0,54.0,56.0,54.0
Variosea,2605334.0,0.0,0.0,0.0,0.0,0.0,0.0,0.0,0.0,0.0,0.0,2.0,0.0,0.0,0.0,0.0,11.0,12.0,10.0,15.0,9.0,109.0,99.0,108.0,107.0
Glaucocystophyceae,38254.0,0.0,0.0,0.0,0.0,0.0,0.0,0.0,0.0,0.0,0.0,1.0,0.0,2.0,0.0,1.0,8.0,7.0,3.0,7.0,6.0,84.0,71.0,81.0,74.0
Chrysiogenetes,118001.0,0.0,0.0,0.0,0.0,0.0,0.0,0.0,0.0,0.0,0.0,1.0,0.0,2.0,0.0,1.0,3.0,10.0,9.0,6.0,8.0,86.0,85.0,70.0,78.0
Microbotryomycetes,162481.0,0.0,0.0,0.0,0.0,0.0,0.0,0.0,0.0,0.0,0.0,1.0,1.0,0.0,1.0,1.0,6.0,3.0,6.0,2.0,5.0,73.0,64.0,68.0,59.0
Aquificae,187857.0,0.0,0.0,0.0,0.0,0.0,0.0,0.0,0.0,0.0,0.0,1.0,3.0,1.0,2.0,5.0,27.0,26.0,22.0,21.0,13.0,224.0,211.0,189.0,201.0
Centroplasthelida,193537.0,0.0,0.0,0.0,0.0,0.0,0.0,0.0,0.0,0.0,0.0,1.0,0.0,0.0,0.0,0.0,1.0,3.0,1.0,2.0,1.0,19.0,21.0,23.0,20.0
Candidatus Marinamargulisbacteria,447827.0,0.0,0.0,0.0,0.0,0.0,0.0,0.0,0.0,0.0,0.0,1.0,0.0,0.0,0.0,2.0,4.0,8.0,2.0,6.0,2.0,52.0,54.0,59.0,57.0
Nephroselmidophyceae,1242998.0,0.0,0.0,0.0,0.0,0.0,0.0,0.0,0.0,0.0,0.0,1.0,0.0,2.0,0.0,0.0,15.0,11.0,19.0,11.0,21.0,148.0,141.0,148.0,153.0
Conoidasida,1280412.0,0.0,0.0,0.0,0.0,0.0,0.0,0.0,0.0,0.0,0.0,1.0,5.0,3.0,6.0,4.0,33.0,31.0,23.0,19.0,15.0,266.0,279.0,269.0,247.0
Basidiobolomycetes,1399768.0,0.0,0.0,0.0,0.0,0.0,0.0,0.0,0.0,0.0,0.0,1.0,0.0,1.0,0.0,0.0,10.0,8.0,5.0,4.0,7.0,63.0,55.0,63.0,55.0
Malasseziomycetes,1538075.0,0.0,0.0,0.0,0.0,0.0,0.0,0.0,0.0,0.0,0.0,1.0,1.0,0.0,0.0,0.0,3.0,4.0,5.0,7.0,5.0,48.0,47.0,42.0,48.0
Chitinispirillia,1860136.0,0.0,0.0,0.0,0.0,0.0,0.0,0.0,0.0,0.0,0.0,1.0,0.0,0.0,0.0,1.0,1.0,5.0,2.0,1.0,1.0,19.0,15.0,16.0,21.0
Theionarchaea,1980645.0,0.0,0.0,0.0,0.0,0.0,0.0,0.0,0.0,0.0,0.0,1.0,0.0,1.0,0.0,0.0,1.0,0.0,0.0,2.0,1.0,12.0,10.0,13.0,14.0
Olpidiomycetes,2202807.0,0.0,0.0,0.0,0.0,0.0,0.0,0.0,0.0,0.0,0.0,1.0,1.0,0.0,0.0,0.0,5.0,3.0,5.0,1.0,1.0,22.0,23.0,28.0,28.0
Umbelopsidomycetes,2212704.0,0.0,0.0,0.0,0.0,0.0,0.0,0.0,0.0,0.0,0.0,1.0,0.0,1.0,1.0,2.0,5.0,7.0,6.0,4.0,5.0,49.0,55.0,49.0,43.0
Kickxellomycetes,2219690.0,0.0,0.0,0.0,0.0,0.0,0.0,0.0,0.0,0.0,0.0,1.0,0.0,0.0,1.0,0.0,4.0,4.0,3.0,2.0,1.0,39.0,29.0,33.0,28.0
Harpellomycetes,2219693.0,0.0,0.0,0.0,0.0,0.0,0.0,0.0,0.0,0.0,0.0,1.0,2.0,2.0,2.0,0.0,12.0,14.0,8.0,11.0,15.0,103.0,105.0,95.0,110.0
Candidatus Poseidoniia,2599185.0,0.0,0.0,0.0,0.0,0.0,0.0,0.0,0.0,0.0,0.0,1.0,1.0,1.0,1.0,2.0,17.0,9.0,9.0,16.0,21.0,124.0,132.0,133.0,109.0
Thermodesulfovibrionia,2811502.0,0.0,0.0,0.0,0.0,0.0,0.0,0.0,0.0,0.0,0.0,1.0,0.0,1.0,0.0,1.0,2.0,4.0,7.0,4.0,9.0,33.0,35.0,40.0,42.0
Olisthodiscophyceae,2816457.0,0.0,0.0,0.0,0.0,0.0,0.0,0.0,0.0,0.0,0.0,1.0,0.0,0.0,0.0,0.0,1.0,1.0,0.0,1.0,1.0,6.0,6.0,9.0,11.0
Candidatus Uabimicrobiia,2897345.0,0.0,0.0,0.0,0.0,0.0,0.0,0.0,0.0,0.0,0.0,1.0,0.0,0.0,1.0,1.0,6.0,7.0,7.0,4.0,7.0,65.0,73.0,63.0,68.0
Phytomyxea,2779609.0,0.0,0.0,0.0,0.0,0.0,0.0,0.0,0.0,0.0,0.0,0.0,5.0,2.0,0.0,3.0,19.0,14.0,13.0,14.0,14.0,162.0,139.0,158.0,147.0
Pucciniomycetes,162484.0,0.0,0.0,0.0,0.0,0.0,0.0,0.0,0.0,0.0,0.0,0.0,4.0,1.0,2.0,1.0,7.0,10.0,8.0,5.0,6.0,104.0,88.0,96.0,83.0
Methanobacteria,183925.0,0.0,0.0,0.0,0.0,0.0,0.0,0.0,0.0,0.0,0.0,0.0,2.0,0.0,0.0,0.0,5.0,5.0,6.0,7.0,9.0,66.0,66.0,63.0,57.0
Endogonomycetes,2212702.0,0.0,0.0,0.0,0.0,0.0,0.0,0.0,0.0,0.0,0.0,0.0,2.0,0.0,0.0,0.0,3.0,3.0,5.0,5.0,7.0,52.0,55.0,57.0,57.0
Lecanoromycetes,147547.0,0.0,0.0,0.0,0.0,0.0,0.0,0.0,0.0,0.0,0.0,0.0,1.0,2.0,0.0,0.0,3.0,1.0,5.0,5.0,4.0,41.0,45.0,45.0,40.0
Pezizomycetes,147549.0,0.0,0.0,0.0,0.0,0.0,0.0,0.0,0.0,0.0,0.0,0.0,1.0,0.0,0.0,1.0,11.0,10.0,5.0,9.0,12.0,101.0,83.0,94.0,96.0
Endomicrobia,447830.0,0.0,0.0,0.0,0.0,0.0,0.0,0.0,0.0,0.0,0.0,0.0,1.0,0.0,0.0,1.0,4.0,3.0,1.0,0.0,0.0,11.0,6.0,10.0,7.0
Nitrososphaeria,1643678.0,0.0,0.0,0.0,0.0,0.0,0.0,0.0,0.0,0.0,0.0,0.0,1.0,0.0,2.0,1.0,2.0,6.0,4.0,2.0,8.0,34.0,38.0,45.0,42.0
Tepidiformia,2682225.0,0.0,0.0,0.0,0.0,0.0,0.0,0.0,0.0,0.0,0.0,0.0,1.0,0.0,0.0,0.0,1.0,1.0,1.0,5.0,1.0,25.0,18.0,20.0,22.0
Mixiomycetes,432025.0,0.0,0.0,0.0,0.0,0.0,0.0,0.0,0.0,0.0,0.0,0.0,0.0,2.0,1.0,0.0,2.0,1.0,4.0,1.0,2.0,22.0,23.0,22.0,20.0
Colpodea,5977.0,0.0,0.0,0.0,0.0,0.0,0.0,0.0,0.0,0.0,0.0,0.0,0.0,1.0,0.0,0.0,0.0,1.0,0.0,0.0,0.0,6.0,6.0,6.0,6.0
Bolidophyceae,91989.0,0.0,0.0,0.0,0.0,0.0,0.0,0.0,0.0,0.0,0.0,0.0,0.0,1.0,2.0,0.0,12.0,5.0,12.0,6.0,8.0,84.0,96.0,97.0,87.0
Thermomicrobia,189775.0,0.0,0.0,0.0,0.0,0.0,0.0,0.0,0.0,0.0,0.0,0.0,0.0,1.0,2.0,1.0,12.0,18.0,11.0,8.0,12.0,138.0,133.0,132.0,126.0
Chitinivibrionia,296141.0,0.0,0.0,0.0,0.0,0.0,0.0,0.0,0.0,0.0,0.0,0.0,0.0,1.0,1.0,0.0,3.0,1.0,2.0,4.0,1.0,18.0,13.0,16.0,14.0
Dacrymycetes,452332.0,0.0,0.0,0.0,0.0,0.0,0.0,0.0,0.0,0.0,0.0,0.0,0.0,1.0,0.0,0.0,1.0,1.0,3.0,0.0,1.0,9.0,9.0,9.0,9.0
Chthonomonadetes,1077257.0,0.0,0.0,0.0,0.0,0.0,0.0,0.0,0.0,0.0,0.0,0.0,0.0,1.0,0.0,0.0,1.0,1.0,2.0,0.0,2.0,16.0,13.0,16.0,14.0
Blastocatellia,1562566.0,0.0,0.0,0.0,0.0,0.0,0.0,0.0,0.0,0.0,0.0,0.0,0.0,1.0,2.0,1.0,19.0,10.0,11.0,10.0,17.0,129.0,142.0,142.0,145.0
Candidatus Sumerlaeia,2315419.0,0.0,0.0,0.0,0.0,0.0,0.0,0.0,0.0,0.0,0.0,0.0,0.0,1.0,0.0,0.0,0.0,0.0,0.0,0.0,1.0,6.0,5.0,8.0,6.0
Thermoprotei,183924.0,0.0,0.0,0.0,0.0,0.0,0.0,0.0,0.0,0.0,0.0,0.0,0.0,0.0,1.0,1.0,3.0,3.0,9.0,4.0,6.0,53.0,56.0,49.0,52.0
Orbiliomycetes,189478.0,0.0,0.0,0.0,0.0,0.0,0.0,0.0,0.0,0.0,0.0,0.0,0.0,0.0,1.0,0.0,6.0,3.0,4.0,2.0,2.0,27.0,25.0,29.0,26.0
Gloeobacteria,307596.0,0.0,0.0,0.0,0.0,0.0,0.0,0.0,0.0,0.0,0.0,0.0,0.0,0.0,1.0,0.0,3.0,7.0,3.0,4.0,7.0,49.0,43.0,40.0,45.0
Blastocladiomycetes,451460.0,0.0,0.0,0.0,0.0,0.0,0.0,0.0,0.0,0.0,0.0,0.0,0.0,0.0,1.0,0.0,8.0,8.0,7.0,7.0,5.0,70.0,74.0,76.0,81.0
Nanohaloarchaea,1051663.0,0.0,0.0,0.0,0.0,0.0,0.0,0.0,0.0,0.0,0.0,0.0,0.0,0.0,1.0,0.0,0.0,0.0,1.0,0.0,0.0,5.0,3.0,4.0,4.0
Candidatus Geothermincolia,2900647.0,0.0,0.0,0.0,0.0,0.0,0.0,0.0,0.0,0.0,0.0,0.0,0.0,0.0,1.0,0.0,0.0,0.0,0.0,0.0,1.0,5.0,6.0,3.0,4.0
Chlorarachniophyceae,29197.0,0.0,0.0,0.0,0.0,0.0,0.0,0.0,0.0,0.0,0.0,0.0,0.0,0.0,0.0,1.0,1.0,2.0,2.0,2.0,6.0,24.0,26.0,25.0,21.0
Neolectomycetes,147556.0,0.0,0.0,0.0,0.0,0.0,0.0,0.0,0.0,0.0,0.0,0.0,0.0,0.0,0.0,1.0,3.0,0.0,1.0,2.0,1.0,18.0,14.0,14.0,14.0
Archaeoglobi,183980.0,0.0,0.0,0.0,0.0,0.0,0.0,0.0,0.0,0.0,0.0,0.0,0.0,0.0,0.0,1.0,1.0,0.0,0.0,1.0,2.0,12.0,8.0,15.0,12.0
Compsopogonophyceae,930023.0,0.0,0.0,0.0,0.0,0.0,0.0,0.0,0.0,0.0,0.0,0.0,0.0,0.0,0.0,1.0,4.0,2.0,2.0,4.0,2.0,26.0,27.0,30.0,29.0
Hadesarchaea,1775750.0,0.0,0.0,0.0,0.0,0.0,0.0,0.0,0.0,0.0,0.0,0.0,0.0,0.0,0.0,1.0,0.0,2.0,2.0,0.0,1.0,12.0,12.0,10.0,9.0
Longimicrobia,1804991.0,0.0,0.0,0.0,0.0,0.0,0.0,0.0,0.0,0.0,0.0,0.0,0.0,0.0,0.0,1.0,2.0,4.0,5.0,2.0,3.0,23.0,25.0,31.0,25.0
Methylacidiphilae,1955630.0,0.0,0.0,0.0,0.0,0.0,0.0,0.0,0.0,0.0,0.0,0.0,0.0,0.0,0.0,1.0,4.0,1.0,5.0,3.0,5.0,32.0,31.0,25.0,25.0
Terrimicrobia,2762271.0,0.0,0.0,0.0,0.0,0.0,0.0,0.0,0.0,0.0,0.0,0.0,0.0,0.0,0.0,1.0,1.0,2.0,1.0,1.0,0.0,14.0,8.0,15.0,17.0
Candidatus Mcinerneyibacteria,2703811.0,0.0,0.0,0.0,0.0,0.0,0.0,0.0,0.0,0.0,0.0,0.0,0.0,0.0,0.0,0.0,4.0,1.0,2.0,0.0,1.0,16.0,14.0,12.0,13.0
Candidatus Peribacteria,1801911.0,0.0,0.0,0.0,0.0,0.0,0.0,0.0,0.0,0.0,0.0,0.0,0.0,0.0,0.0,0.0,3.0,3.0,1.0,2.0,1.0,15.0,18.0,15.0,18.0
Phyllopharyngea,37471.0,0.0,0.0,0.0,0.0,0.0,0.0,0.0,0.0,0.0,0.0,0.0,0.0,0.0,0.0,0.0,2.0,1.0,1.0,1.0,1.0,12.0,15.0,16.0,17.0
Pneumocystidomycetes,147553.0,0.0,0.0,0.0,0.0,0.0,0.0,0.0,0.0,0.0,0.0,0.0,0.0,0.0,0.0,0.0,2.0,5.0,1.0,5.0,3.0,27.0,35.0,26.0,33.0
Picocystophyceae,2692249.0,0.0,0.0,0.0,0.0,0.0,0.0,0.0,0.0,0.0,0.0,0.0,0.0,0.0,0.0,0.0,2.0,1.0,2.0,3.0,4.0,23.0,28.0,26.0,24.0
Litostomatea,5988.0,0.0,0.0,0.0,0.0,0.0,0.0,0.0,0.0,0.0,0.0,0.0,0.0,0.0,0.0,0.0,1.0,0.0,1.0,2.0,0.0,4.0,3.0,4.0,3.0
Nassophorea,6015.0,0.0,0.0,0.0,0.0,0.0,0.0,0.0,0.0,0.0,0.0,0.0,0.0,0.0,0.0,0.0,1.0,0.0,0.0,0.0,0.0,1.0,1.0,1.0,1.0
Polycystinea,65582.0,0.0,0.0,0.0,0.0,0.0,0.0,0.0,0.0,0.0,0.0,0.0,0.0,0.0,0.0,0.0,1.0,0.0,0.0,0.0,0.0,0.0,2.0,2.0,1.0
Methanococci,183939.0,0.0,0.0,0.0,0.0,0.0,0.0,0.0,0.0,0.0,0.0,0.0,0.0,0.0,0.0,0.0,1.0,3.0,0.0,2.0,0.0,24.0,23.0,21.0,17.0
Dictyoglomia,203486.0,0.0,0.0,0.0,0.0,0.0,0.0,0.0,0.0,0.0,0.0,0.0,0.0,0.0,0.0,0.0,1.0,1.0,0.0,0.0,1.0,9.0,12.0,7.0,12.0
Armophorea,658449.0,0.0,0.0,0.0,0.0,0.0,0.0,0.0,0.0,0.0,0.0,0.0,0.0,0.0,0.0,0.0,1.0,1.0,0.0,0.0,1.0,10.0,10.0,7.0,9.0
Ascetosporea,1871466.0,0.0,0.0,0.0,0.0,0.0,0.0,0.0,0.0,0.0,0.0,0.0,0.0,0.0,0.0,0.0,1.0,1.0,0.0,0.0,0.0,0.0,3.0,0.0,2.0
Coprothermobacteria,2138243.0,0.0,0.0,0.0,0.0,0.0,0.0,0.0,0.0,0.0,0.0,0.0,0.0,0.0,0.0,0.0,1.0,0.0,1.0,0.0,0.0,5.0,6.0,5.0,7.0
Candidatus Limnocylindria,2802718.0,0.0,0.0,0.0,0.0,0.0,0.0,0.0,0.0,0.0,0.0,0.0,0.0,0.0,0.0,0.0,1.0,1.0,1.0,0.0,1.0,5.0,8.0,10.0,7.0
Atribacteria,2847774.0,0.0,0.0,0.0,0.0,0.0,0.0,0.0,0.0,0.0,0.0,0.0,0.0,0.0,0.0,0.0,1.0,0.0,0.0,0.0,0.0,6.0,6.0,6.0,4.0
Candidatus Aquicultoria,2900646.0,0.0,0.0,0.0,0.0,0.0,0.0,0.0,0.0,0.0,0.0,0.0,0.0,0.0,0.0,0.0,1.0,1.0,1.0,0.0,2.0,13.0,13.0,13.0,12.0
Flabellinia,1485085.0,0.0,0.0,0.0,0.0,0.0,0.0,0.0,0.0,0.0,0.0,0.0,0.0,0.0,0.0,0.0,0.0,4.0,1.0,0.0,1.0,14.0,14.0,16.0,18.0
Dimargaritomycetes,2219692.0,0.0,0.0,0.0,0.0,0.0,0.0,0.0,0.0,0.0,0.0,0.0,0.0,0.0,0.0,0.0,0.0,4.0,4.0,3.0,1.0,18.0,20.0,23.0,15.0
Thermococci,183968.0,0.0,0.0,0.0,0.0,0.0,0.0,0.0,0.0,0.0,0.0,0.0,0.0,0.0,0.0,0.0,0.0,3.0,3.0,3.0,3.0,23.0,22.0,26.0,22.0
Limnochordia,1676648.0,0.0,0.0,0.0,0.0,0.0,0.0,0.0,0.0,0.0,0.0,0.0,0.0,0.0,0.0,0.0,0.0,3.0,2.0,2.0,0.0,10.0,11.0,14.0,13.0
Abditibacteria,2109259.0,0.0,0.0,0.0,0.0,0.0,0.0,0.0,0.0,0.0,0.0,0.0,0.0,0.0,0.0,0.0,0.0,3.0,1.0,2.0,2.0,20.0,23.0,21.0,18.0
Candidatus Termititenacia,2507542.0,0.0,0.0,0.0,0.0,0.0,0.0,0.0,0.0,0.0,0.0,0.0,0.0,0.0,0.0,0.0,0.0,3.0,3.0,1.0,0.0,10.0,10.0,8.0,10.0
Candidatus Methanofastidiosa,1705400.0,0.0,0.0,0.0,0.0,0.0,0.0,0.0,0.0,0.0,0.0,0.0,0.0,0.0,0.0,0.0,0.0,2.0,0.0,1.0,2.0,9.0,7.0,7.0,10.0
Wallemiomycetes,431957.0,0.0,0.0,0.0,0.0,0.0,0.0,0.0,0.0,0.0,0.0,0.0,0.0,0.0,0.0,0.0,0.0,1.0,1.0,1.0,2.0,12.0,13.0,10.0,9.0
Elusimicrobia,641853.0,0.0,0.0,0.0,0.0,0.0,0.0,0.0,0.0,0.0,0.0,0.0,0.0,0.0,0.0,0.0,0.0,1.0,0.0,1.0,0.0,13.0,9.0,7.0,9.0
Rhodellophyceae,661027.0,0.0,0.0,0.0,0.0,0.0,0.0,0.0,0.0,0.0,0.0,0.0,0.0,0.0,0.0,0.0,0.0,1.0,1.0,1.0,1.0,9.0,9.0,8.0,5.0
Palmophyllophyceae,2201463.0,0.0,0.0,0.0,0.0,0.0,0.0,0.0,0.0,0.0,0.0,0.0,0.0,0.0,0.0,0.0,0.0,1.0,1.0,1.0,1.0,6.0,6.0,7.0,5.0
Candidatus Riflemargulisbacteria,2211268.0,0.0,0.0,0.0,0.0,0.0,0.0,0.0,0.0,0.0,0.0,0.0,0.0,0.0,0.0,0.0,0.0,1.0,1.0,1.0,1.0,5.0,3.0,7.0,4.0
Candidatus Micrarchaeia,2885733.0,0.0,0.0,0.0,0.0,0.0,0.0,0.0,0.0,0.0,0.0,0.0,0.0,0.0,0.0,0.0,0.0,1.0,0.0,0.0,1.0,1.0,1.0,1.0,2.0
Xylonomycetes,1217819.0,0.0,0.0,0.0,0.0,0.0,0.0,0.0,0.0,0.0,0.0,0.0,0.0,0.0,0.0,0.0,0.0,0.0,2.0,1.0,0.0,5.0,6.0,9.0,6.0
Arthoniomycetes,147539.0,0.0,0.0,0.0,0.0,0.0,0.0,0.0,0.0,0.0,0.0,0.0,0.0,0.0,0.0,0.0,0.0,0.0,1.0,1.0,1.0,5.0,7.0,5.0,5.0
Candidatus Babeliae,2497643.0,0.0,0.0,0.0,0.0,0.0,0.0,0.0,0.0,0.0,0.0,0.0,0.0,0.0,0.0,0.0,0.0,0.0,1.0,0.0,1.0,9.0,8.0,5.0,9.0
Candidatus Methanoliparia,2545688.0,0.0,0.0,0.0,0.0,0.0,0.0,0.0,0.0,0.0,0.0,0.0,0.0,0.0,0.0,0.0,0.0,0.0,1.0,0.0,0.0,5.0,3.0,4.0,4.0
Geoglossomycetes,663566.0,0.0,0.0,0.0,0.0,0.0,0.0,0.0,0.0,0.0,0.0,0.0,0.0,0.0,0.0,0.0,0.0,0.0,0.0,1.0,1.0,9.0,9.0,6.0,7.0
Candidatus Nanoarchaeia,2885752.0,0.0,0.0,0.0,0.0,0.0,0.0,0.0,0.0,0.0,0.0,0.0,0.0,0.0,0.0,0.0,0.0,0.0,0.0,0.0,2.0,0.0,3.0,2.0,3.0
Karyorelictea,33827.0,0.0,0.0,0.0,0.0,0.0,0.0,0.0,0.0,0.0,0.0,0.0,0.0,0.0,0.0,0.0,0.0,0.0,0.0,0.0,1.0,0.0,1.0,1.0,0.0
Candidatus Nanoperiomorbia,2171981.0,0.0,0.0,0.0,0.0,0.0,0.0,0.0,0.0,0.0,0.0,0.0,0.0,0.0,0.0,0.0,0.0,0.0,0.0,0.0,1.0,1.0,1.0,1.0,1.0
Caldisericia,693071.0,0.0,0.0,0.0,0.0,0.0,0.0,0.0,0.0,0.0,0.0,0.0,0.0,0.0,0.0,0.0,0.0,0.0,0.0,0.0,0.0,4.0,1.0,4.0,1.0
Candidatus Eremiobacteria,2829293.0,0.0,0.0,0.0,0.0,0.0,0.0,0.0,0.0,0.0,0.0,0.0,0.0,0.0,0.0,0.0,0.0,0.0,0.0,0.0,0.0,4.0,3.0,2.0,3.0
Candidatus Nanohalobia,2856052.0,0.0,0.0,0.0,0.0,0.0,0.0,0.0,0.0,0.0,0.0,0.0,0.0,0.0,0.0,0.0,0.0,0.0,0.0,0.0,0.0,3.0,2.0,4.0,3.0
Methanopyri,183988.0,0.0,0.0,0.0,0.0,0.0,0.0,0.0,0.0,0.0,0.0,0.0,0.0,0.0,0.0,0.0,0.0,0.0,0.0,0.0,0.0,2.0,1.0,2.0,0.0
Candidatus Fermentibacteria (class),2152896.0,0.0,0.0,0.0,0.0,0.0,0.0,0.0,0.0,0.0,0.0,0.0,0.0,0.0,0.0,0.0,0.0,0.0,0.0,0.0,0.0,2.0,1.0,2.0,1.0
Echinamoebida,2681631.0,0.0,0.0,0.0,0.0,0.0,0.0,0.0,0.0,0.0,0.0,0.0,0.0,0.0,0.0,0.0,0.0,0.0,0.0,0.0,0.0,2.0,1.0,2.0,0.0
Chrysomerophyceae,54900.0,0.0,0.0,0.0,0.0,0.0,0.0,0.0,0.0,0.0,0.0,0.0,0.0,0.0,0.0,0.0,0.0,0.0,0.0,0.0,0.0,1.0,1.0,0.0,1.0
Pinguiophyceae,157124.0,0.0,0.0,0.0,0.0,0.0,0.0,0.0,0.0,0.0,0.0,0.0,0.0,0.0,0.0,0.0,0.0,0.0,0.0,0.0,0.0,1.0,1.0,2.0,1.0
Thecofilosea,1004930.0,0.0,0.0,0.0,0.0,0.0,0.0,0.0,0.0,0.0,0.0,0.0,0.0,0.0,0.0,0.0,0.0,0.0,0.0,0.0,0.0,1.0,1.0,1.0,1.0
Conexivisphaeria,2798274.0,0.0,0.0,0.0,0.0,0.0,0.0,0.0,0.0,0.0,0.0,0.0,0.0,0.0,0.0,0.0,0.0,0.0,0.0,0.0,0.0,1.0,0.0,0.0,0.0
Methanonatronarchaeia,171536.0,0.0,0.0,0.0,0.0,0.0,0.0,0.0,0.0,0.0,0.0,0.0,0.0,0.0,0.0,0.0,0.0,0.0,0.0,0.0,0.0,0.0,1.0,0.0,0.0
Candidatus Humimicrobiia,2900648.0,0.0,0.0,0.0,0.0,0.0,0.0,0.0,0.0,0.0,0.0,0.0,0.0,0.0,0.0,0.0,0.0,0.0,0.0,0.0,0.0,0.0,1.0,1.0,1.0
Candidatus Saccharimonia,2093818.0,0.0,0.0,0.0,0.0,0.0,0.0,0.0,0.0,0.0,0.0,0.0,0.0,0.0,0.0,0.0,0.0,0.0,0.0,0.0,0.0,0.0,0.0,1.0,1.0
