Order,1000,10000,100000,1000000,10000000
Fabales,0.14900000000000002,0.12125999999999999,0.117488,0.1151956,0.11485622
Rotaliida,0.1022,0.08818000000000001,0.087132,0.08565539999999999,0.08524277999999999
Alteromonadales,0.069,0.06512,0.060236,0.0603484,0.060560499999999996
Flavobacteriales,0.042800000000000005,0.04284,0.042984,0.040538399999999995,0.04018642
Ciliophora,0.04920000000000001,0.03524,0.036226,0.036350400000000005,0.03629406
Hexapoda,0.034800000000000005,0.030720000000000004,0.03123,0.0309944,0.030870199999999997
Oceanospirillales,0.028999999999999998,0.03268,0.02894,0.027818400000000004,0.027846799999999998
Cercozoa,0.028399999999999998,0.02908,0.029072000000000004,0.029169800000000003,0.029154640000000002
Chloroplast,0.027600000000000003,0.0301,0.028502,0.028094600000000004,0.02819762
Solanales,0.027200000000000002,0.02318,0.021894000000000004,0.022389,0.0225087
Dioscoreales,0.043,0.017599999999999998,0.017910000000000002,0.0175448,0.0175036
Eucoccidiorida,0.0264,0.02472,0.02103,0.0204018,0.020229039999999997
Rhodobacterales,0.0224,0.0252,0.022509999999999995,0.0213966,0.02124916
Cymbellales,0.019999999999999997,0.019119999999999998,0.019462,0.019621800000000002,0.019565060000000002
uncultured organism   ,0.029333333333333333,0.01506,0.013570000000000002,0.0134748,0.013511220000000001
uncultured bacterium   ,0.0275,0.012919999999999997,0.013076,0.0130382,0.0131438
Protalveolata,0.01125,0.01272,0.012042,0.0123204,0.012485920000000001
Charophyta,0.013,0.00916,0.008834,0.0087874,0.008732380000000001
Enoplea,0.0175,0.007219999999999999,0.0067139999999999995,0.006868400000000001,0.006758539999999999
Tunicata,0.0078,0.0091,0.009146000000000001,0.0089778,0.008962399999999999
Rhabditophora,0.0175,0.00586,0.006686,0.0066578,0.006643100000000001
Macrodasyida,0.022,0.005260000000000001,0.004425999999999999,0.004203999999999999,0.004234119999999999
Melosirales,0.007500000000000001,0.0083,0.005776000000000001,0.0059954000000000006,0.005867079999999999
Litostomatea,0.014,0.00392,0.00405,0.0039672,0.0039387599999999995
Burkholderiales,0.0085,0.00528,0.005128,0.0053738,0.0055393199999999995
Gnetales,,0.0077800000000000005,0.006666,0.0061844,0.0061884
Acari,0.0105,0.00398,0.0038699999999999997,0.0040154000000000006,0.00399212
Tylenchida,0.008,0.0034799999999999996,0.003796,0.0037296000000000004,0.0037283999999999998
Pseudomonadales,0.004,0.00404,0.004422,0.0043618,0.0045154800000000005
marine metagenome   ,0.0055000000000000005,0.004319999999999999,0.0037080000000000004,0.0037753999999999995,0.00374672
Sphingomonadales,0.002,0.00538,0.004496,0.0043428,0.00439132
Chlamydomonadales,0.0075,0.0034199999999999994,0.003104,0.0031757999999999995,0.00316532
Hemiptera,,0.004739999999999999,0.0036580000000000002,0.0036838,0.0036298
Haemosporida,0.005,0.00216,0.002848,0.0028556000000000002,0.0027741800000000002
Cellvibrionales,,0.00424,0.0035319999999999995,0.0035658,0.0034435599999999996
Rickettsiales,0.004,0.00206,0.002674,0.0029449999999999997,0.0029931
Araucariales,,0.00476,0.00308,0.0030415999999999998,0.0030587599999999998
Moraxellales,0.003,0.00266,0.002752,0.0026791999999999996,0.0026722399999999998
Tricladida,,0.0032199999999999998,0.003508,0.0034340000000000004,0.0034258200000000004
Dinoflagellata,0.0026666666666666666,0.00252,0.002728,0.0026026,0.00268934
Micrococcales,0.005,0.0031000000000000003,0.0017760000000000002,0.0015976,0.0016419400000000002
Acoela,,0.00318,0.0029300000000000003,0.0027954,0.00279738
Clostridiales,,0.004633333333333333,0.002742,0.0022266,0.00209764
Labyrinthulomycetes,0.0055,0.00148,0.001446,0.001382,0.00142834
Coriobacteriales,,0.0052,0.003025,0.0016342,0.0006647000000000001
Cytophagales,,0.00144,0.002724,0.0030418,0.0029687599999999995
Filobasidiales,,0.0024800000000000004,0.0025440000000000003,0.0025534,0.00252294
Serinales,0.002,0.0018,0.0014420000000000001,0.0014096,0.0014226800000000002
Bacteroidales,,0.001,0.0008139999999999999,0.0027484000000000002,0.00310216
Sphingobacteriales,,0.00148,0.0018020000000000002,0.0020488,0.002251
Verrucomicrobiales,,0.00146,0.001968,0.001957,0.00190676
Bacillales,0.002,0.0008,0.000954,0.0013732,0.0016808
Peridiniales,,0.00135,0.001602,0.0015544,0.0015849799999999997
Chaetocerotales,,0.00166,0.001468,0.0014572,0.00148276
Lactobacillales,,0.001075,0.0014880000000000002,0.0017038,0.0017635
Rhizobiales,,0.0013666666666666664,0.0014659999999999999,0.0015826,0.00152596
Klebsormidiales,,0.001325,0.001382,0.0013916000000000002,0.0013847400000000002
Methanosarcinales,0.002,0.0009,0.000946,0.0007792000000000001,0.0008118
Streptomycetales,0.004,,0.000394,0.00043879999999999993,0.0005149800000000001
Retaria,,0.0006,0.001304,0.0015691999999999998,0.0015638599999999998
Candidatus Puniceispirillales,,0.00134,0.001166,0.0011434,0.00115622
Saccharomycetales,,0.001525,0.001218,0.0010054,0.0010146600000000001
Desulfobacterales,,0.0010999999999999998,0.00133,0.0011066,0.00109192
Planctomycetales,,0.0009000000000000001,0.001192,0.0012921999999999999,0.00123288
Arenicellales,,0.0010999999999999998,0.0010960000000000002,0.0011062000000000001,0.0009356
Methanobacteriales,0.002,0.0005,0.000464,0.0005406000000000001,0.0006527
Sordariales,,0.0017,0.000778,0.0007974,0.0008201399999999999
Salinisphaerales,,0.00145,0.0009119999999999999,0.0008355999999999999,0.0008262
Unknown Family,,0.0006,0.0012,0.0011053999999999999,0.00110344
Xanthomonadales,,0.002,0.0006699999999999999,0.0006338,0.0006043
Zygnematophyceae,,0.0022,0.000455,0.0006106,0.0005977599999999999
Vibrionales,,0.000825,0.001012,0.0009994,0.00097692
Rhabditida,,0.001,0.0008500000000000001,0.0008708,0.00091212
Xylariales,,0.0010249999999999999,0.00086,0.0008749999999999999,0.00080702
SAR86 clade,0.002,0.0004333333333333333,0.00037,0.0003252,0.00031698
Candidatus Collierbacteria bacterium GW2011_GWA2_42_17,,0.001,0.000736,0.0007678000000000001,0.0007888799999999999
Woeseiales,,0.0023,0.0005499999999999999,0.0002016,0.00020236
Rhodospirillales,,0.00039999999999999996,0.000754,0.0010122,0.00104326
Chromatiales,,0.0007,0.00093,0.0008227999999999999,0.0007247200000000001
E01-9C-26 marine group,,0.00152,0.000522,0.0005402,0.0005337999999999999
Methanomassiliicoccales,,0.0009000000000000001,0.00063,0.0005815999999999999,0.00059258
Diptera,0.002,0.00025,0.000136,0.00014220000000000001,0.0001671
uncultured eukaryote   ,,0.00135,0.000404,0.00043959999999999995,0.00045789999999999996
Pirellulales,,0.0008500000000000001,0.000616,0.0006074,0.00057554
Verrucariales,,0.00074,0.0006100000000000001,0.000632,0.0006207599999999999
Desulfobulbales,,0.0009333333333333333,0.00067,0.0005198,0.00046004
PB19,,0.0006199999999999999,0.0006179999999999998,0.0005816,0.0005625599999999999
Acidimicrobiales,,0.0003,0.000618,0.0007150000000000001,0.00070854
SAR11 clade,,0.00039999999999999996,0.0006079999999999999,0.0006136,0.0006698600000000001
Triceratiales,,0.0003,0.0006479999999999999,0.0006412,0.0006439600000000001
Rhodothermaceae,,0.0005,0.00044599999999999994,0.0006074,0.00058996
Actinomycetales,,0.0016,0.0002025,0.00016160000000000002,0.00017248000000000003
Chitinophagales,,0.0009,0.000478,0.00036599999999999995,0.00038332000000000004
Euamoebida,,0.0005,0.000476,0.0005406,0.0005499200000000001
Bradymonadales,,0.0005666666666666666,0.00041600000000000003,0.0004875999999999999,0.0004905999999999999
Semaeostomeae,,0.0006,0.00038200000000000007,0.00048579999999999994,0.00047814
Miliolida,,0.00075,0.00037200000000000004,0.00039380000000000003,0.00040128000000000006
Cestoda,,0.00047999999999999996,0.000468,0.00046360000000000005,0.00048333999999999996
Archigregarinorida,,0.00047499999999999994,0.00048000000000000007,0.0004588,0.00047508
Aeromonadales,,0.0005,0.000438,0.0004724,0.00045816
PeM15,,0.0009,0.00033,0.000281,0.00028186
Methylophilales,,0.00065,0.0004180000000000001,0.0003578,0.00035313999999999994
Licmophorales,,0.0003,0.0005020000000000001,0.0004604,0.00049248
uncultured crenarchaeote,,0.000625,0.000334,0.0003814,0.00037898
uncultured Chytridiomycota  ,,0.0005333333333333333,0.00041999999999999996,0.000361,0.00036664
Crustacea,,0.0004,0.00039000000000000005,0.00041380000000000003,0.00041329999999999996
Discicristata,,0.000475,0.00031000000000000005,0.00040720000000000003,0.00040565999999999996
Ramicandelaberales,,,0.00054,0.0005323999999999999,0.00052176
Bdellovibrionales,,0.0007,0.000266,0.0003014,0.00029246
Flabellinia,,0.0004333333333333333,0.000368,0.00032680000000000003,0.00035224000000000003
Prymnesiales,,0.0006,0.000302,0.0002806,0.00028196
Loxodida,,0.0007,0.00024400000000000002,0.0002594,0.00025578000000000005
Polychaeta,,0.0003,0.000238,0.0004334,0.0004393
Unknown Order,,0.00030000000000000003,0.00034199999999999996,0.00036559999999999994,0.00040018
Pterocystis,,0.00065,0.00025800000000000004,0.00024779999999999995,0.00024844000000000005
KI89A clade,,0.0004,0.000308,0.0003436,0.00033616
Campylobacterales,,0.0003,0.000294,0.0003574,0.00036894
Thiotrichales,,,0.000404,0.00041519999999999995,0.00046559999999999993
Conthreep,,0.00045,0.00022799999999999999,0.00029120000000000003,0.0003041
Endogonales,,,0.00044199999999999996,0.0004158,0.00040444
Sva1033,,0.0006000000000000001,0.000248,0.0002016,0.00019588
Bacteriovoracales,,0.0007,0.000146,0.0001824,0.00017293999999999998
Prorodontida,,0.0004,0.000258,0.000268,0.00026026
Propionibacteriales,,0.0003,0.000234,0.0002948,0.00032367999999999996
JGI 0000069-P22,,0.0003,0.00026,0.00029079999999999997,0.00028792
Cryptomonadales,,0.0008,0.00011,0.0001126,0.00010616
OM182 clade,,0.00045,0.00024000000000000003,0.00021219999999999998,0.00021480000000000002
Thermoplasmatales,,0.00025,0.00012399999999999998,0.0003122,0.00040438000000000003
Gammaproteobacteria Incertae Sedis,,,0.00041200000000000004,0.000349,0.0003188
Malpighiales,,,0.00047999999999999996,0.000343,0.00023504
Eutreptiales,,0.000275,0.000254,0.0002604,0.00025318
Nitrosomonadales,,,0.000334,0.00035059999999999996,0.00033858
Asparagales,,,0.00048666666666666666,0.0002584,0.00027704
Vertebrata,,0.0002,0.00015000000000000001,0.00029099999999999997,0.00037360000000000003
Opitutales,,0.0005,0.00023,0.0001382,0.00013512000000000002
Entomophthorales,,,0.00032199999999999997,0.0003218,0.00032082
Chytridiales,,,0.00030000000000000003,0.00033099999999999997,0.00031146
Trypanosomatida,,0.00036666666666666667,0.000214,0.0001762,0.0001678
Euglenales,,0.0003,0.000196,0.0002062,0.00022045999999999996
Dendrocerotales,,0.000275,0.000226,0.00020539999999999998,0.00020806
Craspedida,,,0.00029800000000000003,0.000294,0.00029798
uncultured,,,0.000268,0.0002802,0.00026754
Myxococcales,,0.0004,8.75e-05,0.0001528,0.00016974
Phycisphaerales,,0.00025,0.000122,0.00019619999999999997,0.00022883999999999998
Spirochaetales,,0.0002,8e-05,0.00020500000000000002,0.00030656000000000005
Sessilida,,,0.000254,0.00026480000000000004,0.00026878000000000004
Paraliales,,,0.000248,0.000253,0.00026030000000000004
Erysipelotrichales,,0.0002,7.2e-05,0.0001896,0.00029738
Magnoliales,,0.0002666666666666667,0.000142,0.000148,0.00019277999999999998
Enterobacteriales,,,0.0003,0.00016060000000000003,0.000283
Parabodonida,,0.0005499999999999999,6e-05,5.480000000000001e-05,5.7339999999999996e-05
Bicosoecida,,,0.00027,0.00021000000000000004,0.00022439999999999998
Desulfuromonadales,,,0.00026,0.00022399999999999997,0.00021024
Collodaria,,0.00025,0.00013399999999999998,0.00015460000000000002,0.00015217999999999997
MB11C04 marine group,,,7.666666666666667e-05,0.00027780000000000003,0.000316
Gaiellales,,,,0.00023899999999999998,0.00042394
OM190,,0.0003,0.000106,0.00012059999999999998,0.0001351
Methanocellales,,0.0003,0.000108,0.00011520000000000001,0.00012488
Fagales,,,0.00015999999999999999,0.0002506,0.00023676
Eurotiales,,,0.00020800000000000001,0.00020959999999999997,0.0002261
Saprospirales,,,0.00016,0.00024060000000000002,0.0002388
Monogenea,,0.0002666666666666667,0.000138,0.00010920000000000001,0.00011824
B2M28,,,0.00027,0.00017879999999999998,0.00017312000000000002
Gemmatales,,0.0003,0.00013,8.94e-05,9.77e-05
Halobacteriales,,,0.000134,0.0002058,0.00026953999999999997
Alismatales,,,0.000198,0.0001928,0.00020778000000000002
Leptothecata,,0.0002,0.00012000000000000002,0.00011760000000000001,0.00011504
Rhodothermales,,0.0003,7e-05,8.6e-05,8.450000000000001e-05
Haptorida,,0.0002,8.6e-05,0.0001242,0.00012216
Microtrichales,,,0.00027,0.0001406,0.00011713999999999999
Exogenida,,0.0002,0.00011800000000000001,0.00010059999999999999,0.00010454
Opiliones,,0.0004,,4.6e-05,6.857999999999998e-05
Chthoniobacterales,,,0.0002066666666666667,0.00016580000000000002,0.00014172
HOC36,,,0.000164,0.00018180000000000003,0.00016367999999999998
uncultured bacterium  ,,0.0002,3.5000000000000004e-05,8.560000000000001e-05,0.00018468
Anaerolineales,,,5.6000000000000006e-05,0.0001806,0.00026422
Hyphomicrobiales,,,0.000234,0.0001206,0.00014337999999999997
Philasterida,,0.0003,7.4e-05,5.9999999999999995e-05,6.362e-05
Chlamydiales,,,0.000178,0.0001646,0.00014954
Chlorophyta,,,0.000152,0.000151,0.00017462
Candidatus Actinomarinales,,0.0002,7.6e-05,9.520000000000001e-05,0.00010094000000000002
Magnoliophyta,,,,0.00031120000000000003,0.00015538000000000002
Puniceicoccales,,,0.00015199999999999998,0.000154,0.00015776
Decapoda,,,9.5e-05,0.00018639999999999998,0.00017586
uncultured marine fungus  ,,,0.00013000000000000002,0.0001716,0.00015422
Hydrozoa,,,0.00015749999999999998,0.0001244,0.00016060000000000003
Russulales,,,0.000205,0.0001244,0.00010942
Pseudonocardiales,,,0.000238,9.02e-05,0.00011018
Mycoplasmatales,,0.0002,5.599999999999999e-05,8.999999999999999e-05,9.208e-05
Cyclopoida,,,0.00011,0.0001408,0.0001872
Fusobacteriales,,,7.8e-05,0.00015279999999999997,0.00019724
Mycobacteriales,,,0.000245,9.6e-05,8.588e-05
Kordiimonadales,,,0.000152,0.0001366,0.00013452
Ochrophyta,,,5.25e-05,0.0001626,0.00020365999999999998
Lentisphaerales,,0.0002,7.2e-05,6.72e-05,7.549999999999999e-05
Caulobacterales,,,0.00011399999999999999,0.0001448,0.00015564
Amphifilida,,,0.00017800000000000002,0.0001146,0.000115
Gemmatimonadales,,,6.4e-05,0.0001584,0.00017662
uncultured bacterium ,,,7.25e-05,0.0001518,0.00017188
Actinomarinales,,,0.000142,0.0001314,0.00012246
Lysobacterales,,,0.000134,0.0001272,0.00012652
Spirotrichea,,,0.0001075,0.000137,0.00014238
Syntrophobacterales,,,0.00014399999999999998,0.00012100000000000001,0.00011238
Pandanales,,,0.00017500000000000003,0.000107,9.382e-05
Nitrospirales,,,0.000105,0.000133,0.00013536
uncultured marine eukaryote  ,,0.0003,3.5000000000000004e-05,1.8200000000000002e-05,1.8679999999999997e-05
Pythiales,,,0.00011,0.0001382,0.00011873999999999999
Apicomplexa,,,9.5e-05,0.0001242,0.00012936
Coleoptera,,,5.4e-05,0.00011920000000000001,0.00017234
SubsectionII,,0.0002,5e-05,3.9000000000000006e-05,4.6500000000000005e-05
Cystofilobasidiales,,,0.000145,9.68e-05,9.334e-05
Naviculales,,,7.500000000000001e-05,0.00011580000000000002,0.00013633999999999999
Erysiphales,,,0.000135,9.64e-05,9.2e-05
Hyphomonadales,,,0.0001425,9.76e-05,8.092e-05
uncultured Cryptomycota   ,,,0.0001275,8.86e-05,8.732e-05
Auriculariales,,,0.00013,9.08e-05,8.144e-05
Babeliales,,0.0002,3.0000000000000004e-05,3.52e-05,3.656e-05
Prolecithophora,,,9.8e-05,0.0001008,0.00010185999999999999
Pleosporales,,,0.00011200000000000001,9.46e-05,9.130000000000001e-05
uncultured archaeon ,,,4.5e-05,9.859999999999998e-05,0.00015148
Corynebacteriales,,,3.0000000000000004e-05,6.86e-05,0.00019416
Solibacterales,,,9e-05,8.999999999999999e-05,0.00011206000000000001
Synechococcales,,,7.199999999999999e-05,0.00011279999999999999,0.00010326000000000001
Lepidoptera,,,0.00015,3.9e-05,9.759999999999999e-05
Silvanigrellales,,,0.00010200000000000001,8.999999999999999e-05,9.389999999999999e-05
Alphaproteobacteria Unknown Family,,,8e-05,0.00010200000000000001,0.00010206
Ephemeroptera,,,0.00011999999999999999,7.52e-05,8.803999999999999e-05
Geminicoccales,,,0.00015000000000000001,6.739999999999998e-05,6.324e-05
Microbotryomycetes,,,9e-05,9.080000000000001e-05,8.884e-05
Enterobacterales,,,2.666666666666667e-05,8.74e-05,0.00015397999999999999
Opalinata,,,0.00015000000000000001,5.7600000000000004e-05,5.903999999999999e-05
Deltaproteobacteria Syntrophorhabdaceae,,,0.00024,4.5e-06,2.0359999999999998e-05
uncultured bacterium 213 ,,,0.00018,4.525e-05,3.51e-05
Eurotiomycetes,,,,0.000127,0.00013215999999999998
marine metagenome  ,,,8.5e-05,8.6e-05,8.76e-05
Acholeplasmatales,,,8.2e-05,7.540000000000002e-05,9.504e-05
Vampirovibrionales,,,0.00012,7.2e-05,5.7799999999999995e-05
Solirubrobacterales,,,7.500000000000001e-05,8.8e-05,8.342e-05
uncultured soil bacterium ,,,,4.333333333333334e-06,0.00024115999999999997
MAST-4,,,0.00010333333333333333,7.6e-05,6.56e-05
Eubacteriales,,,4e-05,7.72e-05,0.00012049999999999999
Gonyaulacales,,,5.5e-05,9.5e-05,8.652e-05
Spumellaria,,,,0.000158,7.508e-05
Frankiales,,,8e-05,7.3e-05,7.72e-05
Blastocatellales,,,3.0000000000000004e-05,7.799999999999999e-05,0.00011708000000000001
Trematoda,,,5.6000000000000006e-05,6.74e-05,9.851999999999999e-05
Lamiales,,,6e-05,8.233333333333333e-05,7.744e-05
Parachlamydiales,,,0.00015,2.8800000000000002e-05,3.384e-05
Rhodocyclales,,,,9.62e-05,0.00010936
uncultured planctomycete   ,,,6e-05,7.32e-05,7.222e-05
Hydrogenophilales,,,8e-05,6.16e-05,6.232000000000001e-05
Piroplasmida,,,3.7500000000000003e-05,6.7e-05,9.921999999999999e-05
SubsectionI,,,5.400000000000001e-05,7.12e-05,7.85e-05
Tistrellales,,,0.00012,3.5e-05,4.646e-05
Polyangiales,,,8.333333333333333e-05,6.58e-05,5.1460000000000005e-05
Piperales,,,0.00012,3.679999999999999e-05,3.9960000000000004e-05
uncultured cyanobacterium   ,,,6.333333333333333e-05,6.8e-05,6.528e-05
Caldilineales,,,7.999999999999999e-05,5.74e-05,5.8620000000000005e-05
Agaricales,,,6.2e-05,6.0400000000000004e-05,7.25e-05
Thermoanaerobaculales,,,7.500000000000001e-05,7.26e-05,4.686e-05
Pyramimonadales,,,8.5e-05,5.5599999999999996e-05,5.046e-05
Desulfovibrionales,,,5e-05,6.000000000000001e-05,8.054e-05
Coscinodiscales,,,9e-05,4.06e-05,5.9600000000000005e-05
Diplostraca,,,0.00011,5.0333333333333335e-05,2.2899999999999998e-05
uncultured Chlorophyta   ,,,9e-05,4.68e-05,4.3860000000000004e-05
Haplosporida,,,4.7499999999999996e-05,6.02e-05,7.162e-05
Sphagnales,,,6.333333333333333e-05,5.94e-05,5.036e-05
Puniceispirillales,,,0.0001,3.6e-05,3.502000000000001e-05
Methylococcales,,,6e-05,2.8199999999999998e-05,7.984e-05
Florideophycidae,,,6e-05,4.98e-05,5.04e-05
Legionellales,,,2e-05,5.86e-05,7.856000000000001e-05
Sva0485,,,3e-05,5.599999999999999e-05,6.5e-05
Hymenoptera,,,3.0000000000000004e-05,4.12e-05,7.942e-05
Acidobacteriales,,,4e-05,4.64e-05,6.386e-05
Cyanobacteriales,,,5.9999999999999995e-05,5.04e-05,3.818e-05
Bivalvulida,,,,8.3e-05,6.18e-05
Exobasidiomycetes,,,3e-05,4.62e-05,6.802e-05
KD4-96,,,6.666666666666667e-05,4.24e-05,3.322e-05
Poales,,,5e-05,3.6200000000000006e-05,5.486e-05
Selenomonadales,,,3e-05,3.7800000000000004e-05,6.976e-05
Micavibrionales,,,4e-05,4.6e-05,5.12e-05
Sordariomycetes,,,5.5e-05,3.7999999999999995e-05,4.3780000000000004e-05
Acanthopleuribacterales,,,2e-05,4.65e-05,6.573999999999999e-05
Methanomicrobiales,,,2.5e-05,4.1400000000000003e-05,6.489999999999999e-05
Micromonosporales,,,4e-05,3.48e-05,5.3639999999999995e-05
Santalales,,,,6.0599999999999996e-05,6.759999999999999e-05
Pedosphaerales,,,4e-05,4.66e-05,4.028e-05
Entodiniomorphida,,,4e-05,4.14e-05,4.3140000000000004e-05
Enterogona,,,6e-05,2.85e-05,3.53e-05
MSBL9,,,2e-05,3.32e-05,6.995999999999999e-05
Caldisericales,,,3.6e-05,4.479999999999999e-05,4.1740000000000004e-05
Oscillatoriales,,,3.5000000000000004e-05,4.4999999999999996e-05,4.098e-05
P.palmC41,,,5.5e-05,3.9000000000000006e-05,2.6819999999999997e-05
Boletales,,,,5.66e-05,5.8700000000000004e-05
Pleurocapsales,,,7e-05,2.26e-05,2.232e-05
Monhysterida,,,4e-05,3.0199999999999995e-05,4.444e-05
Entorrhizales,,,,5.3e-05,5.936e-05
Absconditabacteriales (SR1),,,4.4999999999999996e-05,3.259999999999999e-05,3.41e-05
Victivallales,,,8e-05,1.325e-05,1.792e-05
Lachnospirales,,,,6.12e-05,4.9680000000000005e-05
uncultured archaeon,,,2e-05,3.42e-05,5.358e-05
Sva0071,,,2e-05,4.959999999999999e-05,3.754e-05
Polyporales,,,,5.94e-05,4.644e-05
Thraustochytrida,,,3.2500000000000004e-05,3.2e-05,4.0039999999999996e-05
Leptolyngbyales,,,6.666666666666667e-05,2e-05,1.7559999999999998e-05
Oligoflexales,,,3e-05,2.44e-05,4.7419999999999997e-05
Candidatus Saccharimonadales,,,7e-05,1.3000000000000001e-05,1.79e-05
Marinilabiliales,,,4e-05,2.5799999999999997e-05,3.42e-05
Candidatus Kaiserbacteria,,,4e-05,2.76e-05,3.056e-05
uncultured marine,,,4e-05,3.0799999999999996e-05,2.7320000000000003e-05
Hydrogenedentiales,,,3e-05,3.3799999999999995e-05,3.374e-05
Desulfurellales,,,5e-05,2.2800000000000002e-05,2.434e-05
Harpellales,,,,6.533333333333333e-05,3.1480000000000004e-05
Hypocreales,,,3.0000000000000004e-05,2.5e-05,4.158e-05
Chelicerata,,,,2.98e-05,6.554e-05
Entomoplasmatales,,,4e-05,1.8599999999999998e-05,3.4019999999999996e-05
Chlorophyta symbiont of Baikalospongia sp.,,,,4.7199999999999995e-05,4.466e-05
Stolidobranchia,,,,5.1e-05,3.974e-05
Eugregarinorida,,,3e-05,2.6599999999999996e-05,3.3520000000000004e-05
Cymatosirales,,,5e-05,2.8666666666666668e-05,1.0179999999999999e-05
Pasteurellales,,,2e-05,2.3e-05,4.576e-05
Galaxiiformes,,,3e-05,2.74e-05,3.1100000000000004e-05
Myriapoda,,,2e-05,2.74e-05,4.08e-05
Thalassiosirales,,,,4.16e-05,4.638e-05
Bacteroidetes VC2.1 Bac22,,,5e-05,1.72e-05,1.978e-05
uncultured Verrucomicrobia bacterium  ,,,5e-05,1.8599999999999998e-05,1.666e-05
Polymorphida,,,5e-05,1.6e-05,1.6899999999999997e-05
Eucarida,,,4e-05,2.6499999999999997e-05,1.484e-05
ML310M-34,,,3.7500000000000003e-05,1.94e-05,2.196e-05
Pseudoscourfieldia marina   ,,,5e-05,1.5000000000000002e-05,1.3319999999999998e-05
S-70,,,4e-05,1.92e-05,1.8920000000000002e-05
Thiomicrospirales,,,,4.24e-05,3.56e-05
Deinococcales,,,3e-05,2.1000000000000002e-05,2.582e-05
Rhizosoleniales,,,2e-05,3.06e-05,2.6060000000000005e-05
Pla4 lineage,,,3e-05,2.48e-05,2.1799999999999998e-05
Chroococcales,,,3.5000000000000004e-05,2.34e-05,1.7979999999999997e-05
Kitasatosporales,,,,3.92e-05,3.6899999999999996e-05
Bifidobacteriales,,,2e-05,2.6399999999999998e-05,2.9099999999999996e-05
Amphidiniales,,,,5.233333333333334e-05,2.2780000000000002e-05
Kickxellales,,,,3.2399999999999995e-05,4.234e-05
Fragilariales,,,,4.8e-05,2.638e-05
Tepidisphaerales,,,2e-05,2.32e-05,3.058e-05
Plecoptera,,,,2.86e-05,4.512e-05
BD2-11 terrestrial group,,,3e-05,2.02e-05,2.242e-05
Balneolales,,,3e-05,1.8399999999999997e-05,2.404e-05
Malvales,,,,3.48e-05,3.764e-05
Maricaulales,,,,3.34e-05,3.878e-05
Alphaproteobacteria uncultured,,,,3.7e-05,3.4240000000000004e-05
Pucciniales,,,4e-05,1.3e-05,1.7559999999999998e-05
Sericytochromatia,,,3e-05,1.98e-05,2.0019999999999998e-05
BD7-11,,,3e-05,2.0799999999999997e-05,1.886e-05
Dothideomycetes,,,,3.26e-05,3.592e-05
Ktedonobacterales,,,3.333333333333334e-05,1.6800000000000002e-05,1.688e-05
SS1-B-02-17,,,3e-05,1.3e-05,2.342e-05
Dysteriida,,,3e-05,1.52e-05,2.0000000000000005e-05
Gracilibacteria,,,4e-05,1.2199999999999998e-05,1.3e-05
Bivalvia,,,2e-05,1.6e-05,2.788e-05
uncultured crenarchaeote  ,,,2.5e-05,1.8399999999999997e-05,2.028e-05
Thiohalorhabdales,,,,3.625e-05,2.724e-05
Lecanorales,,,3e-05,1.38e-05,1.816e-05
Mucoromycotina sp. WR266-C,,,2e-05,2.4500000000000003e-05,1.6879999999999998e-05
Kiritimatiellales,,,2e-05,2.1000000000000002e-05,1.8180000000000002e-05
Stephanodiscales,,,3.0000000000000004e-05,6e-06,2.214e-05
Poecilosclerida,,,2e-05,1.8200000000000002e-05,1.8259999999999998e-05
Anura,,,2e-05,1.52e-05,1.938e-05
Zingiberales,,,,2.56e-05,2.862e-05
Orthoptera,,,4e-05,6e-06,7.620000000000001e-06
Haliangiales,,,,2.68e-05,2.6479999999999997e-05
Granulosicoccales,,,,3.0000000000000004e-05,2.312e-05
SubsectionIII,,,,1.4199999999999998e-05,3.884e-05
Clitellata,,,,3.275e-05,2.006e-05
Thalassiophysales,,,,2.7499999999999998e-05,2.4840000000000003e-05
Chlorodendrales,,,,2.2399999999999996e-05,2.994e-05
SAR324 clade(Marine group B),,,,2.2e-05,3.0180000000000002e-05
Blastocladiales,,,,2.6e-05,2.5560000000000003e-05
uncultured rumen bacterium  ,,,2e-05,1.36e-05,1.7700000000000003e-05
Cantharellales,,,,2.54e-05,2.562e-05
Neisseriales,,,,1.74e-05,3.3299999999999996e-05
Fibrobacterales,,,2e-05,8.6e-06,2.142e-05
Actiniaria,,,2e-05,1.6000000000000003e-05,1.3299999999999998e-05
NB1-j,,,,2.1000000000000002e-05,2.816e-05
uncultured rhizosphere zygomycete  ,,,2.5e-05,1.14e-05,1.136e-05
Nostocales,,,2e-05,8.8e-06,1.886e-05
Euplotida,,,2.5e-05,8.2e-06,1.36e-05
Thermoanaerobacterales,,,3e-05,7.499999999999999e-06,9.02e-06
Peptostreptococcales,,,,2.3e-05,2.3339999999999997e-05
Bacillariales,,,,6e-06,3.997999999999999e-05
Sneathiellales,,,,2.3e-05,2.2440000000000002e-05
Sapindales,,,,1.92e-05,2.462e-05
Candidatus Campbellbacteria,,,2e-05,1.2e-05,1.168e-05
Dasycladales,,,2e-05,1e-05,1.34e-05
Dinophysales,,,,1.8666666666666665e-05,2.43e-05
Sporidiobolales,,,,2.08e-05,2.196e-05
Rosales,,,,1.7999999999999997e-05,2.45e-05
Geodermatophilales,,,,2.36e-05,1.81e-05
Siphonostomatoida,,,,2.7499999999999998e-05,1.4099999999999999e-05
Anthoathecata,,,,2.4e-05,1.674e-05
Bryales,,,2e-05,8.400000000000001e-06,1.198e-05
1/21/4136,,,3e-05,4e-06,6.0600000000000004e-06
Caryophyllales,,,,1.7e-05,2.286e-05
Latescibacterota,,,,1.92e-05,2.0320000000000002e-05
Dacrymycetales,,,,1.5250000000000001e-05,2.382e-05
Holosporales,,,2e-05,4.2000000000000004e-06,1.444e-05
Pholidota,,,2e-05,1.02e-05,7.339999999999999e-06
possible order 07,,,,1.8e-05,1.9480000000000003e-05
uncultured crenarchaeote ,,,2e-05,4.9999999999999996e-06,1.232e-05
Parvularculales,,,,1.88e-05,1.8380000000000004e-05
Chlorosarcinales,,,2e-05,8.999999999999999e-06,8.14e-06
Chaetonotida,,,,1.825e-05,1.842e-05
SHA-43,,,,2.15e-05,1.458e-05
Acetobacterales,,,,1.825e-05,1.75e-05
Chaetosphaeriales,,,,2.05e-05,1.5240000000000001e-05
Euglyphida,,,2e-05,6.4e-06,9.02e-06
uncultured Parcubacteria group bacterium,,,2e-05,8.2e-06,7.14e-06
Chlorellales,,,,1.2200000000000002e-05,2.3e-05
Desmodorida,,,,1.4999999999999999e-05,1.978e-05
Gastropoda,,,,1.6e-05,1.8659999999999998e-05
Myxozoa,,,,1.1000000000000001e-05,2.27e-05
Tremellomycetes,,,,1.1e-05,2.262e-05
Phylactolaemata,,,,3.2500000000000004e-05,8e-07
Macrostomida,,,,8e-06,2.514e-05
Rubrobacterales,,,,1.38e-05,1.904e-05
Ploima,,,,1.1333333333333334e-05,2.14e-05
uncultured archaeon   ,,,,9.400000000000001e-06,2.2839999999999998e-05
Nitrococcales,,,,1.725e-05,1.394e-05
Nannocystales,,,,1.36e-05,1.716e-05
Thermales,,,,1.38e-05,1.6579999999999997e-05
Subgroup 22,,,,1.2e-05,1.836e-05
Synchytriales,,,,2e-05,1.026e-05
Aquificales,,,,1.15e-05,1.874e-05
Thaumatomonadida,,,,1.55e-05,1.3900000000000002e-05
Streptosporangiales,,,,8e-06,2.1299999999999996e-05
Calditrichales,,,,1.1000000000000001e-05,1.802e-05
PAUC43f marine benthic group,,,,1.4999999999999999e-05,1.396e-05
Gymnodiniales,,,,1.56e-05,1.3320000000000001e-05
Gymnodiniphycidae,,,,,2.8559999999999994e-05
Cypriniformes,,,,1.28e-05,1.5220000000000002e-05
Marinimicrobia (SAR406 clade),,,2e-05,4.25e-06,3.5999999999999994e-06
Gracilariales,,,2e-05,4e-06,3.8e-06
Capsasporidae,,,,1.25e-05,1.4119999999999999e-05
Agaricomycetes,,,,1.06e-05,1.552e-05
UBA10353 marine group,,,,1.0749999999999999e-05,1.53e-05
Terriglobales,,,,9.6e-06,1.616e-05
EC3,,,,1.6e-05,9.76e-06
Woesearchaeales,,,2e-05,2e-06,3.46e-06
uncultured bacterium,,,2e-05,2.4e-06,2.7200000000000002e-06
Sphaeropleales,,,,8.5e-06,1.662e-05
Desulfatiglandales,,,,1.18e-05,1.3239999999999999e-05
Gloeophyllales,,,2e-05,2e-06,1.8599999999999998e-06
Brassicales,,,,6e-06,1.7440000000000002e-05
Saccharomycetes,,,,9.2e-06,1.418e-05
Chlorophyta symbiont of Lubomirskia sp.,,,,1.325e-05,1.0120000000000001e-05
Subgroup 10,,,,1.04e-05,1.28e-05
uncultured marine bacterium,,,,2e-05,2.96e-06
MAST-3,,,,9.666666666666667e-06,1.304e-05
EPR3968-O8a-Bc78,,,,1.6e-05,6.5e-06
MBAE14,,,,1.2666666666666667e-05,9.66e-06
WCHB1-41,,,,7.666666666666667e-06,1.464e-05
Ignavibacteriales,,,,5.25e-06,1.6979999999999997e-05
Trechisporales,,,,1.2666666666666667e-05,9.339999999999999e-06
uncultured Acidobacteria bacterium ,,,,6e-06,1.582e-05
Candidatus Poseidoniales,,,,1.06e-05,1.12e-05
Pinophyta,,,,9.5e-06,1.23e-05
Araneae,,,2e-05,,1.7399999999999999e-06
Harpacticoida,,,,1.7e-05,4.34e-06
pItb-vmat-80,,,,1.02e-05,1.11e-05
RCP2-54,,,,1.7e-05,4.2000000000000004e-06
Subgroup 26,,,,1.1999999999999999e-05,8.860000000000002e-06
SubsectionIV,,,,6.999999999999999e-06,1.342e-05
Abeoformidae,,,,8.8e-06,1.1560000000000001e-05
PAUC26f,,,,9.5e-06,1.068e-05
Phoroniformea,,,,8.5e-06,1.1419999999999999e-05
Dacrymycetes,,,,1.2499999999999999e-05,7.099999999999999e-06
uncultured sponge,,,,1.4000000000000001e-05,5.5e-06
Pedinellales,,,,5e-06,1.4140000000000002e-05
Desulfurococcales,,,,6.5999999999999995e-06,1.224e-05
Bacteroidia Draconibacteriaceae,,,,8.400000000000001e-06,1.04e-05
CCM11a,,,,7e-06,1.158e-05
aaa34a10,,,,,1.8566666666666666e-05
Sporichthyales,,,,1.1e-05,7.340000000000001e-06
Marsupiomonadales,,,,8e-06,1.03e-05
Hymenochaetales,,,,2e-06,1.624e-05
X35,,,,7e-06,1.112e-05
JG30-KF-CM66,,,,1.08e-05,7.26e-06
Prasiolales,,,,1.1249999999999999e-05,6.720000000000001e-06
Subgroup 21,,,,9.75e-06,8.18e-06
Petrotogales,,,,8.4e-06,9.080000000000001e-06
uncultured Bacteroidetes bacterium ,,,,9.999999999999999e-06,7.3800000000000005e-06
Heterotrichida,,,,1.0500000000000001e-05,6.720000000000001e-06
SBR1031,,,,6.6e-06,1.032e-05
Tubulaniformes,,,,7.8e-06,8.8e-06
Anthozoa,,,,8.5e-06,7.88e-06
Psocoptera,,,,7.400000000000001e-06,8.82e-06
Protosteliida,,,,9e-06,7.12e-06
Diaporthales,,,,9.999999999999999e-06,6.040000000000001e-06
Spirulinales,,,,7.500000000000001e-06,8.48e-06
MAST-12,,,,4.5e-06,1.1459999999999999e-05
Neogastropoda,,,,9e-06,6.8e-06
Thermoproteales,,,,5.600000000000001e-06,1.0099999999999998e-05
Stemonitida,,,,6.6e-06,9.1e-06
Caedibacterales,,,,8.2e-06,7.46e-06
H67,,,,,1.5633333333333335e-05
uncultured archaeon  ,,,,4.199999999999999e-06,1.136e-05
Synergistales,,,,4e-06,1.148e-05
Deferrisomatales,,,,1.2e-05,3.2999999999999997e-06
Nevskiales,,,,7.5e-06,7.539999999999999e-06
Myzostomida,,,,9e-06,6e-06
Jakobida,,,,3e-06,1.198e-05
uncultured marine archaeon,,,,6.8e-06,8.18e-06
uncultured prokaryote ,,,,9e-06,5.88e-06
Vicinamibacterales,,,,1.3e-05,1.84e-06
KCLunmb-38-53,,,,,1.47e-05
uncultured Chloroflexi bacterium  ,,,,5.999999999999999e-06,8.68e-06
Arecales,,,,4.5e-06,1.0080000000000002e-05
Dadabacteriales,,,,9.5e-06,5.06e-06
Chlorobiales,,,,5.600000000000001e-06,8.76e-06
Rhizophydiales,,,,,1.404e-05
Plasmodiophorida,,,,9e-06,4.86e-06
Omnitrophales,,,,6.999999999999999e-06,6.86e-06
Mecoptera,,,,5.75e-06,7.86e-06
Chitonida,,,,1e-05,3.466666666666667e-06
Nitrosococcales,,,,6.8e-06,6.659999999999999e-06
Diplorickettsiales,,,,5e-06,8.36e-06
Subgroup 17,,,,9.333333333333334e-06,3.980000000000001e-06
PLTA13,,,,8.25e-06,4.980000000000001e-06
Verrucomicrobia bacterium SCGC,,,,9.250000000000001e-06,3.76e-06
Phthiraptera,,,,5.600000000000001e-06,7.24e-06
Amphitremida,,,,9e-06,3.8e-06
Sulfolobales,,,,8e-06,4.8e-06
Ophiostomatales,,,,4.75e-06,7.96e-06
Halanaerobiales,,,,5.2e-06,7.2999999999999996e-06
Longimicrobiales,,,,3.3333333333333337e-06,9.14e-06
Polycladida,,,,6e-06,6.419999999999999e-06
Chloroflexales,,,,3.333333333333333e-06,9.080000000000001e-06
Gromiida,,,,6.333333333333333e-06,5.74e-06
Pseudanabaenales,,,,5.4e-06,6.52e-06
Leptocylindrales,,,,9e-06,2.8e-06
Helotiales,,,,4.4e-06,7.36e-06
Cupressales,,,,3.6000000000000003e-06,8.08e-06
Mariprofundales,,,,6.333333333333333e-06,5.18e-06
vadinHA49,,,,4.000000000000001e-06,7.339999999999999e-06
Ardenticatenales,,,,7e-06,3.94e-06
Rs-M47,,,,8e-06,2.88e-06
uncultured Banisveld eukaryote  ,,,,4.9999999999999996e-06,5.88e-06
Flosculariaceae,,,,8e-06,2.775e-06
uncultured organism  ,,,,3e-06,7.639999999999998e-06
Nitrospinales,,,,4.749999999999999e-06,5.78e-06
Pseudoamphisiellida,,,,4.9999999999999996e-06,5.36e-06
Glomerellales,,,,2e-06,8.34e-06
Ustilaginales,,,,4e-06,6.319999999999999e-06
Blastodiniales,,,,,1.03e-05
Proteales,,,,3.5e-06,6.7799999999999995e-06
UASB-TL25,,,,9e-06,1.0999999999999998e-06
Mollicutes RF9,,,,3e-06,7.099999999999999e-06
Chattonellales,,,,4e-06,5.74e-06
Trueperales,,,,5.25e-06,4.360000000000001e-06
Watanabeales,,,,5e-06,4.58e-06
Desulfarculales,,,,5.5e-06,3.920000000000001e-06
Orbales,,,,6e-06,3.3800000000000002e-06
Lepetellida,,,,4.8e-06,4.58e-06
Euzebyales,,,,6e-06,3.32e-06
Limnochordia,,,,7.500000000000001e-06,1.7e-06
Ericales,,,,5e-06,4.14e-06
Fimbriimonadales,,,,5.5e-06,3.6200000000000005e-06
Isochrysidales,,,,4.5e-06,4.52e-06
Arguloida,,,,6e-06,2.92e-06
Saccharimonadales,,,,6e-06,2.92e-06
Pla3 lineage,,,,4.5e-06,4.340000000000001e-06
EM3,,,,5e-06,3.82e-06
Pleuronematida,,,,4.666666666666667e-06,4.06e-06
Monoblepharidales,,,,5e-06,3.7200000000000004e-06
AT-s3-28,,,,6.5000000000000004e-06,2.2200000000000003e-06
unidentified eubacterium clone BSV85 ,,,,4.5e-06,4.08e-06
Defferrisomatales,,,,5.5e-06,2.9e-06
Priapulimorphida,,,,5e-06,3.3e-06
uncultured phototrophic eukaryote  ,,,,2.4999999999999998e-06,5.7800000000000006e-06
Dipodascales,,,,4.9999999999999996e-06,3.26e-06
Plagiopylida,,,,8e-06,
AT-s16,,,,6e-06,2e-06
Corticiales,,,,,7.960000000000002e-06
Holophagales,,,,4.5e-06,3.46e-06
Isopoda,,,,2.4999999999999998e-06,5.400000000000001e-06
Teuthida,,,,5e-06,2.8799999999999995e-06
Latescibacterales,,,,4e-06,3.84e-06
Biddulphiales,,,,4.9999999999999996e-06,2.74e-06
Trichonosema,,,,4.25e-06,3.46e-06
Cheilostomatida,,,,4.000000000000001e-06,3.5800000000000005e-06
Parabasalia,,,,4.000000000000001e-06,3.56e-06
Bryopsidales,,,,3.5000000000000004e-06,4.0200000000000005e-06
Myrtales,,,,2.25e-06,5.16e-06
Candidatus Giovannonibacteria bacterium GW2011_GWB1_43_13,,,,4.8e-06,2.42e-06
Aphelidium aff. melosirae P-1,,,,,7.2e-06
Candidatus Pelagibacterales,,,,2.4999999999999998e-06,4.6400000000000005e-06
Sporadotrichida,,,,4.333333333333334e-06,2.74e-06
Liliales,,,,2e-06,5.06e-06
Onygenales,,,,2e-06,5.039999999999999e-06
Kineosporiales,,,,4e-06,2.98e-06
Acidaminococcales,,,,5e-06,1.92e-06
Pyrenomonadales,,,,5e-06,1.8666666666666669e-06
Ctenostomatida,,,,3.333333333333333e-06,3.4799999999999997e-06
uncultured euryarchaeote,,,,,6.7e-06
Phaffomycetales,,,,5.5e-06,1.14e-06
Nudibranchia,,,,2e-06,4.600000000000001e-06
Crocodylia,,,,3e-06,3.56e-06
Candidatus Curtissbacteria bacterium GW2011_GWA1_40_47,,,,,6.55e-06
uncultured Thermomicrobia bacterium  ,,,,3.6666666666666666e-06,2.8400000000000003e-06
Ichthyophonida,,,,3.5e-06,2.98e-06
Thalassobaculales,,,,,6.46e-06
Leptomyxida,,,,3.2500000000000002e-06,3.2000000000000007e-06
uncultured eukaryote  ,,,,3e-06,3.4e-06
Batrachospermales,,,,,6.380000000000001e-06
Oligosphaerales,,,,2e-06,4.360000000000001e-06
Thermomicrobiales,,,,4e-06,2.34e-06
Leotiomycetes,,,,4e-06,2.22e-06
Geraniales,,,,3.4999999999999995e-06,2.66e-06
uncultured Verrucomicrobia subdivision 5 bacterium,,,,5e-06,1.1399999999999999e-06
Entomobryomorpha,,,,3e-06,3.1e-06
Desertifilales,,,,4.5e-06,1.5799999999999997e-06
uncultured diatom   ,,,,2e-06,4.08e-06
Parachela,,,,,6.060000000000001e-06
Scleractinia,,,,,6.06e-06
Cardiobacteriales,,,,,6.02e-06
Deferribacterales,,,,4.5e-06,1.52e-06
S-BQ2-57 soil group,,,,5e-06,1e-06
Cristamonadida,,,,4.000000000000001e-06,1.98e-06
Cladosporiales,,,,5e-06,9.6e-07
Bryobacterales,,,,2e-06,3.9399999999999995e-06
Abditibacteriales,,,,3.25e-06,2.68e-06
Wallemiales,,,,5e-06,8.599999999999999e-07
JG30-KF-CM45,,,,2e-06,3.78e-06
JG30-KF-AS9,,,,3.5e-06,2.2599999999999995e-06
uncultured euryarchaeote   ,,,,2.6666666666666664e-06,3.0399999999999997e-06
uncultured freshwater eukaryote  ,,,,5e-06,6.4e-07
Dicranales,,,,4e-06,1.6e-06
Fornicata,,,,3e-06,2.58e-06
Pirsoniales,,,,,5.4e-06
Suessiales,,,,2.4999999999999998e-06,2.8800000000000004e-06
Galdieriales,,,,,5.36e-06
Dermaptera,,,,4e-06,1.32e-06
Umbelopsidales,,,,4e-06,1.28e-06
Charales,,,,2e-06,3.2e-06
Mucorales,,,,,5.1799999999999995e-06
Thysanoptera,,,,2e-06,3.18e-06
Trichoptera,,,,3e-06,2.1400000000000003e-06
Urocystidales,,,,,5.0999999999999995e-06
Nitriliruptorales,,,,3e-06,2.0599999999999998e-06
Seguenziida,,,,4e-06,1.0399999999999998e-06
Ascoideales,,,,2.4999999999999998e-06,2.4999999999999998e-06
AKYG1722,,,,3e-06,1.94e-06
Thermotogales,,,,2e-06,2.94e-06
Picea glauca (white spruce) ,,,,2e-06,2.94e-06
Endogenida,,,,3.5000000000000004e-06,1.38e-06
unidentified archaeon ,,,,3e-06,1.88e-06
Coelacanthiformes,,,,3e-06,1.8600000000000002e-06
Prorocentrales,,,,3e-06,1.8200000000000002e-06
Thermogemmatisporales,,,,3e-06,1.8000000000000001e-06
Saccharomycodales,,,,3e-06,1.8000000000000001e-06
WPS-2,,,,3e-06,1.76e-06
uncultured sediment,,,,3e-06,1.76e-06
Peronosporales,,,,2.4999999999999998e-06,2.26e-06
Exobasidiales,,,,2e-06,2.74e-06
Chromulinales,,,,,4.72e-06
Acidiferrobacterales,,,,,4.7e-06
Kapabacteriales,,,,,4.680000000000001e-06
Zoraptera,,,,2.4999999999999998e-06,2.14e-06
uncultured freshwater cryptophyte  ,,,,3e-06,1.6200000000000002e-06
Acidobacteriae,,,,4e-06,5.5e-07
Oegopsida,,,,2e-06,2.5000000000000006e-06
Neobodonida,,,,2e-06,2.5e-06
Lulworthiales,,,,2e-06,2.44e-06
Kallotenuales,,,,3e-06,1.4400000000000002e-06
Trentepohliales,,,,3e-06,1.4200000000000002e-06
Noctilucales,,,,2.25e-06,2.1000000000000002e-06
Venturiales,,,,,4.340000000000001e-06
Tremellales,,,,2e-06,2.34e-06
RM2-SGM51,,,,,4.319999999999999e-06
Boraginales,,,,3e-06,1.2e-06
uncultured anaerobic bacterium ,,,,,4.2e-06
Mamiellales,,,,2e-06,2.12e-06
MAST-12C,,,,2e-06,2.0799999999999996e-06
Taphrinales,,,,3e-06,1.0800000000000002e-06
MAST-1,,,,2e-06,2.04e-06
Obscuribacterales,,,,2.4999999999999998e-06,1.5399999999999999e-06
Cyathomonadacea,,,,2e-06,2.02e-06
Littorinimorpha,,,,2e-06,2.0000000000000003e-06
uncultured Chytridiomycota   ,,,,,4e-06
Pneumocystales,,,,2e-06,1.9600000000000003e-06
mle1-8,,,,2e-06,1.9600000000000003e-06
Cycloneritida,,,,3e-06,9.000000000000001e-07
Tsukubamonadida,,,,3e-06,8.8e-07
C86,,,,2e-06,1.88e-06
Glomerales,,,,,3.8599999999999995e-06
Sumerlaeales,,,,3e-06,8.400000000000001e-07
Neocallimastigales,,,,,3.820000000000001e-06
Vestibuliferida,,,,2e-06,1.8e-06
Camarodonta,,,,2.4999999999999998e-06,1.2999999999999998e-06
Sh765B-AG-111,,,,2e-06,1.7800000000000003e-06
Tissierellales,,,,,3.78e-06
GIF9,,,,2e-06,1.76e-06
uncultured Verrucomicrobia bacterium,,,,,3.74e-06
Neuroptera,,,,2e-06,1.7399999999999999e-06
S15A-MN16,,,,3e-06,7.399999999999999e-07
Nitrosopumilales,,,,2e-06,1.7399999999999999e-06
Eubodonida,,,,2e-06,1.6799999999999998e-06
Septobasidiales,,,,2e-06,1.66e-06
Hemiaulales,,,,,3.62e-06
Cyanophora paradoxa   ,,,,3e-06,5.8e-07
Peronosporomycetes,,,,,3.54e-06
Gastranaerophilales,,,,2e-06,1.54e-06
062DZ93 hypersaline microbial mat group,,,,2.4999999999999998e-06,1.0399999999999998e-06
Subgroup 7,,,,2e-06,1.52e-06
Eustigmatales,,,,2e-06,1.52e-06
Isosphaerales,,,,,3.4200000000000003e-06
Homosclerophorida,,,,3e-06,4e-07
unidentified archaeon,,,,3e-06,3.5e-07
Chaetothyriales,,,,2e-06,1.34e-06
Parvibaculales,,,,,3.32e-06
WWE3,,,,2e-06,1.2999999999999998e-06
Celastrales,,,,2e-06,1.2600000000000002e-06
uncultured proteobacterium  ,,,,2e-06,1.2e-06
Pleurobranchida,,,,2e-06,1.18e-06
uncultured marine group,,,,,3.1600000000000002e-06
Mysida,,,,2e-06,1.1249999999999998e-06
Podocopida,,,,2e-06,1.1199999999999999e-06
028H05-P-BN-P5,,,,,3.1e-06
SZB50,,,,,3.1e-06
Dilleniales,,,,2.4999999999999998e-06,5.800000000000001e-07
Armatimonadales,,,,2e-06,1.06e-06
Tenderiales,,,,,3.06e-06
Pezizales,,,,,3.06e-06
Artiodactyla,,,,2e-06,1.02e-06
Microascales,,,,2e-06,1e-06
Heteronemertea,,,,2e-06,1e-06
Actinopolysporales,,,,2e-06,9.800000000000001e-07
Cucurbitales,,,,,2.98e-06
Acidilobales,,,,2e-06,9.400000000000001e-07
Heterobranchia,,,,,2.9000000000000006e-06
Teloschistales,,,,2e-06,8.6e-07
Gomphales,,,,2e-06,8.599999999999999e-07
Chroococcidiopsidales,,,,,2.82e-06
Tetraphidales,,,,2e-06,8e-07
Pucciniomycetes,,,,2e-06,7.6e-07
070125-BRIC7-5,,,,2e-06,7.199999999999999e-07
Chlamydodontida,,,,2e-06,7.199999999999999e-07
Solemyida,,,,,2.7e-06
Pirsonia,,,,2e-06,6.8e-07
Poecilostomatoida,,,,,2.65e-06
Bangiales,,,,,2.6e-06
uncultured microorganism  ,,,,2e-06,6e-07
D8A-2,,,,2e-06,6e-07
Amphipoda,,,,2e-06,6e-07
Sebdeniales,,,,2e-06,5.75e-07
Mesoaciditogales,,,,2e-06,5.599999999999999e-07
FS117-23B-02,,,,2e-06,5.599999999999999e-07
Monogononta,,,,,2.55e-06
Peptostreptococcales-Tissierellales,,,,,2.5400000000000002e-06
Gelidiales,,,,2e-06,5.399999999999999e-07
Limnochordales,,,,2e-06,5.4e-07
uncultured Nitrosopumilales,,,,2e-06,5e-07
Surirellales,,,,2e-06,5e-07
OLI11255,,,,2e-06,5e-07
Laurales,,,,2e-06,4.800000000000001e-07
Francisellales,,,,,2.48e-06
Cystobasidiales,,,,,2.4666666666666666e-06
Thelebolales,,,,2e-06,4.6e-07
Anaeroplasmatales,,,,,2.44e-06
Capilloventrida,,,,2e-06,4.1999999999999995e-07
Gossypium hirsutum (upland cotton) ,,,,2e-06,4e-07
Blfdi19,,,,,2.4e-06
Rhinebothriidea,,,,,2.4e-06
Trichinellida,,,,2e-06,3.6e-07
Acorales,,,,2e-06,3.5e-07
Rhabdocoela,,,,,2.34e-06
Candidatus Moranbacteria,,,,2e-06,3.2499999999999996e-07
uncultured Acidobacteria bacterium  ,,,,2e-06,3.2e-07
Bursovaginoidea,,,,2e-06,3e-07
Acytosteliales,,,,2e-06,3e-07
Trichonymphida,,,,,2.2999999999999996e-06
UA11,,,,,2.26e-06
Gregarinasina,,,,,2.26e-06
Limisphaerales,,,,,2.26e-06
uncultured planctomycete  ,,,,,2.2599999999999995e-06
Pseudonosema,,,,2e-06,2.5e-07
Tetramerocerata,,,,,2.2e-06
Chlorocystidales,,,,2e-06,2e-07
Candidatus Moranbacteria bacterium GW2011_GWD2_37_9,,,,2e-06,2e-07
Savoryellales,,,,2e-06,2e-07
MBNT15,,,,,2.15e-06
Blattodea,,,,,2.12e-06
SAR202 clade,,,,,2.1000000000000002e-06
Paracaedibacterales,,,,,2.1000000000000002e-06
Nautiliales,,,,,2.1e-06
Ploimida,,,,,2.1e-06
Defluviicoccales,,,,,2.06e-06
Lichinales,,,,,2.05e-06
Schekmanbacteria,,,,,2.04e-06
Candidatus Nomurabacteria bacterium GW2011_GWC2_42_20,,,,,2.033333333333333e-06
Phyllodocida,,,,,2e-06
NB1-n,,,,,2e-06
Porphyridiales,,,,,2e-06
Archaeoglobales,,,,,1.98e-06
Bacillariophyceae,,,,,1.92e-06
Mastigamoebida,,,,,1.88e-06
Mycosphaerellales,,,,,1.88e-06
Ranunculales,,,,,1.88e-06
Cephalaspidea,,,,,1.85e-06
Laminariales,,,,,1.84e-06
SHBZ1548,,,,,1.825e-06
Choreotrichida,,,,,1.8200000000000002e-06
Candidatus Azambacteria,,,,,1.8000000000000001e-06
Margulisbacteria,,,,,1.8000000000000001e-06
Milano-WF1B-44,,,,,1.7400000000000003e-06
Ulvales,,,,,1.7399999999999999e-06
Acidithiobacillales,,,,,1.7399999999999999e-06
Solanum lycopersicum (tomato)  ,,,,,1.7e-06
Methylomirabilales,,,,,1.7e-06
Cyanidiales,,,,,1.7e-06
Physariida,,,,,1.6800000000000002e-06
Nucleophaga,,,,,1.6799999999999998e-06
Chondrillida,,,,,1.65e-06
Izemoplasmatales,,,,,1.64e-06
Rhizomastix,,,,,1.6249999999999997e-06
Apusomonadida,,,,,1.6200000000000002e-06
Eunotiales,,,,,1.6200000000000002e-06
TRA3-20,,,,,1.6e-06
Calanoida,,,,,1.6e-06
EV818SWSAP88,,,,,1.6e-06
CK-1C2-67,,,,,1.5799999999999997e-06
Odonata,,,,,1.5599999999999999e-06
Leptostraca,,,,,1.5599999999999999e-06
Apiales,,,,,1.54e-06
JTB23,,,,,1.54e-06
Acoelomorpha,,,,,1.5333333333333334e-06
wastewater metagenome  ,,,,,1.5249999999999998e-06
Eunicida,,,,,1.5200000000000003e-06
Coxiellales,,,,,1.52e-06
Methanococcales,,,,,1.5e-06
SC-I-84,,,,,1.4999999999999998e-06
Candidatus Sumerlaeales,,,,,1.4800000000000002e-06
Terrestrial Miscellaneous Gp(TMCG),,,,,1.48e-06
0319-6G20,,,,,1.48e-06
Enoplida,,,,,1.45e-06
unidentified marine bacterioplankton ,,,,,1.4400000000000002e-06
Veillonellales-Selenomonadales,,,,,1.4400000000000002e-06
Candidatus Berkiellales,,,,,1.44e-06
Chaetophorales,,,,,1.44e-06
Priapulida,,,,,1.4000000000000001e-06
uncultured marine bacterium ,,,,,1.38e-06
MSB-3A7 sediment group,,,,,1.38e-06
Candidatus Aminicenantales,,,,,1.3199999999999999e-06
Haloplasmatales,,,,,1.3199999999999999e-06
uncultured gamma proteobacterium  ,,,,,1.2600000000000002e-06
Veillonellales,,,,,1.26e-06
Steroidobacterales,,,,,1.2400000000000002e-06
uncultured Chloroflexi bacterium ,,,,,1.24e-06
Selaginellales,,,,,1.2333333333333333e-06
Barbatosporales,,,,,1.2333333333333333e-06
Hildenbrandiales,,,,,1.22e-06
Pla1 lineage,,,,,1.2199999999999998e-06
Lineage IIb,,,,,1.2e-06
Gloeochaetales,,,,,1.2e-06
vadinBA26,,,,,1.2e-06
Chromadorea,,,,,1.2e-06
Zygnematales,,,,,1.2e-06
Parcubacteria,,,,,1.18e-06
Dactylogyridea,,,,,1.1600000000000001e-06
Opitutae vadinHA64,,,,,1.1600000000000001e-06
Diphyllobothriidea,,,,,1.1600000000000001e-06
ANME-1,,,,,1.1600000000000001e-06
uncultured Acidobacteriales bacterium ,,,,,1.1399999999999999e-06
Longamoebia,,,,,1.1399999999999999e-06
Brocadiales,,,,,1.12e-06
Agaricostilbales,,,,,1.12e-06
ADurb.Bin180,,,,,1.1e-06
MB-A2-108,,,,,1.1e-06
Candidatus Magasanikbacteria bacterium GW2011_GWC2_40_17,,,,,1.1e-06
Saprolegniales,,,,,1.1e-06
Glycomycetales,,,,,1.0800000000000002e-06
Candidatus Peregrinibacteria,,,,,1.08e-06
Malawimonadida,,,,,1.08e-06
Plectida,,,,,1.08e-06
Lineage I,,,,,1.0749999999999999e-06
Gammaproteobacteria Unknown Family,,,,,1.06e-06
Mediophyceae,,,,,1.06e-06
Geobacterales,,,,,1.0599999999999998e-06
Solanum melongena (eggplant)  ,,,,,1.0599999999999998e-06
Nephroselmidales,,,,,1.0500000000000001e-06
Candidatus Obscuribacterales,,,,,1.04e-06
Subgroup 23,,,,,1.02e-06
Pertusariales,,,,,1.0000000000000002e-06
Caliciales,,,,,1e-06
Candidatus Daviesbacteria bacterium GW2011_GWA1_41_61,,,,,1e-06
MAST-8,,,,,1e-06
IMCC26256,,,,,1e-06
Chlorokybales,,,,,1e-06
Anaerosomatales,,,,,1e-06
Peptococcales,,,,,9.8e-07
R7C24,,,,,9.75e-07
Textulariida,,,,,9.666666666666668e-07
Tintinnida,,,,,9.600000000000001e-07
SCM37C52,,,,,9.6e-07
Dehalococcoidales,,,,,9.6e-07
Perissodactyla,,,,,9.6e-07
WCHB1-81,,,,,9.6e-07
Subgroup 18,,,,,9.4e-07
Ectothiorhodospirales,,,,,9.249999999999999e-07
Archaeosporales,,,,,9.2e-07
Zixibacteria,,,,,9.000000000000001e-07
unidentified marine bacterioplankton  ,,,,,9.000000000000001e-07
FW22,,,,,9.000000000000001e-07
Notothyladales,,,,,9e-07
Chitinivibrionales,,,,,9e-07
Parcubacteria bacterium C7867-005 ,,,,,8.8e-07
HTA4,,,,,8.666666666666667e-07
Dolichomastigales,,,,,8.599999999999999e-07
Ancyromonadida,,,,,8.599999999999999e-07
Nymphaeales,,,,,8.599999999999999e-07
Licnophorida,,,,,8.499999999999999e-07
Rhodymeniales,,,,,8.499999999999999e-07
Mobilida,,,,,8.399999999999999e-07
Candidatus Izemoplasmatales,,,,,8.399999999999999e-07
Terrimicrobiales,,,,,8.333333333333332e-07
Peltigerales,,,,,8.249999999999999e-07
Fervidicoccales,,,,,8.249999999999999e-07
RBG-16-55-12,,,,,8.2e-07
Oedogoniales,,,,,8e-07
Polypodiales,,,,,8e-07
uncultured thaumarchaeote ,,,,,8e-07
Ahnfeltiales,,,,,8e-07
Nephromycida,,,,,8e-07
ST-12K10A,,,,,8e-07
BD72BR169,,,,,8e-07
Micropepsales,,,,,8e-07
PS-B29,,,,,8e-07
Candidatus Nomurabacteria,,,,,8e-07
Thermococcales,,,,,7.799999999999999e-07
Umbilicariales,,,,,7.75e-07
Dorylaimia,,,,,7.666666666666667e-07
uncultured crenarchaeote   ,,,,,7.666666666666667e-07
Catenulisporales,,,,,7.599999999999999e-07
Corallinales,,,,,7.599999999999999e-07
Bonnemaisoniales,,,,,7.599999999999998e-07
Parcubacteria group bacterium GW2011_GWF2_40_69,,,,,7.5e-07
Picochlorum eukaryotum   ,,,,,7.5e-07
Lineage IIc,,,,,7.499999999999999e-07
Clostridia vadinBB60 group,,,,,7.4e-07
Caenarcaniphilales,,,,,7.4e-07
Synurales,,,,,7.333333333333333e-07
Orthonectida,,,,,7.2e-07
Hot Creek 32,,,,,7.2e-07
Diplomonadida,,,,,7.000000000000001e-07
Moduliflexales,,,,,7.000000000000001e-07
Petalomonadida,,,,,7e-07
uncultured Thermotogae bacterium  ,,,,,7e-07
Candidatus Yonathbacteria,,,,,7e-07
Gomontiellales,,,,,7e-07
Ochromonadales,,,,,6.999999999999999e-07
Cavosteliida,,,,,6.8e-07
LCP-89,,,,,6.8e-07
Dendrochirotida,,,,,6.749999999999999e-07
Lithobiomorpha,,,,,6.666666666666666e-07
Dipsacales,,,,,6.599999999999999e-07
Aminicenantales,,,,,6.599999999999999e-07
Thermoactinomycetales,,,,,6.499999999999999e-07
Peniculida,,,,,6.499999999999999e-07
Austrobaileyales,,,,,6.499999999999999e-07
43F-1404R,,,,,6.499999999999999e-07
Dendrogastrida,,,,,6.499999999999999e-07
Hyocrinida,,,,,6.499999999999999e-07
Asterales,,,,,6.4e-07
Rhabdomonadales,,,,,6.4e-07
Mantophasmatodea,,,,,6.399999999999999e-07
Run-SP154,,,,,6.333333333333333e-07
Halymeniales,,,,,6.25e-07
Dictyosteliales,,,,,6.2e-07
Embioptera,,,,,6.2e-07
Kryptoniales,,,,,6.2e-07
Protostomatida,,,,,6.199999999999999e-07
Ostropales,,,,,6.000000000000001e-07
Katablepharis,,,,,6e-07
Bacillariophyta sp. GSL075  ,,,,,6e-07
Rhizophlyctidales,,,,,6e-07
Isolaimida,,,,,6e-07
SJA-28,,,,,6e-07
uncultured prokaryote   ,,,,,6e-07
Diversisporales,,,,,6e-07
Pichiales,,,,,6e-07
Testudines,,,,,6e-07
Cloacimonadales,,,,,6e-07
Phaeomoniellales,,,,,5.800000000000001e-07
Candidatus Lloydbacteria,,,,,5.75e-07
SL56 marine group,,,,,5.75e-07
Leptospirales,,,,,5.666666666666666e-07
Venerida,,,,,5.666666666666666e-07
hypersaline lake,,,,,5.5e-07
Picomonadidae,,,,,5.5e-07
TX1A-33,,,,,5.5e-07
Rhynchonelliformea,,,,,5.5e-07
4-Org1-14,,,,,5.400000000000001e-07
uncultured soil bacterium  ,,,,,5.4e-07
PYR10d3,,,,,5.399999999999999e-07
Urostylida,,,,,5.333333333333333e-07
Nicotiana tabacum (common tobacco) ,,,,,5.333333333333333e-07
bacterium SH3-11 ,,,,,5.333333333333333e-07
uncultured Armatimonadetes bacterium  ,,,,,5.25e-07
Catenulida,,,,,5.25e-07
Ellobiida,,,,,5.199999999999999e-07
Hymenostomatida,,,,,5.199999999999999e-07
Gigartinales,,,,,5.199999999999999e-07
Nemastomatales,,,,,5.199999999999999e-07
Verongiida,,,,,5e-07
Pyrenulales,,,,,5e-07
Thermodesulfobacteriales,,,,,5e-07
ML-A-10,,,,,5e-07
Sphacelariales,,,,,5e-07
MAST-9,,,,,5e-07
Cephalodiscida,,,,,5e-07
Lyrellales,,,,,5e-07
Dictyochales,,,,,5e-07
OPB41,,,,,5e-07
Basidiobolales,,,,,5e-07
Buxales,,,,,5e-07
Oxyrrhinales,,,,,5e-07
Elsterales,,,,,5e-07
SJA-15,,,,,5e-07
Fractovitellida,,,,,4.800000000000001e-07
Nanoarchaeales,,,,,4.8e-07
Protosporangiidae,,,,,4.8e-07
Rhodellales,,,,,4.8e-07
Palmophyllales,,,,,4.8e-07
Preaxostyla,,,,,4.8e-07
Fucales,,,,,4.8e-07
Halocyprida,,,,,4.75e-07
uncultured deep-sea bacterium  ,,,,,4.75e-07
Anopla,,,,,4.75e-07
Acipenseriformes,,,,,4.7499999999999995e-07
Mazocraeidea,,,,,4.6666666666666666e-07
Candidatus Wolfebacteria bacterium GW2011_GWC1_37_10,,,,,4.6e-07
Berkelbacteria,,,,,4.6e-07
Mesostigmatales,,,,,4.6e-07
Orbiliales,,,,,4.6e-07
Desmidiales,,,,,4.6e-07
Polychytriales,,,,,4.6e-07
Moorellales,,,,,4.6e-07
Monstrilloida,,,,,4.5e-07
Paenibacillales,,,,,4.5e-07
Heterogastridiales,,,,,4.5e-07
LD1-PA32,,,,,4.5e-07
Holtermanniales,,,,,4.5e-07
Nicotiana sylvestris (wood tobacco) ,,,,,4.5e-07
Nassellaria,,,,,4.4e-07
Bubarida,,,,,4.399999999999999e-07
Echinorhynchida,,,,,4.333333333333333e-07
Ectocarpales,,,,,4.333333333333333e-07
Gentianales,,,,,4.333333333333333e-07
Strepsiptera,,,,,4.333333333333333e-07
Spionida,,,,,4.333333333333333e-07
Dictyoglomales,,,,,4.25e-07
MSBL5,,,,,4.1999999999999995e-07
Monostilifera,,,,,4.1999999999999995e-07
Arcellinida,,,,,4.1999999999999995e-07
MBA03,,,,,4.1999999999999995e-07
B1-7BS,,,,,4e-07
BOLA914,,,,,4e-07
Architaenioglossa,,,,,4e-07
Kosmotogales,,,,,4e-07
Candidatus Komeilibacteria,,,,,4e-07
Senoma,,,,,4e-07
Cephalopoda,,,,,4e-07
Castanea mollissima (Chinese chestnut) ,,,,,4e-07
NIF-4C10,,,,,4e-07
Aplysiida,,,,,4e-07
Geoglossales,,,,,4e-07
Peyssonneliales,,,,,4e-07
S085,,,,,4e-07
Candidatus Magasanikbacteria bacterium GW2011_GWC2_45_8,,,,,4e-07
Chiroptera,,,,,4e-07
Pedinomonadales,,,,,4e-07
Sulfobacillales,,,,,4e-07
Clevelandellida,,,,,4e-07
Phasmatodea,,,,,4e-07
Funariales,,,,,4e-07
uncultured Microgenomates group bacterium,,,,,3.8e-07
Bathyarchaeia,,,,,3.8e-07
Lecithoepitheliata,,,,,3.7999999999999996e-07
Hyperamoeba sp. 2 EJC ,,,,,3.7999999999999996e-07
Imbricatea,,,,,3.75e-07
Oscillospirales,,,,,3.75e-07
Palmariales,,,,,3.75e-07
Oryza sativa Indica Group (long-grained,,,,,3.6666666666666667e-07
wastewater metagenome   ,,,,,3.6666666666666667e-07
Triticum aestivum (bread wheat) ,,,,,3.6666666666666667e-07
Coccolithales,,,,,3.6000000000000005e-07
Acrosymphytales,,,,,3.6e-07
Cryptomonas,,,,,3.6e-07
Chthonomonadales,,,,,3.6e-07
Nephridiophaga,,,,,3.5000000000000004e-07
Amphioxiformes,,,,,3.5000000000000004e-07
BMS9AB35,,,,,3.5e-07
MVP-15,,,,,3.5e-07
Ceramiales,,,,,3.5e-07
Flamella,,,,,3.5e-07
Euglenophyceae,,,,,3.5e-07
MVP-21,,,,,3.5e-07
Amoeboaphelidium protococcarum  ,,,,,3.5e-07
FCPU453,,,,,3.5e-07
Arthracanthida,,,,,3.5e-07
Ferrovales,,,,,3.4000000000000003e-07
Dothideales,,,,,3.4000000000000003e-07
Hypnales,,,,,3.4e-07
Aphragmophora,,,,,3.333333333333333e-07
Megaloptera,,,,,3.25e-07
uncultured prokaryote  ,,,,,3.2e-07
Trochida,,,,,3.2e-07
D226,,,,,3e-07
AA5F1,,,,,3e-07
UCT N117,,,,,3e-07
SGUH624,,,,,3e-07
Nanaloricida,,,,,3e-07
Nemertodermatida,,,,,3e-07
Crossosomatales,,,,,3e-07
Marchantiales,,,,,3e-07
BC-COM435,,,,,3e-07
DG-20,,,,,3e-07
Squamata,,,,,3e-07
Sporolithales,,,,,3e-07
Agaricostilbomycetes,,,,,3e-07
Haplosclerida,,,,,3e-07
Axinellida,,,,,3e-07
Baeomycetales,,,,,3e-07
uncultured dinoflagellate   ,,,,,3e-07
Thoracosphaerales,,,,,3e-07
Thiohalomonadales,,,,,3e-07
Candidatus Pacebacteria bacterium GW2011_GWF1_36_5,,,,,3e-07
Adinetida,,,,,3e-07
uncultured delta proteobacterium  ,,,,,3e-07
Limifossorida,,,,,3e-07
Cephalothecales,,,,,3e-07
Candidatus Magasanikbacteria,,,,,3e-07
Parcubacteria group bacterium GW2011_GWE1_40_20,,,,,3e-07
Chromadorida,,,,,3e-07
Pinguiochrysidales,,,,,3e-07
Schizosaccharomycetales,,,,,3e-07
Schizosaccharomycetes,,,,,3e-07
Chaetopeltidales,,,,,3e-07
Candidatus Magasanikbacteria bacterium GW2011_GWA2_56_11,,,,,3e-07
Stylommatophora,,,,,3e-07
Zygodiscales,,,,,3e-07
Dstr-E11,,,,,3e-07
Synhymeniida,,,,,3e-07
Botryosphaeriales,,,,,3e-07
Tanaidacea,,,,,3e-07
Mantodea,,,,,3e-07
Teleostei,,,,,2.75e-07
Sorogenida,,,,,2.75e-07
Amborellales,,,,,2.75e-07
Protoheterotrichida,,,,,2.6666666666666667e-07
Stichotrichida,,,,,2.6666666666666667e-07
Parcubacteria group bacterium GW2011_GWA2_39_18,,,,,2.6666666666666667e-07
Cladophorales,,,,,2.6666666666666667e-07
AK4AB2-03B,,,,,2.6666666666666667e-07
uncultured Cenarchaeum sp.,,,,,2.6666666666666667e-07
Carybdeida,,,,,2.6666666666666667e-07
Paramicrosporidium,,,,,2.6666666666666667e-07
Grylloblattodea,,,,,2.6666666666666667e-07
Crenarchaeote enrichment culture,,,,,2.6666666666666667e-07
Proseriata,,,,,2.5999999999999995e-07
Lycopodiales,,,,,2.5e-07
Fossombroniales,,,,,2.5e-07
Jungermanniales,,,,,2.5e-07
Desmoscolecida,,,,,2.5e-07
Sakaguchia oryzae   ,,,,,2.5e-07
Boliniales,,,,,2.5e-07
uncultured Bacteroidetes bacterium  ,,,,,2.5e-07
Cyclostomatida,,,,,2.5e-07
Mycoplasmoidales,,,,,2.5e-07
Coccidiniales,,,,,2.5e-07
Saxifragales,,,,,2.5e-07
MAST-16,,,,,2.5e-07
Trebouxiales,,,,,2.5e-07
Ustilaginomycetes,,,,,2.5e-07
Phaeoconchia,,,,,2.5e-07
Rhodochaetales,,,,,2.4e-07
Candidatus Moranbacteria bacterium GW2011_GWE1_49_15,,,,,2.4e-07
Andreaeales,,,,,2.3333333333333333e-07
Enteropneusta,,,,,2.3333333333333333e-07
Oryza sativa Japonica Group (Japanese,,,,,2.3333333333333333e-07
Kirschsteiniotheliales,,,,,2.3333333333333333e-07
C178B,,,,,2.3333333333333333e-07
Coronophorales,,,,,2.3333333333333333e-07
Cocconeidales,,,,,2.3333333333333333e-07
Blastocystis,,,,,2.3333333333333333e-07
Archaeognatha,,,,,2.3333333333333333e-07
Mortierellales,,,,,2.3333333333333333e-07
uncultured actinobacterium   ,,,,,2.25e-07
Candidatus Yanofskybacteria,,,,,2.25e-07
Goniochloridales,,,,,2.25e-07
AK5,,,,,2.25e-07
Zygentoma,,,,,2.25e-07
uncultured gamma proteobacterium ,,,,,2e-07
uncultured organism ,,,,,2e-07
Monophragmophora,,,,,2e-07
Ephedrales,,,,,2e-07
uncultured forest soil bacterium,,,,,2e-07
Araeolaimida,,,,,2e-07
uncultured marine euryarchaeote  ,,,,,2e-07
uncultured marine thaumarchaeote  ,,,,,2e-07
Alloascoideales,,,,,2e-07
Amblyospora,,,,,2e-07
NED5E9,,,,,2e-07
Candidatus Shapirobacteria bacterium GW2011_GWE1_38_10,,,,,2e-07
Neogregarinorida,,,,,2e-07
Magnetococcales,,,,,2e-07
Pezizomycetes,,,,,2e-07
Phacus sp. 4 JIK-2013 ,,,,,2e-07
Candidatus Woesebacteria bacterium GW2011_GWB1_39_10b,,,,,2e-07
Ptychomniales,,,,,2e-07
Punica granatum (pomegranate)  ,,,,,2e-07
Thermoflexales,,,,,2e-07
Catharanthus roseus (Madagascar periwinkle) ,,,,,2e-07
MAT-CR-P4-C12,,,,,2e-07
uncultured archaeon 19a-27,,,,,2e-07
uncultured bacterium AD248-D7-1A ,,,,,2e-07
Acanthoecidae,,,,,2e-07
Thalassionemales,,,,,2e-07
Cenarchaeales,,,,,2e-07
Sebacinales,,,,,2e-07
Dimargaritales,,,,,2e-07
Diphyllidea,,,,,2e-07
Tubuliporida,,,,,2e-07
Candidatus Kuenenbacteria bacterium GW2011_GWA2_42_15,,,,,2e-07
Medicago truncatula (barrel medic) ,,,,,2e-07
Parcubacteria group bacterium GW2011_GWA1_40_21,,,,,2e-07
Parcubacteria group bacterium GW2011_GWA2_47_8b,,,,,2e-07
Kriegeriales,,,,,2e-07
Pleurotheciales,,,,,2e-07
Lituolida,,,,,2e-07
Lotharella oceanica   ,,,,,2e-07
Placidida,,,,,2e-07
Leotiales,,,,,2e-07
Terebratulida,,,,,2e-07
Tetractinellida,,,,,2e-07
Tetraphyllidea,,,,,2e-07
Candidatus Adlerbacteria bacterium GW2011_GWC1_50_9,,,,,2e-07
Candidatus Amesbacteria bacterium GW2011_GWA2_42_12,,,,,2e-07
Microbotryales,,,,,2e-07
Palaeacanthocephala,,,,,2e-07
Salpingoecidae,,,,,2e-07
Salviniales,,,,,2e-07
EUB33-2,,,,,2e-07
Echinothurioida,,,,,2e-07
Rhizostomeae,,,,,2e-07
Fraxinus excelsior (European ash) ,,,,,2e-07
Phaeosphaerida,,,,,2e-07
Philodinida,,,,,2e-07
Phytodiniales,,,,,2e-07
Bursariomorphida,,,,,2e-07
Vitales,,,,,2e-07
Vigna radiata var. radiata (mung,,,,,2e-07
Buxbaumiales,,,,,2e-07
Opisthorchiida,,,,,2e-07
SubsectionV,,,,,2e-07
Biemnida,,,,,2e-07
C0119,,,,,2e-07
Kiitrichida,,,,,2e-07
Porocephalida,,,,,2e-07
T2WK15B57,,,,,2e-07
TSCOR001-H18,,,,,2e-07
TV001-27,,,,,2e-07
Telonemida,,,,,2e-07
Syndiniales,,,,,2e-07
Monomastigales,,,,,2e-07
Colpodida,,,,,2e-07
Commelinales,,,,,2e-07
Copelata,,,,,2e-07
Compsopogonales,,,,,2e-07
Coprothermobacterales,,,,,2e-07
Coccomyxa viridis   ,,,,,2e-07
Coleochaetales,,,,,2e-07
Zoopagales,,,,,2e-07
Bathynellacea,,,,,2e-07
Bdelloidea,,,,,2e-07
environmental clone OCS54  ,,,,,2e-07
hydrothermal vent metagenome,,,,,2e-07
methanogenic bacterium enrichment culture archaeon,,,,,2e-07
Spizellomycetales,,,,,2e-07
Stylonematales,,,,,2e-07
Syntrophales,,,,,2e-07
Cyanophora tetracyanea   ,,,,,2e-07
Cryomonadida,,,,,2e-07
Stephanoecidae,,,,,2e-07
Cycadales,,,,,2e-07
Myodocopida,,,,,2e-07
Myriangiales,,,,,2e-07
Myrmecridiales,,,,,2e-07
Pseudoscorpiones,,,,,2e-07
Oligacanthorhynchida,,,,,2e-07
Olpidiopsidales,,,,,2e-07
Microthoracida,,,,,2e-07
Oltmansiellopsidales,,,,,2e-07
uncultured Crater Lake,,,,,2e-07
Agamococcidiorida,,,,,2e-07
Geophilomorpha,,,,,2e-07
BD7-8 marine group,,,,,2e-07
Dictyotales,,,,,2e-07
Siphonaptera,,,,,2e-07
Sorghum bicolor (sorghum)  ,,,,,2e-07
Solifugae,,,,,2e-07
Cyclotrichida,,,,,2e-07
uncultured Spirochaetes bacterium  ,,,,,2e-07
Arhynchobdellida,,,,,2e-07
Demospongiae,,,,,2e-07
Arthoniomycetes,,,,,2e-07
SGUH942,,,,,2e-07
Entylomatales,,,,,2e-07
Forcipulatida,,,,,2e-07
Eupodiscales,,,,,2e-07
Napoli-4B-65,,,,,2e-07
OLI11041,,,,,2e-07
Neoechinorhynchida,,,,,2e-07
