Species,read10000000_rep1,read10000000_rep2,read10000000_rep3,read10000000_rep4,read10000000_rep5,gut_combined_10000000_1,gut_combined_10000000_2,gut_combined_10000000_3,gut_combined_10000000_4,gut_combined_10000000_5,meta_mean,pam_mean,meta_std,pam_std
Actinomyces_oris,0.0002967,0.0003023,0.0002925,0.000298,0.0002966,0.0,0.0,0.0,0.0,0.0,0.00029722,0.0,3.512406582387624e-06,0.0
Actinomyces_sp_oral_taxon_448,2.79e-05,3.05e-05,3.38e-05,2.95e-05,2.89e-05,0.0,0.0,0.0,0.0,0.0,3.012e-05,0.0,2.2631835983852486e-06,0.0
Adlercreutzia_equolifaciens,0.0092969,0.0092459,0.0092663,0.0092584,0.0092576,0.0,0.0,0.0,0.0,0.0,0.009265019999999999,0.0,1.9251155809457532e-05,0.0
Agathobaculum_butyriciproducens,0.0047831,0.0047732,0.0047555,0.0047929,0.0047553,0.0,0.0,0.0,0.0,0.0,0.004772,0.0,1.6677829595004376e-05,0.0
Akkermansia_sp_KLE1605,0.0003356,0.0003358,0.0003324,0.0003321,0.0003298,0.0,0.0,0.0,0.0,0.0,0.00033314,0.0,2.5451915448547312e-06,0.0
Alistipes_finegoldii,0.0001505,0.0001544,0.0001469,0.0001548,0.0001476,0.0,0.0,0.0,0.0,0.0,0.00015084,0.0,3.6909348409312258e-06,0.0
Alistipes_shahii,0.0001426,0.0001472,0.0001455,0.0001425,0.0001486,0.0,0.0,0.0,0.0,0.0,0.00014528000000000002,0.0,2.7234169713798925e-06,0.0
Anaerofustis_stercorihominis,0.0019799,0.0019694,0.0019833,0.0019837,0.0019857,0.0,0.0,0.0,0.0,0.0,0.0019803999999999998,0.0,6.493073232299143e-06,0.0
Anaeromassilibacillus_sp_An250,0.0004268,0.0004383,0.0004219,0.0004264,0.0004276,0.0,0.0,0.0,0.0,0.0,0.00042819999999999995,0.0,6.0675365676689435e-06,0.0
Anaerostipes_caccae,0.0005455,0.0005442,0.0005467,0.0005466,0.0005482,0.0,0.0,0.0,0.0,0.0,0.00054624,0.0,1.490972836774698e-06,0.0
Anaerostipes_hadrus,0.0103123,0.0103272,0.0103357,0.0103278,0.0102985,0.0,0.0,0.0,0.0,0.0,0.010320300000000001,0.0,1.4834587961921741e-05,0.0
Bacteroides_fragilis,0.0106147,0.0105808,0.0105671,0.0105854,0.0106007,0.0,0.0,0.0,0.0,0.0,0.01058974,0.0,1.8401440161030835e-05,0.0
Bacteroides_intestinalis,0.0269217,0.0269087,0.0269716,0.0269202,0.026879,0.0,0.0,0.0,0.0,0.0,0.026920239999999995,0.0,3.344357935389021e-05,0.0
Bacteroides_thetaiotaomicron,0.0209286,0.0208936,0.0209756,0.0209501,0.0209968,0.0,0.0,0.0,0.0,0.0,0.02094894,0.0,4.024584450598665e-05,0.0
Bilophila_wadsworthia,0.0001445,0.000143,0.0001457,0.0001382,0.0001468,0.0,0.0,0.0,0.0,0.0,0.00014364,0.0,3.353058305487689e-06,0.0
Bittarella_massiliensis,0.0001301,0.0001301,0.0001264,0.0001299,0.000133,0.0,0.0,0.0,0.0,0.0,0.0001299,0.0,2.3420076857260724e-06,0.0
Blautia_caecimuris,0.0067022,0.0066906,0.0066744,0.0067103,0.0067193,0.0,0.0,0.0,0.0,0.0,0.00669936,0.0,1.7500657130519594e-05,0.0
Blautia_hydrogenotrophica,0.004054,0.0040642,0.0040966,0.0040873,0.0040569,0.0,0.0,0.0,0.0,0.0,0.0040717999999999996,0.0,1.9051902792109795e-05,0.0
Blautia_producta,0.0043161,0.0043022,0.0043223,0.0042734,0.0043309,0.0,0.0,0.0,0.0,0.0,0.00430898,0.0,2.2475030589523194e-05,0.0
Blautia_wexlerae,0.2442497,0.2442564,0.2444249,0.2441032,0.2442449,0.0,0.0,0.0,0.0,0.0,0.24425581999999996,0.0,0.00011405913816963874,0.0
Candida_albicans,0.0807685,0.0806655,0.0807547,0.0807417,0.0807438,0.0,0.0,0.0,0.0,0.0,0.08073484,0.0,4.0195746043578434e-05,0.0
Catabacter_hongkongensis,0.0001513,0.0001502,0.00015,0.0001522,0.000148,0.0,0.0,0.0,0.0,0.0,0.00015034,0.0,1.580506248010434e-06,0.0
Clostridia_bacterium,0.0042086,0.0042283,0.0042166,0.0041977,0.0042094,0.0,0.0,0.0,0.0,0.0,0.0042121200000000015,0.0,1.128702795247698e-05,0.0
Clostridia_bacterium_UC5_1_1D1,0.0003733,0.0003661,0.0003692,0.0003606,0.0003752,0.0,0.0,0.0,0.0,0.0,0.00036888,0.0,5.828121481232194e-06,0.0
Clostridia_unclassified_SGB4121,0.0002029,0.0001977,0.000204,0.0001946,0.0002064,0.0,0.0,0.0,0.0,0.0,0.00020112,0.0,4.836010752676222e-06,0.0
Clostridiaceae_bacterium,0.0181763,0.0181303,0.0180967,0.0181539,0.0181787,0.0,0.0,0.0,0.0,0.0,0.018147179999999995,0.0,3.4350429400518176e-05,0.0
Clostridiales_bacterium,0.0005413,0.0005389,0.0005392,0.0005511,0.0005444,0.0,0.0,0.0,0.0,0.0,0.00054298,0.0,5.042519211663947e-06,0.0
Clostridiales_bacterium_1_7_47FAA,0.0005798,0.0005811,0.000601,0.0005857,0.0005873,0.0,0.0,0.0,0.0,0.0,0.00058698,0.0,8.43249666468952e-06,0.0
Clostridium_innocuum,0.0019724,0.0019776,0.0019936,0.0019703,0.001991,0.0,0.0,0.0,0.0,0.0,0.00198098,0.0,1.0709435092478058e-05,0.0
Clostridium_leptum,9.75e-05,0.0001033,0.0001027,0.0001018,0.000103,0.0,0.0,0.0,0.0,0.0,0.00010165999999999999,0.0,2.3922792479140063e-06,0.0
Clostridium_massiliamazoniense,0.0005855,0.000577,0.0005849,0.0005775,0.0005696,0.0,0.0,0.0,0.0,0.0,0.0005789,0.0,6.550190836914594e-06,0.0
Clostridium_phoceensis,0.0001455,0.0001445,0.0001477,0.0001449,0.0001418,0.0,0.0,0.0,0.0,0.0,0.00014487999999999998,0.0,2.1194338866782365e-06,0.0
Clostridium_scindens,0.0023724,0.0023669,0.0023633,0.0023775,0.0023742,0.0,0.0,0.0,0.0,0.0,0.00237086,0.0,5.710779281324006e-06,0.0
Clostridium_sp_AT4,0.0044646,0.0044611,0.0044823,0.004452,0.0044406,0.0,0.0,0.0,0.0,0.0,0.00446012,0.0,1.5491513805951773e-05,0.0
Clostridium_sp_chh4_2,0.0003203,0.0003184,0.0003197,0.0003197,0.0003212,0.0,0.0,0.0,0.0,0.0,0.00031986,0.0,1.021273714534944e-06,0.0
Clostridium_symbiosum,0.0049832,0.0049789,0.0050069,0.0049795,0.0049808,0.0,0.0,0.0,0.0,0.0,0.00498586,0.0,1.1876994569334429e-05,0.0
Cuneatibacter_caecimuris,0.0003454,0.0003342,0.0003319,0.0003289,0.0003346,0.0,0.0,0.0,0.0,0.0,0.000335,0.0,6.2405929205484875e-06,0.0
Dialister_invisus,0.008925,0.008937,0.0089291,0.0089951,0.0089532,0.0,0.0,0.0,0.0,0.0,0.008947880000000002,0.0,2.851573249979736e-05,0.0
Dielma_fastidiosa,5.45e-05,5.06e-05,5.32e-05,5.41e-05,5.27e-05,0.0,0.0,0.0,0.0,0.0,5.302e-05,0.0,1.5287249589118398e-06,0.0
Dysosmobacter_welbionis,0.0006715,0.0006614,0.0006727,0.000666,0.0006724,0.0,0.0,0.0,0.0,0.0,0.0006688,0.0,4.951262465270839e-06,0.0
Eggerthella_lenta,0.0130744,0.0131679,0.0131791,0.0131952,0.0131376,0.0,0.0,0.0,0.0,0.0,0.01315084,0.0,4.763363307580064e-05,0.0
Eisenbergiella_tayi,0.0020144,0.0020052,0.0020139,0.0020242,0.0020044,0.0,0.0,0.0,0.0,0.0,0.00201242,0.0,8.082821289624035e-06,0.0
Emergencia_timonensis,9.71e-05,9.12e-05,9.85e-05,9.55e-05,9.81e-05,0.0,0.0,0.0,0.0,0.0,9.607999999999999e-05,0.0,2.963443942442645e-06,0.0
Enterocloster_aldensis,8.6e-05,8.88e-05,8.68e-05,9.22e-05,8.65e-05,0.0,0.0,0.0,0.0,0.0,8.806000000000001e-05,0.0,2.547155275989277e-06,0.0
Enterocloster_bolteae,0.0006077,0.0006121,0.000617,0.0006224,0.0006127,0.0,0.0,0.0,0.0,0.0,0.00061438,0.0,5.5639015088335255e-06,0.0
Enterocloster_citroniae,0.0001486,0.0001523,0.0001579,0.0001437,0.0001529,0.0,0.0,0.0,0.0,0.0,0.00015108,0.0,5.2898015085634325e-06,0.0
Enterocloster_clostridioformis,0.0216153,0.0215529,0.0216036,0.0216014,0.0215561,0.0,0.0,0.0,0.0,0.0,0.021585860000000002,0.0,2.9133022500248555e-05,0.0
Enterocloster_lavalensis,0.0015301,0.0015473,0.0015241,0.0015311,0.0015242,0.0,0.0,0.0,0.0,0.0,0.00153136,0.0,9.483037488062522e-06,0.0
Erysipelatoclostridium_ramosum,0.0013582,0.0013531,0.0013749,0.0013622,0.0013448,0.0,0.0,0.0,0.0,0.0,0.00135864,0.0,1.1174658831481204e-05,0.0
Erysipelotrichaceae_bacterium_3_1_53,0.0004871,0.0004806,0.0004745,0.0004867,0.0004841,0.0,0.0,0.0,0.0,0.0,0.0004826,0.0,5.218237250259909e-06,0.0
Escherichia_coli,0.0343448,0.0343198,0.0342263,0.0342571,0.0343779,0.0,0.0,0.0,0.0,0.0,0.034305180000000005,0.0,6.246084373429571e-05,0.0
Eubacterium_callanderi,0.0012675,0.0012585,0.0012572,0.0012568,0.0012631,0.0,0.0,0.0,0.0,0.0,0.00126062,0.0,4.589880172727821e-06,0.0
Evtepia_gabavorous,0.0008685,0.0008613,0.0008678,0.0008684,0.000872,0.0,0.0,0.0,0.0,0.0,0.0008676000000000002,0.0,3.890372732785414e-06,0.0
Faecalibacillus_intestinalis,0.0001723,0.0001714,0.0001703,0.0001727,0.0001712,0.0,0.0,0.0,0.0,0.0,0.00017158,0.0,9.471008394041267e-07,0.0
Faecalibacterium_prausnitzii,0.0047339,0.0047091,0.0047349,0.004751,0.0047216,0.0,0.0,0.0,0.0,0.0,0.004730099999999999,0.0,1.571257458216191e-05,0.0
Faecalicatena_contorta,0.0001333,0.0001348,0.0001261,0.0001308,0.0001282,0.0,0.0,0.0,0.0,0.0,0.00013063999999999998,0.0,3.5697338836389433e-06,0.0
Faecalicatena_orotica,1.25e-05,1.34e-05,1.42e-05,1.42e-05,1.49e-05,0.0,0.0,0.0,0.0,0.0,1.384e-05,0.0,9.181503144910418e-07,0.0
Faecalimonas_umbilicata,0.004,0.0040156,0.0039874,0.0039901,0.0039725,0.0,0.0,0.0,0.0,0.0,0.003993120000000001,0.0,1.5966433540399648e-05,0.0
Flavonifractor_plautii,0.0005803,0.0005832,0.000585,0.000576,0.0005859,0.0,0.0,0.0,0.0,0.0,0.00058208,0.0,4.015843622453441e-06,0.0
GGB3005_SGB3996,0.003814,0.0038685,0.0038526,0.0038353,0.0038418,0.0,0.0,0.0,0.0,0.0,0.00384244,0.0,2.0264328264218333e-05,0.0
GGB3256_SGB4303,0.0552238,0.0550862,0.0551817,0.0552766,0.0551662,0.0,0.0,0.0,0.0,0.0,0.055186900000000004,0.0,7.071725390596046e-05,0.0
GGB3433_SGB4573,0.020974,0.0209483,0.0209078,0.0208712,0.0209406,0.0,0.0,0.0,0.0,0.0,0.020928380000000003,0.0,3.975049685224067e-05,0.0
GGB3743_SGB5086,8.46e-05,8.55e-05,8.37e-05,8.94e-05,8.51e-05,0.0,0.0,0.0,0.0,0.0,8.566e-05,0.0,2.1961329650091794e-06,0.0
GGB3746_SGB5089,0.0001474,0.0001429,0.0001463,0.000146,0.0001472,0.0,0.0,0.0,0.0,0.0,0.00014596,0.0,1.8091434437324196e-06,0.0
GGB45432_SGB63101,0.0003109,0.0002969,0.0002988,0.0003081,0.0003057,0.0,0.0,0.0,0.0,0.0,0.00030408,0.0,6.0151475459875525e-06,0.0
GGB6649_SGB9391,0.0001309,0.0001243,0.0001289,0.000126,0.0001321,0.0,0.0,0.0,0.0,0.0,0.00012844,0.0,3.2692506786724093e-06,0.0
GGB9524_SGB14923,3.76e-05,3.88e-05,3.71e-05,3.65e-05,3.45e-05,0.0,0.0,0.0,0.0,0.0,3.6899999999999996e-05,0.0,1.5858751527153714e-06,0.0
GGB9581_SGB14999,0.000809,0.000801,0.0008092,0.0008008,0.0008019,0.0,0.0,0.0,0.0,0.0,0.00080438,0.0,4.329203159936056e-06,0.0
GGB9739_SGB15313,0.0002155,0.0002208,0.000213,0.0002099,0.0002196,0.0,0.0,0.0,0.0,0.0,0.00021576,0.0,4.53243863720183e-06,0.0
Gordonibacter_pamelaeae,0.0035621,0.0035546,0.003583,0.0035421,0.0035331,0.0,0.0,0.0,0.0,0.0,0.00355498,0.0,1.9239204765270274e-05,0.0
Gordonibacter_urolithinfaciens,4.9e-05,4.8e-05,5.19e-05,5.13e-05,5.02e-05,0.0,0.0,0.0,0.0,0.0,5.008e-05,0.0,1.6053037095827073e-06,0.0
Harryflintia_acetispora,0.0002384,0.0002354,0.0002339,0.0002374,0.0002373,0.0,0.0,0.0,0.0,0.0,0.00023648,0.0,1.804716044146557e-06,0.0
Holdemania_filiformis,7.12e-05,6.92e-05,6.93e-05,6.67e-05,6.51e-05,0.0,0.0,0.0,0.0,0.0,6.83e-05,0.0,2.3989581071790323e-06,0.0
Hungatella_hathewayi,0.0018613,0.0018724,0.0018799,0.0018772,0.0018491,0.0,0.0,0.0,0.0,0.0,0.00186798,0.0,1.2725054027390257e-05,0.0
Intestinimonas_gabonensis,8e-07,7e-07,1e-06,8e-07,7e-07,0.0,0.0,0.0,0.0,0.0,8e-07,0.0,1.224744871391589e-07,0.0
Intestinimonas_massiliensis,4.29e-05,4.39e-05,4.14e-05,4.24e-05,3.9e-05,0.0,0.0,0.0,0.0,0.0,4.192e-05,0.0,1.864671552847848e-06,0.0
Lachnospiraceae_bacterium,0.0114848,0.0115063,0.0115361,0.0115005,0.0114777,0.0,0.0,0.0,0.0,0.0,0.01150108,0.0,2.2724700218044833e-05,0.0
Lachnospiraceae_bacterium_NSJ_29,0.0004305,0.0004259,0.0004308,0.0004332,0.000437,0.0,0.0,0.0,0.0,0.0,0.00043148,0.0,4.061649911058313e-06,0.0
Lacticaseibacillus_rhamnosus,0.0003312,0.0003323,0.0003272,0.0003247,0.0003275,0.0,0.0,0.0,0.0,0.0,0.00032858000000000003,0.0,3.1156058800817578e-06,0.0
Lactobacillus_crispatus,0.0001312,0.0001205,0.0001235,0.0001205,0.0001274,0.0,0.0,0.0,0.0,0.0,0.00012461999999999998,0.0,4.642951647389834e-06,0.0
Lactonifactor_sp_BIOML_A6,4.75e-05,4.69e-05,4.55e-05,4.57e-05,4.56e-05,0.0,0.0,0.0,0.0,0.0,4.6240000000000005e-05,0.0,9.044335243676025e-07,0.0
Longibaculum_muris,0.00435,0.0043435,0.0043833,0.004366,0.0043651,0.0,0.0,0.0,0.0,0.0,0.00436158,0.0,1.55295524726245e-05,0.0
Longicatena_caecimuris,0.0292098,0.0293807,0.029224,0.0291988,0.0292608,0.0,0.0,0.0,0.0,0.0,0.029254819999999997,0.0,7.415599773450501e-05,0.0
Massilimaliae_massiliensis,1.01e-05,8.7e-06,8.4e-06,8.4e-06,1.05e-05,0.0,0.0,0.0,0.0,0.0,9.22e-06,0.0,1.0034938963441682e-06,0.0
Mediterraneibacter_glycyrrhizinilyticus,0.0003292,0.0003379,0.0003391,0.0003299,0.0003362,0.0,0.0,0.0,0.0,0.0,0.00033445999999999997,0.0,4.605757266726072e-06,0.0
Monoglobus_pectinilyticus,0.0243387,0.024244,0.0242623,0.024302,0.0242488,0.0,0.0,0.0,0.0,0.0,0.02427916,0.0,4.0338852239497336e-05,0.0
Murimonas_intestini,3.32e-05,3.38e-05,3.36e-05,3.4e-05,3.56e-05,0.0,0.0,0.0,0.0,0.0,3.4040000000000006e-05,0.0,9.208691546577063e-07,0.0
Neglecta_timonensis,0.009603,0.0095758,0.0094899,0.0095516,0.0095643,0.0,0.0,0.0,0.0,0.0,0.00955692,0.0,4.199484492172804e-05,0.0
Neobittarella_massiliensis,4.54e-05,4.7e-05,4.2e-05,4.53e-05,4.39e-05,0.0,0.0,0.0,0.0,0.0,4.472e-05,0.0,1.875366630821824e-06,0.0
Parabacteroides_distasonis,0.0465851,0.046655,0.0465448,0.0466274,0.0465006,0.0,0.0,0.0,0.0,0.0,0.04658258,0.0,6.20642570244741e-05,0.0
Phocea_massiliensis,1.93e-05,1.98e-05,1.96e-05,2e-05,1.96e-05,0.0,0.0,0.0,0.0,0.0,1.966e-05,0.0,2.607680962081061e-07,0.0
Roseburia_faecis,0.0529262,0.0531685,0.0529753,0.0530241,0.0530316,0.0,0.0,0.0,0.0,0.0,0.05302513999999999,0.0,9.06477412846011e-05,0.0
Rothia_dentocariosa,3.18e-05,3.21e-05,3.39e-05,3.45e-05,3.59e-05,0.0,0.0,0.0,0.0,0.0,3.364e-05,0.0,1.708215443086731e-06,0.0
Rothia_mucilaginosa,0.0002439,0.0002381,0.0002425,0.0002467,0.0002398,0.0,0.0,0.0,0.0,0.0,0.0002422,0.0,3.3837848631377224e-06,0.0
Ruminococcus_bromii,0.0941087,0.0942361,0.0940487,0.0941959,0.094218,0.0,0.0,0.0,0.0,0.0,0.09416147999999999,0.0,7.976911683101402e-05,0.0
Ruminococcus_gauvreauii,1.83e-05,2.07e-05,1.61e-05,1.88e-05,1.9e-05,0.0,0.0,0.0,0.0,0.0,1.8579999999999998e-05,0.0,1.6543881044059766e-06,0.0
Ruminococcus_gnavus,0.0118534,0.0118702,0.0118701,0.0118856,0.011915,0.0,0.0,0.0,0.0,0.0,0.011878860000000002,0.0,2.319198137287988e-05,0.0
Ruminococcus_torques,0.0452259,0.0451268,0.0452352,0.0452059,0.0452128,0.0,0.0,0.0,0.0,0.0,0.04520132,0.0,4.3179937471005814e-05,0.0
Ruthenibacterium_lactatiformans,7.85e-05,7.85e-05,7.77e-05,7.85e-05,7.87e-05,0.0,0.0,0.0,0.0,0.0,7.838e-05,0.0,3.898717737923562e-07,0.0
Scardovia_wiggsiae,0.0001348,0.000135,0.0001333,0.0001334,0.0001366,0.0,0.0,0.0,0.0,0.0,0.00013462,0.0,1.3535139452551006e-06,0.0
Sellimonas_intestinalis,0.0030364,0.0030591,0.0030378,0.0030492,0.0030506,0.0,0.0,0.0,0.0,0.0,0.0030466200000000003,0.0,9.493260767513005e-06,0.0
Streptococcus_anginosus,5.93e-05,5.83e-05,5.78e-05,6.05e-05,6.13e-05,0.0,0.0,0.0,0.0,0.0,5.944e-05,0.0,1.4656056768448997e-06,0.0
Streptococcus_gordonii,4.81e-05,5.16e-05,5.03e-05,5.5e-05,5.09e-05,0.0,0.0,0.0,0.0,0.0,5.118000000000001e-05,0.0,2.505394180563212e-06,0.0
Streptococcus_mutans,0.0010345,0.0010216,0.001032,0.0010386,0.00104,0.0,0.0,0.0,0.0,0.0,0.00103334,0.0,7.297122720634507e-06,0.0
Streptococcus_parasanguinis,0.0009204,0.0009026,0.0009228,0.0009152,0.000908,0.0,0.0,0.0,0.0,0.0,0.0009138,0.0,8.449852069711044e-06,0.0
Streptococcus_salivarius,0.0007104,0.0007212,0.0007168,0.0007086,0.0007186,0.0,0.0,0.0,0.0,0.0,0.00071512,0.0,5.401110996822771e-06,0.0
Streptococcus_sobrinus,0.0022816,0.0023035,0.0022873,0.0023121,0.002301,0.0,0.0,0.0,0.0,0.0,0.0022971,0.0,1.2424371211453786e-05,0.0
Streptococcus_thermophilus,0.0068488,0.0068652,0.0068656,0.0068717,0.0068748,0.0,0.0,0.0,0.0,0.0,0.00686522,0.0,1.004400318598106e-05,0.0
Turicibacter_sanguinis,0.0024854,0.0024699,0.0024832,0.0024728,0.0024879,0.0,0.0,0.0,0.0,0.0,0.00247984,0.0,7.992684154900644e-06,0.0
Acinetobacter sp. Salman2  ,0.0,0.0,0.0,0.0,0.0,2.0199157634529168e-07,0.0,0.0,0.0,0.0,0.0,4.0398315269058335e-08,0.0,9.033337911808215e-08
Actinopterygii,0.0,0.0,0.0,0.0,0.0,2.0199157634529168e-07,5.050991782440449e-07,7.069205400105411e-07,5.050816262416169e-07,3.0302347734995466e-07,0.0,4.444232796382899e-07,0.0,1.9687105312610544e-07
Adeleorina,0.0,0.0,0.0,0.0,0.0,0.0,9.091785208392809e-07,9.088978371564101e-07,9.091469272349104e-07,1.2120939093998187e-06,0.0,7.87863438926084e-07,0.0,4.595586604737587e-07
Agrobacterium sp. ZX09  ,0.0,0.0,0.0,0.0,0.0,3.029873645179375e-07,5.050991782440449e-07,6.059318914376067e-07,5.050816262416169e-07,6.060469546999093e-07,0.0,5.05029403028223e-07,0.0,1.2370009178875342e-07
Albicans,0.0,0.0,0.0,0.0,0.0,0.9344999895469359,0.9347178505888345,0.934534411528541,0.9347747689504101,0.9347484395048475,0.0,0.9346550920239138,0.0,0.00012805810861800696
Alteromonas stellipolaris LMG 21856 ,0.0,0.0,0.0,0.0,0.0,0.0,2.222436384273798e-06,2.221750268604558e-06,2.7274407817047314e-06,2.4241878187996373e-06,0.0,1.919163050676545e-06,0.0,1.0925982177017961e-06
Anaerofustis stercorihominis DSM 17244 ,0.0,0.0,0.0,0.0,0.0,4.352918470241036e-05,4.4448727685475955e-05,4.160732321204899e-05,4.2830921905289116e-05,4.191824770007706e-05,0.0,4.286688104106029e-05,0.0,1.1649645001008482e-06
Anaerotruncus sp. NML 070203 ,0.0,0.0,0.0,0.0,0.0,6.05974729035875e-07,0.0,0.0,7.071142767382636e-07,0.0,0.0,2.626178011548277e-07,0.0,3.6137771969927695e-07
Aphagea,0.0,0.0,0.0,0.0,0.0,0.0,4.0407934259523594e-07,0.0,0.0,0.0,0.0,8.081586851904719e-08,0.0,1.8070977566927476e-07
Archaeognatha,0.0,0.0,0.0,0.0,0.0,0.0,0.0,3.0296594571880336e-07,0.0,0.0,0.0,6.059318914376067e-08,0.0,1.3549048989895115e-07
Armophorida,0.0,0.0,0.0,0.0,0.0,2.0704136575392397e-05,2.1517224993196313e-05,2.2621457280337317e-05,2.4546967035342582e-05,2.2928776452813233e-05,0.0,2.246371246741637e-05,0.0,1.4639897019744992e-06
Artomyces,0.0,0.0,0.0,0.0,0.0,0.0,0.0,0.0,0.0,4.0403130313327287e-07,0.0,8.080626062665457e-08,0.0,1.8068829176876436e-07
Aspergillus,0.0,0.0,0.0,0.0,0.0,0.0,2.0203967129761797e-07,0.0,2.0203265049664675e-07,2.0201565156663643e-07,0.0,1.2121759467218023e-07,0.0,1.1065601862539776e-07
Bacillariophyceae,0.0,0.0,0.0,0.0,0.0,3.959034896367717e-05,3.869059705349384e-05,3.837568645771509e-05,4.0507546424577674e-05,3.949405988127742e-05,0.0,3.933164775614824e-05,0.0,8.367869649820839e-07
Bacillus aerius   ,0.0,0.0,0.0,0.0,0.0,1.21194945807175e-06,0.0,6.059318914376067e-07,0.0,0.0,0.0,3.635762699018714e-07,0.0,5.419954856368206e-07
Bacillus aryabhattai   ,0.0,0.0,0.0,0.0,0.0,0.0,0.0,0.0,3.0304897574497013e-07,0.0,0.0,6.060979514899403e-08,0.0,1.3552762205548765e-07
Bacillus licheniformis   ,0.0,0.0,0.0,0.0,0.0,3.029873645179375e-07,0.0,6.059318914376067e-07,4.040653009932935e-07,0.0,0.0,2.6259691138976756e-07,0.0,2.633618604829935e-07
Bacillus sp. mixed culture J3-34,0.0,0.0,0.0,0.0,0.0,0.0,0.0,0.0,2.0203265049664675e-07,4.0403130313327287e-07,0.0,1.212127907259839e-07,0.0,1.8069019245684377e-07
Bacillus subtilis   ,0.0,0.0,0.0,0.0,0.0,5.049789408632291e-07,8.081586851904719e-07,5.049432428646723e-07,7.071142767382636e-07,2.0201565156663643e-07,0.0,5.454421594446548e-07,0.0,2.325817313470483e-07
Bacteroides intestinalis,0.0,0.0,0.0,0.0,0.0,1.3129452462443959e-06,2.9295752338154608e-06,1.3128524314481479e-06,3.4345550584429948e-06,1.8181408640997278e-06,0.0,2.1616137668101455e-06,0.0,9.706636961185273e-07
Bacteroides thetaiotaomicron   ,0.0,0.0,0.0,0.0,0.0,7.069705172085208e-07,0.0,0.0,3.0304897574497013e-07,8.080626062665457e-07,0.0,3.6361641984400735e-07,0.0,3.819445855250387e-07
Bernardetia litoralis,0.0,0.0,0.0,0.0,0.0,0.0,2.0203967129761797e-07,2.0197729714586892e-07,0.0,0.0,0.0,8.080339368869738e-08,0.0,1.1064460581332812e-07
Bilophila wadsworthia 3_1_6  ,0.0,0.0,0.0,0.0,0.0,2.7268862806614377e-06,2.4244760555714155e-06,3.2316367543339027e-06,2.5254081312080846e-06,2.3231799930163187e-06,0.0,2.646317442958232e-06,0.0,3.5963193276553574e-07
Blautia producta   ,0.0,0.0,0.0,0.0,0.0,6.05974729035875e-07,1.0101983564880899e-06,9.088978371564101e-07,7.071142767382636e-07,8.080626062665457e-07,0.0,8.080495611370369e-07,0.0,1.5973155590983815e-07
Blautia wexlerae   ,0.0,0.0,0.0,0.0,0.0,1.595733453127804e-05,1.8688669595029662e-05,1.4239399448783758e-05,1.8789036496188147e-05,1.1716907790864912e-05,0.0,1.5878269572428903e-05,0.0,3.015791388609344e-06
Bothrioplanidae,0.0,0.0,0.0,0.0,0.0,8.079663053811667e-07,1.111218192136899e-06,9.088978371564101e-07,0.0,1.1110860836165003e-06,0.0,7.878336836581952e-07,0.0,4.5956866168967005e-07
Brevundimonas diminuta   ,0.0,0.0,0.0,0.0,0.0,1.5149368225896874e-06,1.7173372060297528e-06,1.514829728594017e-06,2.0203265049664675e-06,1.6161252125330915e-06,0.0,1.6767110949426032e-06,0.0,2.0962417085195207e-07
Burkholderia sp. COPE9  ,0.0,0.0,0.0,0.0,0.0,0.0,0.0,2.0197729714586892e-07,2.0203265049664675e-07,3.0302347734995466e-07,0.0,1.4140668499849407e-07,0.0,1.355138327284273e-07
Burkholderia sp. UT 2-04 ,0.0,0.0,0.0,0.0,0.0,3.029873645179375e-07,5.050991782440449e-07,6.059318914376067e-07,5.050816262416169e-07,0.0,0.0,3.8382001208824114e-07,0.0,2.411422924080712e-07
Calanoida,0.0,0.0,0.0,0.0,0.0,0.0,3.0305950694642694e-07,0.0,4.040653009932935e-07,3.0302347734995466e-07,0.0,2.0202965705793503e-07,0.0,1.889822401628898e-07
Candida sp. P2 ,0.0,0.0,0.0,0.0,0.0,1.747227135386773e-05,2.8285553981666517e-06,1.3936433503064956e-05,5.050816262416169e-07,1.707032255738078e-05,0.0,1.0362532887744346e-05,0.0,8.09700177694358e-06
Candida tropicalis  ,0.0,0.0,0.0,0.0,0.0,0.0,0.0,0.0,0.00016839421418895508,0.0,0.0,3.367884283779101e-05,0.0,7.530818198883263e-05
Candidatus Stoquefichus sp. SB1,0.0,0.0,0.0,0.0,0.0,2.5248947043161457e-06,2.323456219922607e-06,0.0,0.0,3.1312425992828648e-06,0.0,1.5959187047043233e-06,0.0,1.4868960731351443e-06
Ceratomyxa sp. 2 RJG-2011,0.0,0.0,0.0,0.0,0.0,2.0199157634529168e-07,5.050991782440449e-07,4.0395459429173784e-07,4.040653009932935e-07,8.080626062665457e-07,0.0,4.646346512281827e-07,0.0,2.213098724244335e-07
Chaetosphaeridium globosum   ,0.0,0.0,0.0,0.0,0.0,2.0199157634529168e-07,0.0,2.0197729714586892e-07,0.0,3.0302347734995466e-07,0.0,1.4139847016822306e-07,0.0,1.355092399732354e-07
Chloromyxum sp. RJG-2011a ,0.0,0.0,0.0,0.0,0.0,0.0,0.0,0.0,0.0,2.0201565156663643e-07,0.0,4.0403130313327284e-08,0.0,9.034414588438218e-08
Cladococcus,0.0,0.0,0.0,0.0,0.0,3.029873645179375e-07,3.0305950694642694e-07,0.0,3.0304897574497013e-07,0.0,0.0,1.8181916944186694e-07,0.0,1.659774364375779e-07
Clostridia bacterium UC5.1-1E11  ,0.0,0.0,0.0,0.0,0.0,6.867713595739917e-06,6.768328988470202e-06,7.675137291543018e-06,6.465044815892696e-06,6.565508675915684e-06,0.0,6.8683466735123035e-06,0.0,4.783508860132866e-07
Clostridium sp.,0.0,0.0,0.0,0.0,0.0,0.0,0.0,4.0395459429173784e-07,0.0,0.0,0.0,8.079091885834757e-08,0.0,1.8065398653193484e-07
Clostridium sp. YIT 12070 ,0.0,0.0,0.0,0.0,0.0,9.089620935538125e-07,1.0101983564880899e-06,9.088978371564101e-07,0.0,0.0,0.0,5.656116574396625e-07,0.0,5.179829510221252e-07
Colacogloea,0.0,0.0,0.0,0.0,0.0,7.493887482410321e-05,7.667405525744602e-05,7.351973616109629e-05,7.202463990205458e-05,7.201857978350589e-05,0.0,7.38351771856412e-05,0.0,1.997182490434261e-06
Conidiobolus osmodes  ,0.0,0.0,0.0,0.0,0.0,6.160743078531396e-06,5.354051289386876e-06,5.958330265803133e-06,5.959963189651079e-06,6.161477372782411e-06,0.0,5.918913039230979e-06,0.0,3.3152181408483015e-07
Continenticola,0.0,0.0,0.0,0.0,0.0,5.352776773150229e-06,4.747932275494022e-06,3.130648105760968e-06,3.5355713836913184e-06,4.444344334466001e-06,0.0,4.242254574512508e-06,0.0,9.034489243414171e-07
Cryptococcus,0.0,0.0,0.0,0.0,0.0,2.9793757510930523e-05,3.1720228393726025e-05,3.433614051479771e-05,3.313335468145007e-05,3.6867856410911146e-05,0.0,3.31702675023631e-05,0.0,2.6709651491974616e-06
Dactylosporangium roseum   ,0.0,0.0,0.0,0.0,0.0,2.6258904924887917e-06,1.8183570416785619e-06,2.1207616200316238e-06,1.5152448787248506e-06,2.1211643414496824e-06,0.0,2.0402836748747017e-06,0.0,4.1257450681745194e-07
Dendrodoa grossularia  ,0.0,0.0,0.0,0.0,0.0,7.97866726563902e-06,7.98056701625591e-06,9.694910263001707e-06,7.879273369369224e-06,8.48465736579873e-06,0.0,8.403615056012918e-06,0.0,7.596867183921769e-07
Dendrothele,0.0,0.0,0.0,0.0,0.0,5.9587515021861046e-05,6.0409861717987775e-05,0.0,6.101386044998732e-05,0.0,0.0,3.620224743796723e-05,0.0,3.3051856636497834e-05
Denitrobacterium sp. CCUG 45665 ,0.0,0.0,0.0,0.0,0.0,0.00010735852282752252,0.00010748510513033276,0.00011219838856453019,0.00011323930060337051,0.00010797736576236717,0.0,0.00010965173657762466,0.0,2.8334030219981674e-06
Desulfurococcus fermentans   ,0.0,0.0,0.0,0.0,0.0,0.0,3.0305950694642694e-07,4.0395459429173784e-07,0.0,0.0,0.0,1.4140282024763296e-07,0.0,1.9688231962906926e-07
Dickeya phage,0.0,0.0,0.0,0.0,0.0,0.0,0.0,5.049432428646723e-07,0.0,4.0403130313327287e-07,0.0,1.8179490919958903e-07,0.0,2.514766526796414e-07
Dictyococcus,0.0,0.0,0.0,0.0,0.0,0.0,8.081586851904719e-07,0.0,0.0,0.0,0.0,1.6163173703809438e-07,0.0,3.614195513385495e-07
Dictyopteris,0.0,0.0,0.0,0.0,0.0,2.0199157634529168e-07,0.0,0.0,0.0,0.0,0.0,4.0398315269058335e-08,0.0,9.033337911808215e-08
Diplonema,0.0,0.0,0.0,0.0,0.0,0.0,0.0,0.0,2.0203265049664675e-07,2.0201565156663643e-07,0.0,8.080966041265663e-08,0.0,1.1065318484407537e-07
Dokdonia pacifica   ,0.0,0.0,0.0,0.0,0.0,0.0,0.0,5.049432428646723e-07,4.040653009932935e-07,0.0,0.0,1.8180170877159315e-07,0.0,2.5148416422318544e-07
Echinococcus vogeli  ,0.0,0.0,0.0,0.0,0.0,2.0199157634529168e-07,2.0203967129761797e-07,0.0,0.0,0.0,0.0,8.080624952858193e-08,0.0,1.1064851544206103e-07
Ectopleura wrighti  ,0.0,0.0,0.0,0.0,0.0,4.0398315269058336e-07,7.071388495416629e-07,8.079091885834757e-07,6.060979514899403e-07,4.0403130313327287e-07,0.0,5.85832089087787e-07,0.0,1.8066878180361456e-07
Eggerthella sp. HGA1  ,0.0,0.0,0.0,0.0,0.0,0.00013402141090510102,0.00012556765571146956,0.00013340600476484643,0.0001304120758955855,0.00013262327525349681,0.0,0.00013120608450609985,0.0,3.4349843681576982e-06
Eimeriorina,0.0,0.0,0.0,0.0,0.0,2.66628880775785e-05,2.8184534146017706e-05,2.5550128088952416e-05,2.6062211914067432e-05,2.7878159916195828e-05,0.0,2.6867584428562374e-05,0.0,1.138182329912453e-06
Embryophyta,0.0,0.0,0.0,0.0,0.0,0.0006365764528521867,0.000429435321343087,0.0004366749164293686,0.00043315800266481065,0.0006346321693965883,0.0,0.0005140953725372082,0.0,0.00011095364298462906
Ensifer meliloti   ,0.0,0.0,0.0,0.0,0.0,4.0398315269058336e-07,8.081586851904719e-07,7.069205400105411e-07,8.08130601986587e-07,7.070547804832275e-07,0.0,6.868495520722822e-07,0.0,1.660191965988615e-07
Enterococcus durans   ,0.0,0.0,0.0,0.0,0.0,2.0199157634529168e-07,3.0305950694642694e-07,0.0,0.0,0.0,0.0,1.0101021665834372e-07,0.0,1.428551209427225e-07
Enterococcus faecium   ,0.0,0.0,0.0,0.0,0.0,2.0199157634529168e-07,0.0,0.0,0.0,0.0,0.0,4.0398315269058335e-08,0.0,9.033337911808215e-08
Enterococcus raffinosus cftri2200  ,0.0,0.0,0.0,0.0,0.0,4.0398315269058336e-07,0.0,0.0,0.0,0.0,0.0,8.079663053811667e-08,0.0,1.806667582361643e-07
Eocronartium,0.0,0.0,0.0,0.0,0.0,1.3129452462443959e-06,0.0,0.0,1.2121959029798805e-06,2.2221721672330006e-06,0.0,9.494626632914555e-07,0.0,9.518267335418062e-07
Erythrobacter sp. REDSEA-S41_B1  ,0.0,0.0,0.0,0.0,0.0,0.0,6.061190138928539e-07,0.0,4.040653009932935e-07,0.0,0.0,2.0203686297722948e-07,0.0,2.8572476111672903e-07
Escherichia coli,0.0,0.0,0.0,0.0,0.0,0.0,0.0,0.0,4.040653009932935e-07,2.0201565156663643e-07,0.0,1.21216190511986e-07,0.0,1.807015956857487e-07
Escherichia coli   ,0.0,0.0,0.0,0.0,0.0,3.4338567978699585e-06,0.0,7.069205400105412e-06,1.4142285534765273e-06,2.0201565156663643e-07,0.0,2.423861280603707e-06,0.0,2.933869998996813e-06
Euglenophyceae,0.0,0.0,0.0,0.0,0.0,2.1209115516255626e-06,2.121416548624989e-06,2.6257048628962957e-06,2.5254081312080846e-06,5.050391289165911e-07,0.0,1.9796960446543045e-06,0.0,8.55828343542853e-07
Euglyphida,0.0,0.0,0.0,0.0,0.0,2.0199157634529168e-07,2.0203967129761797e-07,3.0296594571880336e-07,0.0,0.0,0.0,1.413994386723426e-07,0.0,1.3549906242620864e-07
Euplotia,0.0,0.0,0.0,0.0,0.0,2.5248947043161457e-06,2.9295752338154608e-06,3.332625402906837e-06,2.5254081312080846e-06,2.5251956445829555e-06,0.0,2.767539823365897e-06,0.0,3.6118288220115395e-07
Faecalimonas umbilicata,0.0,0.0,0.0,0.0,0.0,0.0,1.4142776990833259e-06,1.6158183771669514e-06,0.0,1.5151173867497733e-06,0.0,9.0904269260001e-07,0.0,8.328922572726538e-07
Faecalitalea cylindroides   ,0.0,0.0,0.0,0.0,0.0,0.00019088203964630064,0.0001967866398438799,0.00019864467174296208,0.00019475947507876747,0.00019595518201963734,0.0,0.00019540560166630944,0.0,2.8974546109530528e-06
Fasciola hepatica (liver fluke),0.0,0.0,0.0,0.0,0.0,0.0,2.0203967129761797e-07,0.0,3.0304897574497013e-07,0.0,0.0,1.0101772940851762e-07,0.0,1.4285989833037697e-07
Fragilariales,0.0,0.0,0.0,0.0,0.0,0.0,2.0203967129761797e-07,2.0197729714586892e-07,0.0,0.0,0.0,8.080339368869738e-08,0.0,1.1064460581332812e-07
Geobacillus sp. 1P03TB  ,0.0,0.0,0.0,0.0,0.0,0.0,0.0,0.0,2.0203265049664675e-07,0.0,0.0,4.040653009932935e-08,0.0,9.035174803699175e-08
Gonyaulacales,0.0,0.0,0.0,0.0,0.0,2.0199157634529168e-07,0.0,2.0197729714586892e-07,4.040653009932935e-07,2.0201565156663643e-07,0.0,2.0200996521021814e-07,0.0,1.4285865934581311e-07
Halobacteriaceae archaeon SHRA6  ,0.0,0.0,0.0,0.0,0.0,0.0,3.0305950694642694e-07,5.049432428646723e-07,6.060979514899403e-07,5.050391289165911e-07,0.0,3.838279660435261e-07,0.0,2.411495667717872e-07
Halocyprida,0.0,0.0,0.0,0.0,0.0,5.049789408632291e-07,9.091785208392809e-07,8.079091885834757e-07,7.071142767382636e-07,7.070547804832275e-07,0.0,7.272471415014954e-07,0.0,1.49851267369719e-07
Haloferax sp. BAB-2234  ,0.0,0.0,0.0,0.0,0.0,2.1209115516255626e-06,2.222436384273798e-06,1.4138410800210823e-06,1.5152448787248506e-06,1.919148689883046e-06,0.0,1.8383165169056678e-06,0.0,3.6003352144581265e-07
Halomonas sp. VKRKNi8  ,0.0,0.0,0.0,0.0,0.0,5.049789408632291e-07,1.3132578634345168e-06,1.2118637828752134e-06,1.2121959029798805e-06,1.2120939093998187e-06,0.0,1.0908780799105318e-06,0.0,3.3044644085368237e-07
Harpacticoida,0.0,0.0,0.0,0.0,0.0,5.049789408632291e-07,4.0407934259523594e-07,2.0197729714586892e-07,2.0203265049664675e-07,3.0302347734995466e-07,0.0,3.232183416901871e-07,0.0,1.3168960860398536e-07
Helicobasidium,0.0,0.0,0.0,0.0,0.0,1.918919975280271e-06,2.7275355625178427e-06,1.8177956743128202e-06,2.0203265049664675e-06,1.919148689883046e-06,0.0,2.0807452813920895e-06,0.0,3.6858902596664713e-07
Hypotrichia,0.0,0.0,0.0,0.0,0.0,0.0,3.0305950694642694e-07,0.0,3.0304897574497013e-07,0.0,0.0,1.2122169653827941e-07,0.0,1.6598964417441332e-07
Hypoxylon fragiforme,0.0,0.0,0.0,0.0,0.0,2.0199157634529168e-07,0.0,0.0,0.0,0.0,0.0,4.0398315269058335e-08,0.0,9.033337911808215e-08
Kazachstania,0.0,0.0,0.0,0.0,0.0,5.1406856179876734e-05,4.83885012757795e-05,4.9888392395029624e-05,4.656852593947708e-05,0.0,0.0,3.9250455158032594e-05,0.0,2.201476817608585e-05
Klebsiella oxytoca   ,0.0,0.0,0.0,0.0,0.0,1.4139410344170417e-06,1.111218192136899e-06,1.3128524314481479e-06,8.08130601986587e-07,1.1110860836165003e-06,0.0,1.151445668721035e-06,0.0,2.324157595210266e-07
Klebsiella sp. A4-1  ,0.0,0.0,0.0,0.0,0.0,0.0,0.0,0.0,2.0203265049664675e-07,2.0201565156663643e-07,0.0,8.080966041265663e-08,0.0,1.1065318484407537e-07
Klebsormidium,0.0,0.0,0.0,0.0,0.0,1.3937418767825125e-05,1.3738697648238022e-05,1.2421603774470938e-05,1.3031105957033716e-05,1.2625978222914776e-05,0.0,1.3150960874096516e-05,0.0,6.681849104563944e-07
Kluyvera georgiana   ,0.0,0.0,0.0,0.0,0.0,4.14082731507848e-06,4.747932275494022e-06,4.746466482927919e-06,4.141669335181259e-06,5.959461721215775e-06,0.0,4.747271425979491e-06,0.0,7.42282754168877e-07
Kluyveromyces,0.0,0.0,0.0,0.0,0.0,0.0005055849155922651,0.000489744163225426,0.0005010046855703278,0.00036274962396672924,0.0004908980333069265,0.0,0.0004699962843323349,0.0,6.032573997233736e-05
Lactobacillus casei   ,0.0,0.0,0.0,0.0,0.0,1.7573267142040374e-05,2.0709066308005844e-05,2.5550128088952416e-05,1.8688020170939827e-05,1.9696526027747052e-05,0.0,2.04434015475371e-05,0.0,3.083264992614679e-06
Lactobacillus gasseri   ,0.0,0.0,0.0,0.0,0.0,8.079663053811667e-07,8.081586851904719e-07,8.079091885834757e-07,8.08130601986587e-07,8.080626062665457e-07,0.0,8.080454774816494e-07,0.0,1.0629963218418889e-10
Lactobacillus pentosus   ,0.0,0.0,0.0,0.0,0.0,1.21194945807175e-06,1.2122380277857078e-06,1.110875134302279e-06,0.0,5.050391289165911e-07,0.0,8.080203498152656e-07,0.0,5.392045488727366e-07
Lactobacillus rhamnosus   ,0.0,0.0,0.0,0.0,0.0,6.362734654876687e-06,4.242833097249978e-06,0.0,0.0,3.5352739024161374e-06,0.0,2.8281683309085605e-06,0.0,2.7835007636438086e-06
Leuconostoc mesenteroides   ,0.0,0.0,0.0,0.0,0.0,0.0,5.050991782440449e-07,0.0,0.0,0.0,0.0,1.0101983564880898e-07,0.0,2.2588721958659347e-07
Lutimonas saemankumensis   ,0.0,0.0,0.0,0.0,0.0,0.0,0.0,1.7168070257398858e-06,1.8182938544698208e-06,0.0,0.0,7.070201760419414e-07,0.0,9.687919356317773e-07
Magnusiomyces,0.0,0.0,0.0,0.0,0.0,0.0,2.0203967129761797e-07,0.0,0.0,0.0,0.0,4.0407934259523595e-08,0.0,9.035488783463738e-08
Marinococcus halophilus   ,0.0,0.0,0.0,0.0,0.0,1.6159326107623334e-06,1.9193768773273707e-06,1.4138410800210823e-06,1.9193101797181444e-06,1.414109560966455e-06,0.0,1.656514061759077e-06,0.0,2.5370042947242783e-07
Marinomonas sp. H1611  ,0.0,0.0,0.0,0.0,0.0,2.0199157634529168e-07,3.0305950694642694e-07,3.0296594571880336e-07,4.040653009932935e-07,0.0,0.0,2.424164660007631e-07,0.0,1.5319438506001235e-07
Mediophyceae,0.0,0.0,0.0,0.0,0.0,1.1109536698991042e-05,9.89994389358328e-06,9.896887560147577e-06,1.1212812102563896e-05,1.0807837358815048e-05,0.0,1.0585403522820169e-05,0.0,6.445430664166174e-07
Megasphaera paucivorans   ,0.0,0.0,0.0,0.0,0.0,5.049789408632291e-07,0.0,0.0,0.0,0.0,0.0,1.0099578817264583e-07,0.0,2.2583344779520535e-07
Meloidoderita salina,0.0,0.0,0.0,0.0,0.0,4.847797832287e-06,5.556090960684494e-06,5.453387022938461e-06,5.555897888657786e-06,5.757446069649138e-06,0.0,5.434123954843376e-06,0.0,3.458292277907494e-07
Melosirids,0.0,0.0,0.0,0.0,0.0,7.97866726563902e-06,6.364249645874966e-06,8.079091885834756e-06,7.273175417879283e-06,7.070547804832275e-06,0.0,7.35314640401206e-06,0.0,7.039970376437677e-07
Mercenaria mercenaria  ,0.0,0.0,0.0,0.0,0.0,6.05974729035875e-07,0.0,0.0,0.0,0.0,0.0,1.21194945807175e-07,0.0,2.7100013735424644e-07
Mesodiniidae,0.0,0.0,0.0,0.0,0.0,5.857755714013459e-06,6.364249645874966e-06,4.948443780073788e-06,5.2528489129128155e-06,6.363493024349047e-06,0.0,5.757358215444816e-06,0.0,6.431695874158536e-07
Mesorhizobium sp. C-13-Coimbra  ,0.0,0.0,0.0,0.0,0.0,0.0,7.071388495416629e-07,1.0098864857293446e-06,8.08130601986587e-07,6.060469546999093e-07,0.0,6.262405783915007e-07,0.0,3.8059090163767137e-07
Metakinetoplastina,0.0,0.0,0.0,0.0,0.0,8.079663053811667e-07,9.091785208392809e-07,4.0395459429173784e-07,2.0203265049664675e-07,4.0403130313327287e-07,0.0,5.45432674828421e-07,0.0,2.9965351639937356e-07
Metalistrophorus pagenstecheri  ,0.0,0.0,0.0,0.0,0.0,5.049789408632291e-07,5.050991782440449e-07,4.0395459429173784e-07,4.040653009932935e-07,3.0302347734995466e-07,0.0,4.2422429834845204e-07,0.0,8.451175003133867e-08
Methanobacterium sp. IM1  ,0.0,0.0,0.0,0.0,0.0,2.0199157634529168e-07,0.0,2.0197729714586892e-07,2.0203265049664675e-07,2.0201565156663643e-07,0.0,1.6160343511088877e-07,0.0,9.033906909970229e-08
Methanobrevibacter cuticularis   ,0.0,0.0,0.0,0.0,0.0,0.0,2.0203967129761797e-07,2.0197729714586892e-07,0.0,0.0,0.0,8.080339368869738e-08,0.0,1.1064460581332812e-07
Methanosarcina lacustris   ,0.0,0.0,0.0,0.0,0.0,0.0,3.0305950694642694e-07,3.0296594571880336e-07,2.0203265049664675e-07,3.0302347734995466e-07,0.0,2.2221631610236633e-07,0.0,1.3169414660238796e-07
Micromegistus bakeri  ,0.0,0.0,0.0,0.0,0.0,7.069705172085208e-07,9.091785208392809e-07,1.110875134302279e-06,7.071142767382636e-07,7.070547804832275e-07,0.0,8.282386459143144e-07,0.0,1.8062201486119448e-07
Micromonas,0.0,0.0,0.0,0.0,0.0,0.0,3.0305950694642694e-07,0.0,0.0,0.0,0.0,6.061190138928538e-08,0.0,1.3553233175195607e-07
Moniliella suaveolens  ,0.0,0.0,0.0,0.0,0.0,0.0,2.5254958912202246e-06,3.9385572943444436e-06,2.5254081312080846e-06,0.0,0.0,1.7978922633545504e-06,0.0,1.7396814603128662e-06
Mycobacterium sp. IMCC13008  ,0.0,0.0,0.0,0.0,0.0,0.0,0.0,2.0197729714586892e-07,0.0,0.0,0.0,4.039545942917378e-08,0.0,9.032699326596742e-08
Myroides odoratus,0.0,0.0,0.0,0.0,0.0,0.0,0.0,0.0,4.040653009932935e-07,0.0,0.0,8.08130601986587e-08,0.0,1.807034960739835e-07
Nassophorea,0.0,0.0,0.0,0.0,0.0,0.0,2.0203967129761797e-07,0.0,0.0,0.0,0.0,4.0407934259523595e-08,0.0,9.035488783463738e-08
Nematoda environmental sample ,0.0,0.0,0.0,0.0,0.0,8.372550839512339e-05,8.687705865797572e-05,8.735518101558831e-05,8.384354995610841e-05,8.333145627123753e-05,0.0,8.502655085920667e-05,0.0,1.9243470198197444e-06
Neoptera,0.0,0.0,0.0,0.0,0.0,2.4440980737780294e-05,2.2628443185333214e-05,2.2924423226056122e-05,2.4546967035342582e-05,2.3534823407513145e-05,0.0,2.3615127518405073e-05,0.0,8.670965298200101e-07
Neosiphonia paniculata   ,0.0,0.0,0.0,0.0,0.0,4.0398315269058336e-07,0.0,7.069205400105411e-07,0.0,6.060469546999093e-07,0.0,3.4339012948020675e-07,0.0,3.319066298394348e-07
Nerita polita,0.0,0.0,0.0,0.0,0.0,2.0199157634529168e-07,0.0,2.0197729714586892e-07,2.0203265049664675e-07,0.0,0.0,1.2120030479756148e-07,0.0,1.1064023672290027e-07
Neurospora,0.0,0.0,0.0,0.0,0.0,1.262447352158073e-05,1.2021360442208269e-05,1.2017649180179201e-05,1.282907330653707e-05,1.0807837358815048e-05,0.0,1.2060078761864064e-05,0.0,7.876074472288787e-07
Nothrus silvestris  ,0.0,0.0,0.0,0.0,0.0,0.0,0.0,2.0197729714586892e-07,0.0,2.0201565156663643e-07,0.0,8.079858974250107e-08,0.0,1.1063802637244382e-07
Oceanococcus atlanticus   ,0.0,0.0,0.0,0.0,0.0,0.0,8.081586851904719e-07,7.069205400105411e-07,0.0,6.060469546999093e-07,0.0,4.242252359801844e-07,0.0,3.9380031977716997e-07
Ochrobactrum sp. c260  ,0.0,0.0,0.0,0.0,0.0,2.2219073397982086e-06,2.7275355625178427e-06,2.019772971458689e-06,2.2223591554631143e-06,2.5251956445829555e-06,0.0,2.343354134764162e-06,0.0,2.8051541062556676e-07
Oleibacter marinus   ,0.0,0.0,0.0,0.0,0.0,1.0099578817264583e-06,1.0101983564880899e-06,8.079091885834757e-07,1.1111795777315571e-06,1.1110860836165003e-06,0.0,1.0100662176292161e-06,0.0,1.2379056759828345e-07
Oligohymenophorea,0.0,0.0,0.0,0.0,0.0,0.0,0.0,0.0,4.040653009932935e-07,0.0,0.0,8.08130601986587e-08,0.0,1.807034960739835e-07
Paenibacillus sp. M10-6  ,0.0,0.0,0.0,0.0,0.0,2.0199157634529168e-07,0.0,0.0,2.0203265049664675e-07,0.0,0.0,8.080484536838769e-08,0.0,1.1064659236292683e-07
Paenibacillus validus   ,0.0,0.0,0.0,0.0,0.0,0.0,0.0,2.0197729714586892e-07,0.0,0.0,0.0,4.039545942917378e-08,0.0,9.032699326596742e-08
Paracraurococcus ruber   ,0.0,0.0,0.0,0.0,0.0,0.0,2.0203967129761797e-07,0.0,0.0,0.0,0.0,4.0407934259523595e-08,0.0,9.035488783463738e-08
Phormidium sp.,0.0,0.0,0.0,0.0,0.0,0.0,0.0,0.0,4.040653009932935e-07,0.0,0.0,8.08130601986587e-08,0.0,1.807034960739835e-07
Plasmodium,0.0,0.0,0.0,0.0,0.0,1.0402566181782521e-05,1.2627479456101123e-05,1.2118637828752136e-05,1.2323991680295453e-05,1.1211868661948321e-05,0.0,1.1736908761775911e-05,0.0,9.137336623153971e-07
Poduridae environmental sample ,0.0,0.0,0.0,0.0,0.0,5.433573403688346e-05,5.3641532729517574e-05,5.211014266363418e-05,5.3336619731114746e-05,5.282709288467542e-05,0.0,5.325022440916508e-05,0.0,8.393068834775062e-07
Polaribacter sp. Hel_I_88 ,0.0,0.0,0.0,0.0,0.0,0.0,1.6163173703809437e-06,0.0,0.0,1.414109560966455e-06,0.0,6.060853862694798e-07,0.0,8.32990128237542e-07
Propionibacteriaceae bacterium SK081  ,0.0,0.0,0.0,0.0,0.0,0.0,1.4142776990833259e-06,9.088978371564101e-07,1.3132122282282039e-06,1.2120939093998187e-06,0.0,9.696963347735516e-07,0.0,5.741123108151284e-07
Prostomatea,0.0,0.0,0.0,0.0,0.0,1.4139410344170417e-06,1.0101983564880899e-06,6.059318914376067e-07,1.3132122282282039e-06,1.3131017351831368e-06,0.0,1.1312770491508156e-06,0.0,3.3041910468104365e-07
Proteus mirabilis   ,0.0,0.0,0.0,0.0,0.0,2.0199157634529168e-07,4.0407934259523594e-07,3.0296594571880336e-07,0.0,0.0,0.0,1.8180737293186616e-07,0.0,1.8069274475612557e-07
Pseudoalteromonas sp. 7032  ,0.0,0.0,0.0,0.0,0.0,3.029873645179375e-07,2.0203967129761797e-07,3.0296594571880336e-07,4.040653009932935e-07,2.0201565156663643e-07,0.0,2.8281478681885775e-07,0.0,8.45100716314004e-08
Pseudochrobactrum sp. IR17  ,0.0,0.0,0.0,0.0,0.0,0.0,2.0203967129761797e-07,0.0,2.0203265049664675e-07,0.0,0.0,8.081446435885295e-08,0.0,1.1065976278294221e-07
Pseudomonas monteilii   ,0.0,0.0,0.0,0.0,0.0,1.918919975280271e-06,3.0305950694642694e-06,1.7168070257398858e-06,3.131506082698025e-06,1.8181408640997278e-06,0.0,2.323193803456436e-06,0.0,6.964204936338284e-07
Pseudomonas sp. BR 9109 ,0.0,0.0,0.0,0.0,0.0,1.21194945807175e-06,7.071388495416629e-07,1.0098864857293446e-06,1.2121959029798805e-06,0.0,0.0,8.282341392645276e-07,0.0,5.070250278574087e-07
Pseudomonas sp. MsC-01-4CH2-05  ,0.0,0.0,0.0,0.0,0.0,0.0,0.0,2.0197729714586892e-07,0.0,0.0,0.0,4.039545942917378e-08,0.0,9.032699326596742e-08
Remanella sp. 2 WS-2012 ,0.0,0.0,0.0,0.0,0.0,0.0008851270875450681,0.0008988744976031024,0.0009008187452705753,0.0008893477274862391,0.0008976565477363489,0.0,0.0008943649211282668,0.0,6.7700209217133775e-06
Rhizobium leguminosarum   ,0.0,0.0,0.0,0.0,0.0,4.0398315269058336e-07,0.0,0.0,3.0304897574497013e-07,0.0,0.0,1.414064256871107e-07,0.0,1.9688967928123917e-07
Rhizosolenids,0.0,0.0,0.0,0.0,0.0,2.0199157634529168e-07,0.0,0.0,0.0,0.0,0.0,4.0398315269058335e-08,0.0,9.033337911808215e-08
Rhodobacter sphaeroides   ,0.0,0.0,0.0,0.0,0.0,1.1109536698991043e-06,1.111218192136899e-06,1.110875134302279e-06,7.071142767382636e-07,7.070547804832275e-07,0.0,9.494432107119547e-07,0.0,2.2124223282723923e-07
Rotaliida,0.0,0.0,0.0,0.0,0.0,0.00011008540910818396,0.0001123340572414756,0.00010108963722150739,0.00010525901090875296,0.0001097955066264669,0.0,0.00010771272422127736,0.0,4.50583858538225e-06
Ruminococcaceae bacterium GD6 ,0.0,0.0,0.0,0.0,0.0,5.655764137668167e-06,5.556090960684494e-06,5.049432428646723e-06,4.747767286671199e-06,6.060469546999093e-06,0.0,5.413904872133935e-06,0.0,5.180101619932799e-07
SCM38C39 marine group,0.0,0.0,0.0,0.0,0.0,1.817924187107625e-06,0.0,0.0,0.0,0.0,0.0,3.63584837421525e-07,0.0,8.130004120627392e-07
Saccharomycodes,0.0,0.0,0.0,0.0,0.0,0.00016533010523862122,0.00016264193539458247,0.0001562294393423296,0.0001504133082947535,0.00016585484993620852,0.0,0.00016009392764129905,0.0,6.628476178109484e-06
Schizochytrium aggregatum   ,0.0,0.0,0.0,0.0,0.0,3.029873645179375e-07,0.0,3.0296594571880336e-07,2.0203265049664675e-07,2.0201565156663643e-07,0.0,2.0200032246000484e-07,0.0,1.236897037930782e-07
Serinthea sp.,0.0,0.0,0.0,0.0,0.0,1.6058330319450687e-05,1.6769292717702292e-05,1.7572024851690595e-05,1.7071758966966653e-05,1.626225995111423e-05,0.0,1.6746733361384893e-05,0.0,6.115287904538518e-07
Serratia sp. PTSe-1  ,0.0,0.0,0.0,0.0,0.0,0.0,3.0305950694642694e-07,0.0,0.0,0.0,0.0,6.061190138928538e-08,0.0,1.3553233175195607e-07
Sphingomonas sp. FI401  ,0.0,0.0,0.0,0.0,0.0,0.0,0.0,0.0,0.0,2.0201565156663643e-07,0.0,4.0403130313327284e-08,0.0,9.034414588438218e-08
Sphingomonas sp. OSG-47  ,0.0,0.0,0.0,0.0,0.0,2.0199157634529168e-07,0.0,0.0,4.040653009932935e-07,0.0,0.0,1.2121137546771703e-07,0.0,1.806989047195481e-07
Spirochaeta thermophila DSM 6192,0.0,0.0,0.0,0.0,0.0,3.7873420564742186e-05,3.838753754654741e-05,4.3324130237788884e-05,3.7578072992376295e-05,4.141320857116047e-05,0.0,3.971527398252305e-05,0.0,2.531292232573872e-06
Spirosoma sp. KSM4-2  ,0.0,0.0,0.0,0.0,0.0,0.0,2.0203967129761797e-07,4.0395459429173784e-07,0.0,3.0302347734995466e-07,0.0,1.818035485878621e-07,0.0,1.8066538092355635e-07
Spirotrichonympha leidyi   ,0.0,0.0,0.0,0.0,0.0,4.948793620459646e-06,5.556090960684494e-06,5.554375671511395e-06,5.858946864402756e-06,4.141320857116047e-06,0.0,5.211905594834868e-06,0.0,6.837015642266727e-07
Stenotrophomonas maltophilia   ,0.0,0.0,0.0,0.0,0.0,0.0,2.0203967129761797e-07,0.0,0.0,0.0,0.0,4.0407934259523595e-08,0.0,9.035488783463738e-08
Streptococcus caballi   ,0.0,0.0,0.0,0.0,0.0,2.2219073397982086e-06,2.121416548624989e-06,1.8177956743128202e-06,2.0203265049664675e-06,1.8181408640997278e-06,0.0,1.9999173863604425e-06,0.0,1.8074093339979745e-07
Streptococcus pneumoniae   ,0.0,0.0,0.0,0.0,0.0,0.0,3.0305950694642694e-07,2.0197729714586892e-07,0.0,0.0,0.0,1.0100736081845916e-07,0.0,1.4285259764474884e-07
Streptococcus salivarius,0.0,0.0,0.0,0.0,0.0,0.0,0.0,6.059318914376067e-07,0.0,0.0,0.0,1.2118637828752134e-07,0.0,2.709809797979023e-07
Streptococcus salivarius subsp. thermophilus ,0.0,0.0,0.0,0.0,0.0,0.0,0.0,0.0,0.0,1.0100782578331821e-06,0.0,2.0201565156663643e-07,0.0,4.5172072942191094e-07
Streptococcus sobrinus   ,0.0,0.0,0.0,0.0,0.0,0.00016290620632247773,0.0001651674312858027,0.00016026898528524698,0.00016213120202355902,0.00016343066211740886,0.0,0.00016278089740689907,0.0,1.7934078632967359e-06
Streptococcus thermophilus TH1435  ,0.0,0.0,0.0,0.0,0.0,0.0,0.0,8.079091885834757e-07,0.0,0.0,0.0,1.6158183771669513e-07,0.0,3.613079730638697e-07
Streptomyces griseus   ,0.0,0.0,0.0,0.0,0.0,1.1109536698991043e-06,1.0101983564880899e-06,1.110875134302279e-06,1.0101632524832338e-06,1.1110860836165003e-06,0.0,1.0706552993578415e-06,0.0,5.520546119553091e-08
Streptomyces radiopugnans   ,0.0,0.0,0.0,0.0,0.0,0.0007852422530423214,0.0007906822536232279,0.0007844798221145549,0.0007719667575476872,0.0007918003463154315,0.0,0.0007848342865286444,0.0,7.883370025968163e-06
Streptomyces sp.,0.0,0.0,0.0,0.0,0.0,0.0,3.0305950694642694e-07,0.0,3.0304897574497013e-07,3.0302347734995466e-07,0.0,1.8182639200827035e-07,0.0,1.6598402793809664e-07
Streptomyces sp. AMJ7  ,0.0,0.0,0.0,0.0,0.0,2.0199157634529168e-07,3.0305950694642694e-07,0.0,0.0,0.0,0.0,1.0101021665834372e-07,0.0,1.428551209427225e-07
Streptomyces sp. SD 576 ,0.0,0.0,0.0,0.0,0.0,1.0907545122645751e-05,9.89994389358328e-06,9.896887560147577e-06,1.0000616199584014e-05,9.69675127519855e-06,0.0,1.0080348810231834e-05,0.0,4.75384597349599e-07
Streptomyces sp. TH-11  ,0.0,0.0,0.0,0.0,0.0,5.049789408632291e-07,4.0407934259523594e-07,5.049432428646723e-07,7.071142767382636e-07,3.0302347734995466e-07,0.0,4.848278560822712e-07,0.0,1.498291546795193e-07
Streptomyces thermodiastaticus   ,0.0,0.0,0.0,0.0,0.0,6.05974729035875e-07,6.061190138928539e-07,7.069205400105411e-07,9.091469272349104e-07,5.050391289165911e-07,0.0,6.666400678181543e-07,0.0,1.5320740685088022e-07
Talaromyces,0.0,0.0,0.0,0.0,0.0,0.0002517824999144061,0.0002495189940525582,0.0002506538257580233,0.00024789406215938557,0.00024918630620744605,0.0,0.00024980713761836386,0.0,1.4787877698902188e-06
Temnosewellia minor  ,0.0,0.0,0.0,0.0,0.0,0.0,0.0,2.0197729714586892e-07,0.0,0.0,0.0,4.039545942917378e-08,0.0,9.032699326596742e-08
Tetrapoda,0.0,0.0,0.0,0.0,0.0,2.1209115516255626e-06,2.6265157268690336e-06,1.9187843228857545e-06,2.323375480711438e-06,2.0201565156663643e-06,0.0,2.2019487195516305e-06,0.0,2.805348042339427e-07
Thaumatomonadida environmental sample  ,0.0,0.0,0.0,0.0,0.0,1.817924187107625e-06,1.111218192136899e-06,1.8177956743128202e-06,1.8182938544698208e-06,1.919148689883046e-06,0.0,1.6968761195820424e-06,0.0,3.3030922754322277e-07
Thorsellia anophelis   ,0.0,0.0,0.0,0.0,0.0,3.029873645179375e-06,1.7173372060297528e-06,2.423727565750427e-06,2.5254081312080846e-06,2.4241878187996373e-06,0.0,2.4241068733934553e-06,0.0,4.681716671709764e-07
Trichinella nelsoni  ,0.0,0.0,0.0,0.0,0.0,0.0,0.0,3.0296594571880336e-07,0.0,0.0,0.0,6.059318914376067e-08,0.0,1.3549048989895115e-07
Trichodorus sparsus  ,0.0,0.0,0.0,0.0,0.0,2.009816184635652e-05,2.0203967129761797e-05,2.241947998319145e-05,2.242562420512779e-05,2.222172167233001e-05,0.0,2.1473790967353514e-05,0.0,1.2108388232653162e-06
Turicibacter sp. H121  ,0.0,0.0,0.0,0.0,0.0,0.0005542648854914803,0.0005629835440708125,0.0005509940666139304,0.0005586202786232283,0.0005529168383378839,0.0,0.0005559559226274672,0.0,4.827056842338426e-06
Ulkenia aff. visurgensis BAFCcult 3529,0.0,0.0,0.0,0.0,0.0,3.029873645179375e-07,0.0,4.0395459429173784e-07,3.0304897574497013e-07,0.0,0.0,2.0199818691092908e-07,0.0,1.8894642192331292e-07
Vibrio fluvialis   ,0.0,0.0,0.0,0.0,0.0,7.372692536603146e-06,5.556090960684494e-06,5.150421077219658e-06,5.656914213906109e-06,6.2624851985657296e-06,0.0,5.999720797395827e-06,0.0,8.6454183351355e-07
Vibrio rumoiensis 1S-45  ,0.0,0.0,0.0,0.0,0.0,3.029873645179375e-07,2.0203967129761797e-07,4.0395459429173784e-07,0.0,2.0201565156663643e-07,0.0,2.2219945633478594e-07,0.0,1.4978986746897968e-07
Xenasma,0.0,0.0,0.0,0.0,0.0,2.252206076250002e-05,2.3638641541821304e-05,2.4944196197514812e-05,2.181952625363785e-05,2.2120713846546688e-05,0.0,2.3009027720404137e-05,0.0,1.282813577155654e-06
Xylariaceae sp.,0.0,0.0,0.0,0.0,0.0,0.00011978100477275796,6.354147662310086e-05,0.00013704159611347205,8.303541935412182e-05,7.98971901946047e-05,0.0,9.665933741161147e-05,0.0,3.053158915448257e-05
Yersinia kristensenii   ,0.0,0.0,0.0,0.0,0.0,0.0,4.0407934259523594e-07,4.0395459429173784e-07,4.040653009932935e-07,0.0,0.0,2.4241984757605345e-07,0.0,2.212980367820829e-07
[Clostridium] leptum  ,0.0,0.0,0.0,0.0,0.0,2.6258904924887917e-06,2.222436384273798e-06,1.6158183771669514e-06,2.5254081312080846e-06,1.5151173867497733e-06,0.0,2.10093415437748e-06,0.0,5.121129534418539e-07
[Clostridium] scindens ATCC 35704 ,0.0,0.0,0.0,0.0,0.0,0.0,1.3132578634345168e-06,0.0,0.0,0.0,0.0,2.6265157268690335e-07,0.0,5.87306770925143e-07
[Eubacterium] eligens ,0.0,0.0,0.0,0.0,0.0,6.160743078531396e-06,6.667309152821393e-06,5.049432428646723e-06,5.858946864402756e-06,5.4544225922991835e-06,0.0,5.83817082334029e-06,0.0,6.247651225074474e-07
archaeon RC2   ,0.0,0.0,0.0,0.0,0.0,0.0,0.0,3.0296594571880336e-07,3.0304897574497013e-07,0.0,0.0,1.2120298429275468e-07,0.0,1.6596402393140486e-07
bacterium 14W135   ,0.0,0.0,0.0,0.0,0.0,2.0199157634529168e-07,0.0,0.0,0.0,0.0,0.0,4.0398315269058335e-08,0.0,9.033337911808215e-08
bacterium 14W231   ,0.0,0.0,0.0,0.0,0.0,4.0398315269058336e-07,2.0203967129761797e-07,4.0395459429173784e-07,3.0304897574497013e-07,7.070547804832275e-07,0.0,4.040162349016274e-07,0.0,1.8895851705407528e-07
bacterium B0056   ,0.0,0.0,0.0,0.0,0.0,2.322903127970854e-06,1.7173372060297528e-06,2.1207616200316238e-06,1.4142285534765273e-06,1.919148689883046e-06,0.0,1.898875839478361e-06,0.0,3.525913699755316e-07
bacterium NLAE-zl-G146 ,0.0,0.0,0.0,0.0,0.0,1.0907545122645751e-05,1.1617281099613034e-05,1.1916660531606266e-05,1.282907330653707e-05,1.2019931268214868e-05,0.0,1.1858098265723397e-05,0.0,6.953337642585883e-07
bacterium NLAE-zl-G256   ,0.0,0.0,0.0,0.0,0.0,6.05974729035875e-07,5.050991782440449e-07,5.049432428646723e-07,0.0,5.050391289165911e-07,0.0,4.242112558122367e-07,0.0,2.411362708902674e-07
bacterium NLAE-zl-P127   ,0.0,0.0,0.0,0.0,0.0,0.0,2.222436384273798e-06,0.0,2.0203265049664675e-06,0.0,0.0,8.485525778480531e-07,0.0,1.1641236276649415e-06
bacterium NLAE-zl-P343   ,0.0,0.0,0.0,0.0,0.0,2.1209115516255626e-06,0.0,2.1207616200316238e-06,1.9193101797181444e-06,0.0,0.0,1.2321966702750661e-06,0.0,1.1278413068338564e-06
bacterium NLAE-zl-P353   ,0.0,0.0,0.0,0.0,0.0,0.0004410486069499444,0.000436304670167206,0.00043687689372651445,0.0004338651169415489,0.0004370608621644179,0.0,0.0004370312299899263,0.0,2.584384665541785e-06
bacterium mpn-isolate,0.0,0.0,0.0,0.0,0.0,1.6159326107623334e-06,1.7173372060297528e-06,1.7168070257398858e-06,1.616261203973174e-06,1.7171330383164096e-06,0.0,1.676694216964311e-06,0.0,5.531796748755672e-08
denitrifying bacterium enrichment culture clone,0.0,0.0,0.0,0.0,0.0,2.0199157634529168e-07,2.0203967129761797e-07,2.0197729714586892e-07,0.0,0.0,0.0,1.2120170895775572e-07,0.0,1.1064151908692927e-07
gut metagenome,0.0,0.0,0.0,0.0,0.0,0.0,0.0,2.0197729714586892e-07,0.0,2.0201565156663643e-07,0.0,8.079858974250107e-08,0.0,1.1063802637244382e-07
gut metagenome   ,0.0,0.0,0.0,0.0,0.0,4.847797832287e-06,5.050991782440449e-06,5.2514097257925914e-06,5.050816262416169e-06,6.060469546999093e-06,0.0,5.252297029987061e-06,0.0,4.7378304842328634e-07
human gut metagenome  ,0.0,0.0,0.0,0.0,0.0,0.0002597611671800451,0.00025800466024705814,0.00025428941710664896,0.0002493082907128621,0.00025878204965686124,0.0,0.0002560291169806951,0.0,4.289687330721033e-06
iron-reducing bacterium enrichment culture clone,0.0,0.0,0.0,0.0,0.0,2.0199157634529168e-07,2.0203967129761797e-07,0.0,0.0,0.0,0.0,8.080624952858193e-08,0.0,1.1064851544206103e-07
marine bacterium IVA010  ,0.0,0.0,0.0,0.0,0.0,1.3129452462443959e-06,7.071388495416629e-07,7.069205400105411e-07,9.091469272349104e-07,1.1110860836165003e-06,0.0,9.49447529329602e-07,0.0,2.6335080587125734e-07
metagenome,0.0,0.0,0.0,0.0,0.0,8.079663053811667e-07,5.050991782440449e-07,1.4138410800210823e-06,0.0,1.1110860836165003e-06,0.0,7.675985294525588e-07,0.0,5.466617105593918e-07
swine,0.0,0.0,0.0,0.0,0.0,1.0099578817264583e-06,7.071388495416629e-07,7.069205400105411e-07,9.091469272349104e-07,9.090704320498639e-07,0.0,8.484469261126873e-07,0.0,1.3550201000258493e-07
uncultured,0.0,0.0,0.0,0.0,0.0,0.0003872178518539241,0.000391350843303486,0.000392845842948715,0.00038820573792930677,0.0003960516848963907,0.0,0.00039113439218636456,0.0,3.573233351152171e-06
uncultured Aliihoeflea sp.  ,0.0,0.0,0.0,0.0,0.0,0.0,0.0,0.0,0.0,2.0201565156663643e-06,0.0,4.0403130313327287e-07,0.0,9.034414588438219e-07
uncultured Bacillus sp.  ,0.0,0.0,0.0,0.0,0.0,3.029873645179375e-07,2.0203967129761797e-07,0.0,2.0203265049664675e-07,0.0,0.0,1.4141193726244043e-07,0.0,1.3551003994233539e-07
uncultured Bacteroidetes bacterium  ,0.0,0.0,0.0,0.0,0.0,0.0,1.3132578634345168e-06,6.059318914376067e-07,1.9193101797181444e-06,1.8181408640997278e-06,0.0,1.1313281597379991e-06,0.0,8.187903296222894e-07
uncultured Brevundimonas sp.  ,0.0,0.0,0.0,0.0,0.0,6.05974729035875e-07,9.091785208392809e-07,6.059318914376067e-07,4.040653009932935e-07,5.050391289165911e-07,0.0,6.060379142445295e-07,0.0,1.8900260166271016e-07
uncultured Brumimicrobium,0.0,0.0,0.0,0.0,0.0,5.049789408632291e-07,6.061190138928539e-07,6.059318914376067e-07,4.040653009932935e-07,6.060469546999093e-07,0.0,5.454284203773785e-07,0.0,9.03303890863604e-08
uncultured Chloroflexi bacterium  ,0.0,0.0,0.0,0.0,0.0,0.0,4.0407934259523594e-07,0.0,0.0,0.0,0.0,8.081586851904719e-08,0.0,1.8070977566927476e-07
uncultured Clostridium,0.0,0.0,0.0,0.0,0.0,1.0099578817264583e-06,1.0101983564880899e-06,1.3128524314481479e-06,7.071142767382636e-07,1.3131017351831368e-06,0.0,1.0706449363168192e-06,0.0,2.534467488821659e-07
uncultured Comamonadaceae bacterium  ,0.0,0.0,0.0,0.0,0.0,2.0199157634529168e-07,6.061190138928539e-07,4.0395459429173784e-07,0.0,3.0302347734995466e-07,0.0,3.030177323759676e-07,0.0,2.2587865510058424e-07
uncultured Epsilonproteobacteria bacterium  ,0.0,0.0,0.0,0.0,0.0,1.0099578817264583e-06,1.7173372060297528e-06,1.3128524314481479e-06,1.3132122282282039e-06,1.0100782578331821e-06,0.0,1.2726876010531491e-06,0.0,2.9110105752903494e-07
uncultured Fibrobacteres bacterium,0.0,0.0,0.0,0.0,0.0,1.0099578817264583e-06,1.111218192136899e-06,9.088978371564101e-07,1.0101632524832338e-06,3.0302347734995466e-07,0.0,8.686521281705911e-07,0.0,3.241860952451814e-07
uncultured Flavobacteriales bacterium  ,0.0,0.0,0.0,0.0,0.0,0.0,6.061190138928539e-07,4.0395459429173784e-07,0.0,7.070547804832275e-07,0.0,3.434256777335638e-07,0.0,3.3195634322235995e-07
uncultured Fusobacterium sp.  ,0.0,0.0,0.0,0.0,0.0,0.0,0.0,0.0,3.0304897574497013e-07,0.0,0.0,6.060979514899403e-08,0.0,1.3552762205548765e-07
uncultured Gemmatimonas sp.  ,0.0,0.0,0.0,0.0,0.0,2.0199157634529168e-07,3.0305950694642694e-07,2.0197729714586892e-07,2.0203265049664675e-07,2.0201565156663643e-07,0.0,2.2221533650017418e-07,0.0,4.519327021964267e-08
uncultured Halomonas sp.  ,0.0,0.0,0.0,0.0,0.0,1.817924187107625e-06,2.222436384273798e-06,1.0098864857293446e-06,9.091469272349104e-07,1.6161252125330915e-06,0.0,1.5151038393757537e-06,0.0,5.5332024264971e-07
uncultured Hymenobacter sp.  ,0.0,0.0,0.0,0.0,0.0,0.0,2.0203967129761797e-07,0.0,2.0203265049664675e-07,0.0,0.0,8.081446435885295e-08,0.0,1.1065976278294221e-07
uncultured Hyphomicrobiaceae bacterium  ,0.0,0.0,0.0,0.0,0.0,1.817924187107625e-06,1.8183570416785619e-06,1.9187843228857545e-06,2.121342830214791e-06,1.6161252125330915e-06,0.0,1.858506718883965e-06,0.0,1.8352380230483812e-07
uncultured Hyphomonadaceae bacterium  ,0.0,0.0,0.0,0.0,0.0,4.0398315269058336e-07,8.081586851904719e-07,0.0,0.0,5.050391289165911e-07,0.0,3.4343619335952924e-07,0.0,3.470033412292397e-07
uncultured Lachnospiraceae bacterium ,0.0,0.0,0.0,0.0,0.0,0.0005420443951225902,0.0005261113040589972,0.0005300894163593329,0.0005408414053795234,0.0005391797740313527,0.0,0.0005356532589903594,0.0,7.1099409471075925e-06
uncultured Lactobacillaceae bacterium  ,0.0,0.0,0.0,0.0,0.0,2.0199157634529168e-07,5.050991782440449e-07,4.0395459429173784e-07,3.0304897574497013e-07,3.0302347734995466e-07,0.0,3.434235603951999e-07,0.0,1.1518278015769586e-07
uncultured Marinilabiliaceae bacterium  ,0.0,0.0,0.0,0.0,0.0,2.0199157634529168e-07,2.0203967129761797e-07,0.0,2.0203265049664675e-07,2.0201565156663643e-07,0.0,1.6161590994123857e-07,0.0,9.034604211921172e-08
uncultured Methanobrevibacter sp.  ,0.0,0.0,0.0,0.0,0.0,0.0,2.0203967129761797e-07,0.0,0.0,3.0302347734995466e-07,0.0,1.0101262972951453e-07,0.0,1.428508835980268e-07
uncultured Methanococcoides sp.  ,0.0,0.0,0.0,0.0,0.0,2.0199157634529168e-07,0.0,0.0,4.040653009932935e-07,3.0302347734995466e-07,0.0,1.8181607093770796e-07,0.0,1.8069807272795337e-07
uncultured Methanoplanus sp.  ,0.0,0.0,0.0,0.0,0.0,0.0,5.050991782440449e-07,8.079091885834757e-07,0.0,4.0403130313327287e-07,0.0,3.434079339921587e-07,0.0,3.469289138743614e-07
uncultured Methanosaeta sp.  ,0.0,0.0,0.0,0.0,0.0,3.029873645179375e-07,4.0407934259523594e-07,7.069205400105411e-07,0.0,0.0,0.0,2.827974494247429e-07,0.0,2.978867742334403e-07
uncultured Methanosarcinales archaeon  ,0.0,0.0,0.0,0.0,0.0,2.0199157634529168e-07,0.0,2.0197729714586892e-07,2.0203265049664675e-07,0.0,0.0,1.2120030479756148e-07,0.0,1.1064023672290027e-07
uncultured Neisseria sp.  ,0.0,0.0,0.0,0.0,0.0,2.0199157634529168e-07,0.0,4.0395459429173784e-07,0.0,4.0403130313327287e-07,0.0,2.0199549475406046e-07,0.0,2.0199647618878192e-07
uncultured Nitrospirae bacterium  ,0.0,0.0,0.0,0.0,0.0,0.0,2.0203967129761797e-07,0.0,2.0203265049664675e-07,0.0,0.0,8.081446435885295e-08,0.0,1.1065976278294221e-07
uncultured Novosphingobium sp.  ,0.0,0.0,0.0,0.0,0.0,2.2017081821636793e-05,2.111314565060108e-05,2.2520468631764384e-05,2.4546967035342582e-05,2.3029784278596554e-05,0.0,2.2645489483588283e-05,0.0,1.276900876612981e-06
uncultured Ochrobactrum sp.  ,0.0,0.0,0.0,0.0,0.0,0.0,0.0,7.877114588688887e-06,5.3538652381611395e-06,5.959461721215775e-06,0.0,3.83808830961316e-06,0.0,3.6253752176987004e-06
uncultured Olsenella sp.  ,0.0,0.0,0.0,0.0,0.0,2.0199157634529168e-07,0.0,0.0,0.0,0.0,0.0,4.0398315269058335e-08,0.0,9.033337911808215e-08
uncultured Paenibacillus sp.  ,0.0,0.0,0.0,0.0,0.0,3.029873645179375e-07,0.0,4.0395459429173784e-07,0.0,3.0302347734995466e-07,0.0,2.0199308723192598e-07,0.0,1.8894301302559736e-07
uncultured Pedobacter sp.  ,0.0,0.0,0.0,0.0,0.0,7.069705172085209e-06,6.667309152821393e-06,7.473159994397149e-06,6.465044815892696e-06,7.474579107965548e-06,0.0,7.0299596486324e-06,0.0,4.5998284400060215e-07
uncultured Peptostreptococcaceae bacterium  ,0.0,0.0,0.0,0.0,0.0,0.0,0.0,0.0,0.0,1.5151173867497733e-06,0.0,3.0302347734995466e-07,0.0,6.775810941328664e-07
uncultured Planctomycetales bacterium  ,0.0,0.0,0.0,0.0,0.0,0.0,0.0,0.0,0.0,3.0302347734995466e-07,0.0,6.060469546999093e-08,0.0,1.355162188265733e-07
uncultured Rhizobiales bacterium  ,0.0,0.0,0.0,0.0,0.0,0.0,0.0,0.0,2.0203265049664675e-07,2.0201565156663643e-07,0.0,8.080966041265663e-08,0.0,1.1065318484407537e-07
uncultured Selenomonas sp. ,0.0,0.0,0.0,0.0,0.0,0.0,2.0203967129761797e-07,2.0197729714586892e-07,0.0,0.0,0.0,8.080339368869738e-08,0.0,1.1064460581332812e-07
uncultured Spirochaetes bacterium,0.0,0.0,0.0,0.0,0.0,0.0,0.0,2.0197729714586892e-07,0.0,0.0,0.0,4.039545942917378e-08,0.0,9.032699326596742e-08
uncultured Streptococcus sp.  ,0.0,0.0,0.0,0.0,0.0,0.0,0.0,0.0,0.0,5.050391289165911e-07,0.0,1.0100782578331822e-07,0.0,2.2586036471095547e-07
uncultured Turicibacter sp.  ,0.0,0.0,0.0,0.0,0.0,0.0,9.091785208392809e-07,8.079091885834757e-07,0.0,0.0,0.0,3.434175418845513e-07,0.0,4.716049192340383e-07
uncultured Veillonellaceae bacterium  ,0.0,0.0,0.0,0.0,0.0,4.0398315269058336e-07,0.0,7.069205400105411e-07,3.0304897574497013e-07,6.060469546999093e-07,0.0,4.039999246292008e-07,0.0,2.7658223688702795e-07
uncultured Verrucomicrobiaceae bacterium  ,0.0,0.0,0.0,0.0,0.0,0.0,2.0203967129761797e-07,2.0197729714586892e-07,2.0203265049664675e-07,2.0201565156663643e-07,0.0,1.61613054101354e-07,0.0,9.034444698645999e-08
uncultured alpha proteobacterium  ,0.0,0.0,0.0,0.0,0.0,6.05974729035875e-07,7.071388495416629e-07,8.079091885834757e-07,8.08130601986587e-07,3.0302347734995466e-07,0.0,6.464353692995112e-07,0.0,2.0944739557004797e-07
uncultured archaeon ,0.0,0.0,0.0,0.0,0.0,0.0,0.0,0.0,3.0304897574497013e-07,2.0201565156663643e-07,0.0,1.010129254623213e-07,0.0,1.4285565234327074e-07
uncultured archaeon   ,0.0,0.0,0.0,0.0,0.0,4.292320997337448e-05,3.869059705349384e-05,4.1102379969184325e-05,4.0305513774081026e-05,3.3534598160061645e-05,0.0,3.9311259786039066e-05,0.0,3.5706399436099187e-06
uncultured archaeon SYA-130  ,0.0,0.0,0.0,0.0,0.0,3.029873645179375e-07,0.0,3.0296594571880336e-07,0.0,0.0,0.0,1.2119066204734817e-07,0.0,1.6594714857857732e-07
uncultured bacterium,0.0,0.0,0.0,0.0,0.0,1.7169283989349792e-06,1.6163173703809437e-06,0.0,2.0203265049664675e-07,1.8181408640997278e-06,0.0,1.0706838567824595e-06,0.0,8.909206974484029e-07
uncultured bacterium ,0.0,0.0,0.0,0.0,0.0,0.0011643804418424337,0.0011048539424910239,0.0011705594256088833,0.0011596674138507524,0.0011653272860621421,0.0,0.0011529577019710469,0.0,2.7167527405891132e-05
uncultured bacterium  ,0.0,0.0,0.0,0.0,0.0,0.007109396516837058,0.007039870306694201,0.007144542931940821,0.007011947200787119,0.007010650164142767,0.0,0.0070632814240803934,0.0,6.058747160247306e-05
uncultured bacterium   ,0.0,0.0,0.0,0.0,0.0,0.01633970458529968,0.016415117173917568,0.01635531361368388,0.016342623131324254,0.01650174950604648,0.0,0.01639090160205437,0.0,6.908708619738949e-05
uncultured bacterium (human infant) L14D,0.0,0.0,0.0,0.0,0.0,0.0,3.0305950694642694e-07,0.0,0.0,4.0403130313327287e-07,0.0,1.4141816201593995e-07,0.0,1.9690789466292916e-07
uncultured bacterium BC13  ,0.0,0.0,0.0,0.0,0.0,4.544810467769063e-06,3.9397735903035504e-06,4.544489185782051e-06,5.2528489129128155e-06,4.0403130313327286e-06,0.0,4.464447037620041e-06,0.0,5.21922988802267e-07
uncultured beta,0.0,0.0,0.0,0.0,0.0,2.5248947043161457e-06,2.7275355625178427e-06,2.423727565750427e-06,2.2223591554631143e-06,3.4342660766328192e-06,0.0,2.66655661293607e-06,0.0,4.6621928227981203e-07
uncultured ciliate,0.0,0.0,0.0,0.0,0.0,1.4139410344170417e-06,1.2122380277857078e-06,1.9187843228857545e-06,1.5152448787248506e-06,1.8181408640997278e-06,0.0,1.5756698255826165e-06,0.0,2.9086500757382565e-07
uncultured ciliate   ,0.0,0.0,0.0,0.0,0.0,0.0,0.0,2.3227389171774926e-06,2.7274407817047314e-06,3.232250425066183e-06,0.0,1.6564860247896815e-06,0.0,1.54610497329579e-06
uncultured delta proteobacterium  ,0.0,0.0,0.0,0.0,0.0,1.8482229235594188e-05,1.666827288205348e-05,1.747103620311766e-05,1.6061595714483416e-05,1.8888463421480507e-05,0.0,1.7514319491345854e-05,0.0,1.1888224734725131e-06
uncultured eukaryote ,0.0,0.0,0.0,0.0,0.0,1.21194945807175e-05,1.1213201757017798e-05,1.110875134302279e-05,9.394518248094074e-06,1.1615899965081595e-05,0.0,1.109037317878675e-05,0.0,1.0279369904730188e-06
uncultured eukaryote   ,0.0,0.0,0.0,0.0,0.0,1.0099578817264583e-06,1.7173372060297528e-06,1.8177956743128202e-06,1.7172775292214974e-06,1.7171330383164096e-06,0.0,1.5959002659213877e-06,0.0,3.304325972997099e-07
uncultured euryarchaeote   ,0.0,0.0,0.0,0.0,0.0,2.0199157634529168e-07,0.0,0.0,0.0,2.0201565156663643e-07,0.0,8.080144558238561e-08,0.0,1.106419363886636e-07
uncultured fungus,0.0,0.0,0.0,0.0,0.0,0.0,1.3132578634345168e-06,0.0,9.091469272349104e-07,0.0,0.0,4.444809581338854e-07,0.0,6.251755234442539e-07
uncultured fungus  ,0.0,0.0,0.0,0.0,0.0,2.0199157634529168e-07,0.0,4.0395459429173784e-07,0.0,0.0,0.0,1.211892341274059e-07,0.0,1.8065558310077378e-07
uncultured gamma proteobacterium  ,0.0,0.0,0.0,0.0,0.0,0.0,0.0,3.0296594571880336e-07,0.0,0.0,0.0,6.059318914376067e-08,0.0,1.3549048989895115e-07
uncultured haloarchaeon   ,0.0,0.0,0.0,0.0,0.0,4.14082731507848e-06,4.242833097249978e-06,4.645477834354985e-06,4.4447183109262285e-06,3.838297379766092e-06,0.0,4.2624307874751525e-06,0.0,3.061920977202374e-07
uncultured marine Syndiniales,0.0,0.0,0.0,0.0,0.0,2.0199157634529168e-07,0.0,0.0,2.0203265049664675e-07,0.0,0.0,8.080484536838769e-08,0.0,1.1064659236292683e-07
uncultured methanogenic archaeon  ,0.0,0.0,0.0,0.0,0.0,6.05974729035875e-07,5.050991782440449e-07,5.049432428646723e-07,6.060979514899403e-07,8.080626062665457e-07,0.0,6.060355415802156e-07,0.0,1.2371615169619233e-07
uncultured organism ,0.0,0.0,0.0,0.0,0.0,9.089620935538125e-07,1.3132578634345168e-06,1.8177956743128202e-06,0.0,0.0,0.0,8.0800312626023e-07,0.0,8.048127354716123e-07
uncultured organism  ,0.0,0.0,0.0,0.0,0.0,7.97866726563902e-06,9.495864550988044e-06,8.079091885834756e-06,9.293501922845751e-06,9.191712146281958e-06,0.0,8.807767554317905e-06,0.0,7.202784742411831e-07
uncultured organism   ,0.0,0.0,0.0,0.0,0.0,0.0011935682246243286,0.0012039544012625056,0.0012034817250436598,0.0011868408053425513,0.001172599849518541,0.0,0.0011920890011583173,0.0,1.3039752395859923e-05
uncultured prokaryote   ,0.0,0.0,0.0,0.0,0.0,0.0,0.0,0.0,0.0,2.0201565156663643e-07,0.0,4.0403130313327284e-08,0.0,9.034414588438218e-08
uncultured proteobacterium   ,0.0,0.0,0.0,0.0,0.0,5.4537725613228755e-06,5.8591504676309215e-06,4.645477834354985e-06,7.677240718872577e-06,6.2624851985657296e-06,0.0,5.979625356149417e-06,0.0,1.1217054627559457e-06
uncultured rumen,0.0,0.0,0.0,0.0,0.0,9.089620935538125e-07,1.2122380277857078e-06,7.069205400105411e-07,1.1111795777315571e-06,1.0100782578331821e-06,0.0,9.898756993829602e-07,0.0,1.944083416335208e-07
uncultured rumen archaeon  ,0.0,0.0,0.0,0.0,0.0,1.21194945807175e-06,1.3132578634345168e-06,1.110875134302279e-06,4.040653009932935e-07,8.080626062665457e-07,0.0,9.696420726136772e-07,0.0,3.683464629273824e-07
uncultured rumen bacterium ,0.0,0.0,0.0,0.0,0.0,5.150785196804938e-06,4.94997194679164e-06,5.453387022938461e-06,4.646750961422876e-06,5.252406940732547e-06,0.0,5.090660413738092e-06,0.0,3.074883608131121e-07
uncultured rumen bacterium  ,0.0,0.0,0.0,0.0,0.0,3.029873645179375e-07,3.0305950694642694e-07,0.0,0.0,0.0,0.0,1.212093742928729e-07,0.0,1.6597277316309153e-07
uncultured rumen methanogen  ,0.0,0.0,0.0,0.0,0.0,0.0,0.0,0.0,2.0203265049664675e-07,0.0,0.0,4.040653009932935e-08,0.0,9.035174803699175e-08
unidentified    ,0.0,0.0,0.0,0.0,0.0,0.00034277970505795997,0.000377612145655248,0.0003464920532537381,0.000379215284982206,0.000338679239851466,0.0,0.00035695568576012365,0.0,1.979048762711207e-05
unidentified rumen bacterium,0.0,0.0,0.0,0.0,0.0,0.0,2.0203967129761797e-07,0.0,3.0304897574497013e-07,3.0302347734995466e-07,0.0,1.6162242487850855e-07,0.0,1.531934211914286e-07
unknown,0.0,0.0,0.0,0.0,0.0,0.03206434482062794,0.03212319651812912,0.032194171278565775,0.03212531277179705,0.03191726085361916,0.0,0.03208485724854781,0.0,0.00010436165172659912
