Family,read10000000_rep1,read10000000_rep2,read10000000_rep3,read10000000_rep4,read10000000_rep5,gut_combined_10000000_1,gut_combined_10000000_2,gut_combined_10000000_3,gut_combined_10000000_4,gut_combined_10000000_5,meta_mean,pam_mean,meta_std,pam_std
Actinomycetaceae,0.0003246,0.0003328,0.0003263,0.0003275,0.0003255,0.0004866821305857449,0.0005027197638777863,0.0004820043011289149,0.0004788128135524896,0.0004947353727674555,0.0003273400000000001,0.0004889908763824782,3.233109957919783e-06,9.7367486163847e-06
Akkermansiaceae,0.0003356,0.0003358,0.0003324,0.0003321,0.0003298,6.387702963937902e-05,7.312287474585982e-05,6.53822869039222e-05,7.319431544751433e-05,6.697955815928628e-05,0.00033314,6.851121297919234e-05,2.5451915448547312e-06,4.382084922665134e-06
Bacteroidaceae,0.058465,0.0583831,0.0585143,0.0584557,0.0584765,0.057384385841033565,0.05737098881102252,0.05708785957692463,0.057492609902450684,0.05686260035186318,0.058458920000000004,0.05723968889665891,4.788530045849099e-05,0.00025855068233380905
Bifidobacteriaceae,0.0001348,0.000135,0.0001333,0.0001334,0.0001366,0.00014448375751764303,0.0001508159291633359,0.0001520518300091214,0.0001494383940386751,0.0001476594804875175,0.00013462,0.00014888987824325858,1.3535139452551006e-06,2.9553451228336565e-06
Catabacteriaceae,0.0001513,0.0001502,0.00015,0.0001522,0.000148,0.0,0.0,0.0,0.0,0.0,0.00015034,0.0,1.580506248010434e-06,0.0
Clostridia_unclassified,0.0085988,0.0086606,0.0086424,0.0085882,0.0086328,0.0,0.0,0.0,0.0,0.0,0.00862456,0.0,3.029303550323021e-05,0.0
Clostridiaceae,0.025601,0.0255506,0.0255567,0.0255709,0.0255466,0.004377097411955543,0.004367568372841252,0.004376051667662514,0.004330663663977931,0.004365849381837115,0.025565160000000003,0.004363446099654871,2.2053865874263007e-05,1.8991548532894625e-05
Clostridiales_Family_XIII_Incertae_Sedis,9.71e-05,9.12e-05,9.85e-05,9.55e-05,9.81e-05,0.0,0.0,0.0,0.0,0.0,9.607999999999999e-05,0.0,2.963443942442645e-06,0.0
Clostridiales_unclassified,0.026372,0.0262699,0.0263127,0.0263504,0.0262922,0.0,0.0,0.0,0.0,0.0,0.02631944,0.0,4.172149326186665e-05,0.0
Debaryomycetaceae,0.0807685,0.0806655,0.0807547,0.0807417,0.0807438,0.13163110392182992,0.13184809321902882,0.13161369321638275,0.13198937434560032,0.13177002406104316,0.08073484,0.13177045775277701,4.0195746043578434e-05,0.0001564820583905398
Desulfovibrionaceae,0.0001445,0.000143,0.0001457,0.0001382,0.0001468,8.212760953634446e-05,7.769305441747606e-05,8.971057970538163e-05,7.776896016298398e-05,7.611313427191623e-05,0.00014364,8.068266761882048e-05,3.353058305487689e-06,5.52039778974339e-06
Eggerthellaceae,0.0262933,0.0263133,0.0263791,0.0263551,0.0262842,0.012737383886423793,0.012432412100020043,0.01256100167705352,0.012414060876212796,0.012400351835580591,0.026325000000000005,0.012509042075058149,4.07407658249077e-05,0.00014278211759827537
Enterobacteriaceae,0.0343448,0.0343198,0.0342263,0.0342571,0.0343779,0.03826994516227843,0.038587550360679776,0.038738244731423864,0.03889515425249475,0.03845083317148664,0.034305180000000005,0.03858834553567269,6.246084373429571e-05,0.00024335695900762466
Erysipelotrichaceae,0.0401609,0.0402966,0.0402263,0.0401503,0.0402227,0.025324200488697622,0.02560976348651353,0.025442832715426286,0.025683580314218416,0.025420264584134582,0.04021136,0.025496128317798083,5.893257163912072e-05,0.00014680438367747534
Eubacteriaceae,0.0032474,0.0032279,0.0032405,0.0032405,0.0032488,0.00399535611577735,0.004032421863589395,0.004009606757340531,0.004025687349613288,0.00399746181196104,0.00324102,0.004012106779656321,8.275083081153912e-06,1.6571394376496013e-05
FGB1340,0.0552238,0.0550862,0.0551817,0.0552766,0.0551662,0.0,0.0,0.0,0.0,0.0,0.055186900000000004,0.0,7.071725390596046e-05,0.0
FGB3035,3.76e-05,3.88e-05,3.71e-05,3.65e-05,3.45e-05,0.0,0.0,0.0,0.0,0.0,3.6899999999999996e-05,0.0,1.5858751527153714e-06,0.0
FGB3053,0.000809,0.000801,0.0008092,0.0008008,0.0008019,0.0,0.0,0.0,0.0,0.0,0.00080438,0.0,4.329203159936056e-06,0.0
Lachnospiraceae,0.4545543,0.4546924,0.4548295,0.4544536,0.4546101,0.40227776120725406,0.4015496964872176,0.4023899629361389,0.40191913541173213,0.4010598938936373,0.45462798,0.40183928998719604,0.00014222962771517594,0.0005461674800874582
Lactobacillaceae,0.0004624,0.0004528,0.0004507,0.0004452,0.0004549,0.0012121426814901209,0.0012141443994260475,0.0011920863472715119,0.0010750415081353668,0.00114474153944962,0.00045319999999999996,0.0011676312951545333,6.283709095749114e-06,5.882089665462871e-05
Micrococcaceae,0.0002757,0.0002702,0.0002764,0.0002812,0.0002757,0.00019011020726005662,0.00014929253593946382,0.00016421597640985114,0.00013418957832044294,0.0001476594804875175,0.00027583999999999996,0.00015709355568346639,3.901666310693419e-06,2.1303039813772e-05
Oscillospiraceae,0.0006715,0.0006614,0.0006727,0.000666,0.0006724,0.0011467447701926615,0.001205004040082815,0.0011464707982687754,0.001140611415723765,0.001158441903618565,0.0006688,0.0011594545855773165,4.951262465270839e-06,2.6272426232712606e-05
Oxalobacteraceae,0.0001309,0.0001243,0.0001289,0.000126,0.0001321,0.00013840023088532123,0.00016147968173044045,0.00014749027510884777,0.00011589099945856436,0.00015374853122927077,0.00012844,0.0001434019436824889,3.2692506786724093e-06,1.7553063291364333e-05
Rikenellaceae,0.0002931,0.0003016,0.0002924,0.0002973,0.0002962,0.00011862876933027532,0.00015233932238720797,0.00011707990910702349,0.00012199052574585723,0.00013243685363313425,0.00029612,0.00012849507604069965,3.687411015875502e-06,1.4612023415557369e-05
Ruminococcaceae,0.1150889,0.11518,0.1148757,0.1151438,0.1151373,0.150796937280335,0.15068796413253063,0.15082021018604752,0.15086263342675799,0.1505319901749396,0.11508514,0.15073994704012214,0.00012149005309078012,0.0001329382281337246
Streptococcaceae,0.0119031,0.011924,0.0119326,0.0119617,0.0119546,0.02411509957052366,0.023665913732852758,0.02366990837751993,0.02374240607328746,0.023942147516573968,0.011935199999999998,0.023827095054151554,2.367076255636897e-05,0.00019624153719722019
Tannerellaceae,0.0465851,0.046655,0.0465448,0.0466274,0.0465006,0.022741743433277013,0.022785392449454697,0.022372906267542125,0.022406609816370326,0.02240313994159582,0.04658258,0.022541958381648,6.20642570244741e-05,0.0002033117205968669
Veillonellaceae,0.008925,0.008937,0.0089291,0.0089951,0.0089532,0.010191427990797116,0.010285951047584282,0.01028174474521679,0.010309724307096759,0.010299629329675705,0.008947880000000002,0.01027369548407413,2.851573249979736e-05,4.731165376537769e-05
AKAU3564 sediment group,0.0,0.0,0.0,0.0,0.0,3.041763316160906e-06,0.0,3.0410366001824284e-06,0.0,0.0,0.0,1.216559983268667e-06,0.0,1.6658433833000328e-06
ANME-2a-2b,0.0,0.0,0.0,0.0,0.0,4.562644974241359e-06,3.0467864477441594e-06,4.5615549002736424e-06,0.0,0.0,0.0,2.434197264451832e-06,0.0,2.306612143166573e-06
ANME-2c,0.0,0.0,0.0,0.0,0.0,1.9771461555045886e-05,1.5233932238720797e-05,2.7369329401641853e-05,2.1348342005525015e-05,2.7400728337889842e-05,0.0,2.222475870776468e-05,0.0,5.2181341759307326e-06
ASC21,0.0,0.0,0.0,0.0,0.0,0.00044713920747565313,0.00043873724847515893,0.00044551186192672574,0.0004528898268314949,0.0004292780772936075,0.0,0.00044271124440052807,0.0,9.045668548592841e-06
AT4-11,0.0,0.0,0.0,0.0,0.0,1.707111920029767e-07,1.8524252762708728e-07,1.991154747470234e-07,1.2837012140602566e-07,1.4238850438721536e-07,0.0,1.6516556403406564e-07,0.0,2.94072012373349e-08
Acantharia,0.0,0.0,0.0,0.0,0.0,2.702927206713798e-07,0.0,0.0,0.0,0.0,0.0,5.405854413427596e-08,0.0,1.2087857944891355e-07
Acari,0.0,0.0,0.0,0.0,0.0,3.6987424933978284e-07,4.4173218126459276e-07,3.840084155835451e-07,4.992171388012108e-07,5.125986157939753e-07,0.0,4.4148612015662134e-07,0.0,6.484956565093722e-08
Acetobacteraceae,0.0,0.0,0.0,0.0,0.0,0.0,3.0467864477441594e-06,0.0,0.0,0.0,0.0,6.093572895488318e-07,0.0,1.3625643220162101e-06
Acholeplasmatales bacterium canine oral,0.0,0.0,0.0,0.0,0.0,0.0,0.0,0.0,0.0,3.044525370876649e-06,0.0,6.089050741753299e-07,0.0,1.3615531377005892e-06
Acidaminococcaceae,0.0,0.0,0.0,0.0,0.0,0.0029733236415472853,0.00302545894260995,0.0030927342223855295,0.002959795130908861,0.0030612702604164706,0.0,0.0030225164395736195,0.0,5.65573777577665e-05
Acidobacteriaceae (Subgroup 1),0.0,0.0,0.0,0.0,0.0,0.0,0.0,0.0,3.0497631436464304e-06,3.044525370876649e-06,0.0,1.218857702904616e-06,0.0,1.668990673027127e-06
Acoela,0.0,0.0,0.0,0.0,0.0,1.5648525933606196e-07,8.549655121250183e-08,0.0,0.0,0.0,0.0,4.839636210971276e-08,0.0,7.086299692264347e-08
Aconoidasida,0.0,0.0,0.0,0.0,0.0,1.4652710646922165e-06,1.7811781502604547e-06,1.7067040692602006e-06,1.7401283123927923e-06,1.5805123986980905e-06,0.0,1.654758799060751e-06,0.0,1.2979430525193526e-07
Aeromonadaceae,0.0,0.0,0.0,0.0,0.0,3.041763316160906e-06,4.570179671616239e-06,4.5615549002736424e-06,6.099526287292861e-06,0.0,0.0,3.6546048350687295e-06,0.0,2.3113950245168465e-06
Alcanivoracaceae,0.0,0.0,0.0,0.0,0.0,0.0,0.0,0.0,6.099526287292861e-06,3.044525370876649e-06,0.0,1.828810331633902e-06,0.0,2.7272064240644545e-06
Alteromonadaceae,0.0,0.0,0.0,0.0,0.0,2.129234321312634e-05,7.007608829811567e-05,6.690280520401341e-05,7.471919701933754e-05,7.611313427191623e-05,0.0,6.182071360130184e-05,0.0,2.2951970699024048e-05
Amoeba,0.0,0.0,0.0,0.0,0.0,0.0,2.8498850404167278e-08,2.8445067821003343e-08,0.0,2.8477700877443077e-08,0.0,1.708432382052274e-08,0.0,1.559579432846644e-08
Amphifilidae sp. H-1  ,0.0,0.0,0.0,0.0,0.0,6.970707006788215e-07,7.837183861146001e-07,7.680168311670902e-07,6.5611395385302e-07,6.407482697424691e-07,0.0,7.091336283112001e-07,0.0,6.454315425443864e-08
Anaerofustaceae,0.0,0.0,0.0,0.0,0.0,0.0008775487167124213,0.0009125125410993757,0.0009229546081553669,0.0008554585617928238,0.0009270579754319397,0.0,0.0008991064806383854,0.0,3.122346757400738e-05
Anaerolineaceae,0.0,0.0,0.0,0.0,0.0,0.0,6.093572895488319e-06,0.0,0.0,0.0,0.0,1.2187145790976637e-06,0.0,2.7251286440324203e-06
Anaeroplasmataceae,0.0,0.0,0.0,0.0,0.0,0.0,0.0,0.0,3.0497631436464304e-06,3.044525370876649e-06,0.0,1.218857702904616e-06,0.0,1.668990673027127e-06
Anaerovoracaceae,0.0,0.0,0.0,0.0,0.0,0.001498068433209246,0.0015035891119617427,0.0015068336353903933,0.0015553792032596797,0.001496384219785873,0.0,0.0015120509207213867,0.0,2.4582096211765215e-05
Ancylistaceae,0.0,0.0,0.0,0.0,0.0,8.677818926817982e-07,7.552195357104327e-07,8.391295007195987e-07,8.415374625506127e-07,8.685698767620137e-07,0.0,8.344476536848911e-07,0.0,4.6434839712255404e-08
Arachnida,0.0,0.0,0.0,0.0,0.0,1.707111920029767e-07,1.994919528291709e-07,2.417830764785284e-07,1.5689681505180916e-07,1.7086620526465845e-07,0.0,1.879498483254287e-07,0.0,3.385465122137182e-08
Ascaridida,0.0,0.0,0.0,0.0,0.0,4.267779800074417e-08,5.6997700808334555e-08,8.533520346301003e-08,2.8526693645783484e-08,9.967195307105076e-08,0.0,6.26418697977846e-08,0.0,2.9497798690102285e-08
Ascidiacea,0.0,0.0,0.0,0.0,0.0,1.1238486806862633e-06,1.1257045909646073e-06,1.3653632554081605e-06,1.1125410521855557e-06,1.1960634368526092e-06,0.0,1.184704203219439e-06,0.0,1.0625275827314502e-07
Atopobiaceae,0.0,0.0,0.0,0.0,0.0,2.129234321312634e-05,1.6757325462592876e-05,1.6725701301003354e-05,1.8298578861878583e-05,1.8267152225259893e-05,0.0,1.8268220212772214e-05,0.0,1.8579834666061893e-06
BOLA868,0.0,0.0,0.0,0.0,0.0,0.0,0.0,0.0,4.279004046867522e-08,0.0,0.0,8.558008093735044e-09,0.0,1.913628784958495e-08
Bacillaceae,0.0,0.0,0.0,0.0,0.0,0.00011558700601411442,9.902055955168518e-05,0.00010035420780602014,9.454265745303935e-05,7.763539695735456e-05,0.0,9.742796555644274e-05,0.0,1.360992996199308e-05
Bacteroidales S24-7 group,0.0,0.0,0.0,0.0,0.0,0.020475629762737136,0.02027636380973738,0.020460094246027377,0.020596575390616167,0.020591647345924217,0.0,0.020480062111008456,0.0,0.00013032456431921535
Bdellovibrionaceae,0.0,0.0,0.0,0.0,0.0,0.00016881786404693028,0.00015995628850656838,0.0001520518300091214,0.00014486374932320544,0.000173537946139969,0.0,0.0001598455356051589,0.0,1.1760025693443488e-05
Bernardetiaceae,0.0,0.0,0.0,0.0,0.0,0.0,3.0467864477441594e-06,3.0410366001824284e-06,0.0,0.0,0.0,1.2175646095853176e-06,0.0,1.6672202440914445e-06
Blastocatellaceae (Subgroup 4),0.0,0.0,0.0,0.0,0.0,3.041763316160906e-06,0.0,3.0410366001824284e-06,3.0497631436464304e-06,0.0,0.0,1.826512611997953e-06,0.0,1.6673737807250605e-06
Brevibacteriaceae,0.0,0.0,0.0,0.0,0.0,4.106380476817223e-05,4.722518994003447e-05,3.9533475802371565e-05,4.422156558287324e-05,4.5667880563149735e-05,0.0,4.354238333132025e-05,0.0,3.1920519575927515e-06
Brucellaceae,0.0,0.0,0.0,0.0,0.0,3.3459396477769967e-05,4.417840349229031e-05,0.00014901079340893898,0.00011741588103038757,0.00012787006557681926,0.0,9.438690799724121e-05,0.0,5.212552129837529e-05
Burkholderiaceae,0.0,0.0,0.0,0.0,0.0,5.323085803281585e-05,7.159948152198775e-05,8.210798820492557e-05,8.539336802210006e-05,7.154634621560125e-05,0.0,7.27756083994861e-05,0.0,1.2561775328065714e-05
Butyricicoccaceae,0.0,0.0,0.0,0.0,0.0,0.0,4.570179671616239e-06,0.0,3.0497631436464304e-06,0.0,0.0,1.5239885630525337e-06,0.0,2.154929915427868e-06
Caecitellus,0.0,0.0,0.0,0.0,0.0,0.0,2.8498850404167278e-08,0.0,0.0,2.8477700877443077e-08,0.0,1.139531025632207e-08,0.0,1.5603672984549444e-08
Candidatus,0.0,0.0,0.0,0.0,0.0,7.604408290402264e-06,7.616966119360399e-06,6.082073200364857e-06,4.574644715469646e-06,7.6113134271916225e-06,0.0,6.697881150557757e-06,0.0,1.3590639747595213e-06
Candidatus Carsonella,0.0,0.0,0.0,0.0,0.0,0.0,0.0,0.0,0.0,3.044525370876649e-06,0.0,6.089050741753299e-07,0.0,1.3615531377005892e-06
Candidatus Phytoplasma,0.0,0.0,0.0,0.0,0.0,6.539791129745947e-05,7.007608829811567e-05,6.994384180419585e-05,6.404502601657504e-05,7.306860890103957e-05,0.0,6.850629526347713e-05,0.0,3.705079963015989e-06
Capnodiales,0.0,0.0,0.0,0.0,0.0,4.267779800074417e-08,0.0,4.2667601731505016e-08,4.279004046867522e-08,2.8477700877443077e-08,0.0,3.13226282156735e-08,0.0,1.8563071530596107e-08
Carnobacteriaceae,0.0,0.0,0.0,0.0,0.0,5.0189094716654946e-05,2.5897684805825354e-05,3.649243920218914e-05,4.422156558287324e-05,2.1311677596136545e-05,0.0,3.562249238073585e-05,0.0,1.210638336982623e-05
Caulobacteraceae,0.0,0.0,0.0,0.0,0.0,3.193851481968951e-05,3.960822382067407e-05,3.1930884301915494e-05,3.6597157723757166e-05,3.1967516394204816e-05,0.0,3.4408459412048205e-05,0.0,3.536423254395584e-06
Cercomonadidae,0.0,0.0,0.0,0.0,0.0,2.56066788004465e-07,1.5674367722292e-07,2.560056103890301e-07,2.567402428120513e-07,2.705381583357092e-07,0.0,2.3921889535283513e-07,0.0,4.651800926700687e-08
Chitinophagaceae,0.0,0.0,0.0,0.0,0.0,3.041763316160906e-06,3.0467864477441594e-06,1.3684664700820926e-05,6.099526287292861e-06,3.044525370876649e-06,0.0,5.7834532245791e-06,0.0,4.6107748633610986e-06
Chlorophyceae,0.0,0.0,0.0,0.0,0.0,8.535559600148835e-08,2.707390788395891e-07,1.2800280519451505e-07,0.0,0.0,0.0,9.68194960071185e-08,0.0,1.1191500199032895e-07
Chloroplast,0.0,0.0,0.0,0.0,0.0,9.581554445906853e-05,0.00010816091889491766,9.883368950592892e-05,0.00011741588103038757,0.00010351386260980606,0.0,0.00010474797930002174,0.0,8.491380201269816e-06
Choreotrichia,0.0,0.0,0.0,0.0,0.0,1.9916305733680615e-07,1.7099310242500365e-07,2.7022814429953176e-07,2.1395020234337612e-07,2.5629930789698763e-07,0.0,2.2212676286034108e-07,0.0,4.0897264191556154e-08
Christensenellaceae,0.0,0.0,0.0,0.0,0.0,0.00042888862757868774,0.0003701845534009154,0.000412060459324719,0.00042849172168232347,0.000403399611641156,0.0,0.00040860499472556035,0.0,2.409395272161277e-05
Chromatiaceae,0.0,0.0,0.0,0.0,0.0,6.387702963937902e-05,6.855269507424358e-05,5.777969540346614e-05,6.556990758839826e-05,5.9368244732094655e-05,0.0,6.302951448751633e-05,0.0,4.434041595160932e-06
Clostridia UCG-014,0.0,0.0,0.0,0.0,0.0,0.0001323167042529994,0.00011882467146202221,0.00012164146400729713,0.00011741588103038757,0.00012025875214962764,0.0,0.00012209149458046678,0.0,5.9297951174287684e-06
Clostridiaceae 1,0.0,0.0,0.0,0.0,0.0,0.004343638015477773,0.004375185338960613,0.004450557064366984,0.004399283334709976,0.004455662880277976,0.0,0.004404865326758664,0.0,4.829329737868945e-05
Clostridiales Dethiosulfatibacter,0.0,0.0,0.0,0.0,0.0,3.041763316160906e-06,0.0,4.5615549002736424e-06,0.0,3.044525370876649e-06,0.0,2.1295687174622393e-06,0.0,2.040461179592461e-06
Colpodea,0.0,0.0,0.0,0.0,0.0,4.410039126743565e-07,3.847344804562582e-07,0.0,0.0,0.0,0.0,1.6514767862612293e-07,0.0,2.2701117410165765e-07
Colwelliaceae,0.0,0.0,0.0,0.0,0.0,9.277378114290763e-05,9.902055955168518e-05,8.210798820492557e-05,0.00012351540731768044,0.00010655838798068272,0.0,0.0001007952248395763,0.0,1.5541288155520294e-05
Comamonadaceae,0.0,0.0,0.0,0.0,0.0,3.802204145201132e-05,5.331876283552279e-05,4.409503070264521e-05,4.117180243922681e-05,3.805656713595811e-05,0.0,4.2932840913072846e-05,0.0,6.328769886176885e-06
Conoidasida,0.0,0.0,0.0,0.0,0.0,3.755646224065487e-06,4.103834458200088e-06,3.7263038845514383e-06,3.808313601712095e-06,4.100788926351802e-06,0.0,3.898977418976182e-06,0.0,1.8793230145118835e-07
Coriobacteriaceae,0.0,0.0,0.0,0.0,0.0,0.010989890861289353,0.01085570011331244,0.010961416425357563,0.010832758686232121,0.010838510320320871,0.0,0.01089565528130247,0.0,7.420043175252127e-05
Coriolopsis gallica   ,0.0,0.0,0.0,0.0,0.0,0.0,0.0,0.0,7.13167341144587e-08,0.0,0.0,1.4263346822891742e-08,0.0,3.189381308264159e-08
Corticiales,0.0,0.0,0.0,0.0,0.0,8.393300273479688e-06,8.521156270846015e-06,0.0,8.61506148102661e-06,0.0,0.0,5.105903605070462e-06,0.0,4.661695503609262e-06
Corynebacteriaceae,0.0,0.0,0.0,0.0,0.0,3.041763316160906e-06,0.0,3.0410366001824284e-06,3.0497631436464304e-06,3.044525370876649e-06,0.0,2.435417686173283e-06,0.0,1.3614441882445013e-06
Corynebacteriales Tomitella,0.0,0.0,0.0,0.0,0.0,4.4105568084333134e-05,6.398251540262734e-05,5.930021370355735e-05,4.269668401105003e-05,4.1101092506834764e-05,0.0,5.0237214741680526e-05,0.0,1.059477069552464e-05
Crenotrichaceae,0.0,0.0,0.0,0.0,0.0,1.3687934922724077e-05,1.3710539014848717e-05,1.06436281006385e-05,0.0,1.0655838798068273e-05,0.0,9.739588167255913e-06,0.0,5.65407538468448e-06
Crocinitomicaceae,0.0,0.0,0.0,0.0,0.0,1.6729698238884983e-05,2.4374291581953275e-05,2.4328292801459427e-05,2.4398105149171443e-05,1.978941491069822e-05,0.0,2.1923960536433466e-05,0.0,3.5157848797282287e-06
Cryomorphaceae,0.0,0.0,0.0,0.0,0.0,1.5208816580804528e-05,2.2850898358081196e-05,1.6725701301003354e-05,1.2199052574585722e-05,1.978941491069822e-05,0.0,1.73547767450346e-05,0.0,4.1145227076053444e-06
Cyanobacteriaceae,0.0,0.0,0.0,0.0,0.0,0.0,0.0,0.0,6.099526287292861e-06,0.0,0.0,1.219905257458572e-06,0.0,2.7277910817867497e-06
Cytophagaceae,0.0,0.0,0.0,0.0,0.0,0.00013840023088532123,0.00014472235626784757,0.00015357234830921262,0.00011589099945856436,0.00012787006557681926,0.0,0.000136091200099553,0.0,1.4671862368802086e-05
Dactylopodida,0.0,0.0,0.0,0.0,0.0,0.0,5.6997700808334555e-08,0.0,0.0,0.0,0.0,1.139954016166691e-08,0.0,2.5490146713726153e-08
Deep Sea Hydrothermal Vent Gp,0.0,0.0,0.0,0.0,0.0,0.0,3.0467864477441594e-06,0.0,0.0,0.0,0.0,6.093572895488318e-07,0.0,1.3625643220162101e-06
Deferribacteraceae,0.0,0.0,0.0,0.0,0.0,0.0,3.0467864477441594e-06,0.0,0.0,0.0,0.0,6.093572895488318e-07,0.0,1.3625643220162101e-06
Defluviitaleaceae,0.0,0.0,0.0,0.0,0.0,2.58549881873677e-05,2.5897684805825354e-05,2.7369329401641853e-05,3.0497631436464306e-05,3.348977907964314e-05,0.0,2.862188258218847e-05,0.0,3.311370473881561e-06
Desulfarculaceae,0.0,0.0,0.0,0.0,0.0,0.00010950347938179262,9.597377310394102e-05,0.00011099783590665862,9.759242059668577e-05,0.00011569196409331267,0.0,0.00010595189461647812,0.0,8.694652754268933e-06
Desulfobacteraceae,0.0,0.0,0.0,0.0,0.0,1.3687934922724077e-05,1.0663752567104558e-05,1.2164146400729714e-05,4.574644715469646e-06,1.0655838798068273e-05,0.0,1.0349263480819253e-05,0.0,3.463366884465183e-06
Desulfobulbaceae,0.0,0.0,0.0,0.0,0.0,0.0,0.0,0.0,0.0,3.044525370876649e-06,0.0,6.089050741753299e-07,0.0,1.3615531377005892e-06
Desulfurococcaceae,0.0,0.0,0.0,0.0,0.0,0.0,4.570179671616239e-06,6.082073200364857e-06,0.0,0.0,0.0,2.130450574396219e-06,0.0,2.965807579552525e-06
Diatomea,0.0,0.0,0.0,0.0,0.0,8.293718744811284e-06,7.780186160337666e-06,7.964618989880935e-06,8.329794544568776e-06,8.087667049193832e-06,0.0,8.091197097758498e-06,0.0,2.2951363847355257e-07
Digenea,0.0,0.0,0.0,0.0,0.0,0.0,2.8498850404167278e-08,0.0,4.279004046867522e-08,0.0,0.0,1.42577781745685e-08,0.0,2.016649972909255e-08
Dinophyceae,0.0,0.0,0.0,0.0,0.0,2.845186533382945e-08,0.0,2.8445067821003343e-08,5.705338729156697e-08,2.8477700877443077e-08,0.0,2.8485604264768567e-08,0.0,2.017145707043431e-08
Diplogasterida,0.0,0.0,0.0,0.0,0.0,0.0,4.274827560625091e-08,0.0,0.0,0.0,0.0,8.549655121250182e-09,0.0,1.9117610035294613e-08
Dorylaimia,0.0,0.0,0.0,0.0,0.0,1.1793298180872308e-05,1.2254505673791929e-05,1.2345159434315452e-05,1.1838577863000144e-05,1.1747051611945267e-05,0.0,1.1995718552785021e-05,0.0,2.8132816891566264e-07
Ellipura,0.0,0.0,0.0,0.0,0.0,7.653551774800122e-06,7.566444782306411e-06,7.338827497818862e-06,7.531047122486838e-06,7.446918779451363e-06,0.0,7.507357991372719e-06,0.0,1.1987542669765905e-07
Enoplia,0.0,0.0,0.0,0.0,0.0,2.8309606007160303e-06,2.8498850404167275e-06,3.157402528131371e-06,3.1664629946819664e-06,3.132547096518738e-06,0.0,3.0274516520929667e-06,0.0,1.7131482046512319e-07
Enterococcaceae,0.0,0.0,0.0,0.0,0.0,1.2167053264643624e-05,4.570179671616239e-06,0.0,0.0,0.0,0.0,3.3474465872519724e-06,0.0,5.31264374165549e-06
Erysipelatoclostridiaceae,0.0,0.0,0.0,0.0,0.0,0.0008957992966093868,0.0008957552156367829,0.0009138314983548197,0.0009622002718204488,0.0009179243993193097,0.0,0.0009171021363481496,0.0,2.717865438698078e-05
Erysiphales,0.0,0.0,0.0,0.0,0.0,2.152383612504198e-05,2.0832659645446278e-05,2.178892195088856e-05,2.1623233783503877e-05,2.1073498649307873e-05,0.0,2.1368430030837714e-05,0.0,3.999762139772251e-07
Erythrobacteraceae,0.0,0.0,0.0,0.0,0.0,0.0,9.140359343232478e-06,0.0,6.099526287292861e-06,0.0,0.0,3.0479771261050674e-06,0.0,4.309859830855736e-06
Eucestoda,0.0,0.0,0.0,0.0,0.0,2.845186533382945e-08,2.8498850404167278e-08,0.0,0.0,0.0,0.0,1.1390143147599346e-08,0.0,1.559660468434917e-08
Euglenozoa,0.0,0.0,0.0,0.0,0.0,6.68618835344992e-07,4.844804568708437e-07,4.2667601731505016e-07,4.136370578638605e-07,1.566273548259369e-07,0.0,4.300079444441367e-07,0.0,1.8365624568224602e-07
Eurotiales,0.0,0.0,0.0,0.0,0.0,3.546525013861841e-05,3.5224579099550756e-05,3.530032916586514e-05,3.5030779797022116e-05,3.515572173320348e-05,0.0,3.523533198685198e-05,0.0,1.6231297331609405e-07
Exobasidiales,0.0,0.0,0.0,0.0,0.0,0.0,3.5623563005209093e-07,5.546788225095652e-07,3.5658367057229353e-07,0.0,0.0,2.5349962462678993e-07,0.0,2.4516017006663263e-07
Family XI,0.0,0.0,0.0,0.0,0.0,6.996055627170084e-05,7.921644764134814e-05,8.058746990483434e-05,8.386848645027683e-05,8.67689730699845e-05,0.0,8.008038666762894e-05,0.0,6.373801442585281e-06
Family XIII,0.0,0.0,0.0,0.0,0.0,0.001292749409368385,0.00137714747438036,0.001286358481877167,0.0013007239807652027,0.001354813790040109,0.0,0.0013223586272862447,0.0,4.091432982634152e-05
FamilyI,0.0,0.0,0.0,0.0,0.0,6.083526632321812e-06,0.0,3.0410366001824284e-06,0.0,3.044525370876649e-06,0.0,2.433817720676178e-06,0.0,2.545043768599203e-06
FamilyII,0.0,0.0,0.0,0.0,0.0,2.2813224871206793e-05,2.4374291581953275e-05,2.7369329401641853e-05,2.1348342005525015e-05,3.957882982139644e-05,0.0,2.7096803536344677e-05,0.0,7.326001262993358e-06
Ferrovaceae,0.0,0.0,0.0,0.0,0.0,3.802204145201132e-05,4.113161704454615e-05,3.649243920218914e-05,3.3547394580110735e-05,5.175693130490303e-05,0.0,4.019008471675208e-05,0.0,7.020981934862959e-06
Fervidicoccaceae,0.0,0.0,0.0,0.0,0.0,9.125289948482717e-06,6.093572895488319e-06,9.123109800547285e-06,4.574644715469646e-06,9.133576112629947e-06,0.0,7.610038694523583e-06,0.0,2.145916000604362e-06
Fibrobacteraceae,0.0,0.0,0.0,0.0,0.0,1.5208816580804528e-05,1.6757325462592876e-05,1.3684664700820926e-05,1.5248815718232153e-05,4.566788056314973e-06,0.0,1.309328210375309e-05,0.0,4.888707884996627e-06
Flavobacteriaceae,0.0,0.0,0.0,0.0,0.0,0.00015360904746612576,0.0001569095020588242,0.00014901079340893898,0.0001799360254751394,0.0001309145909476959,0.0,0.00015407599187134484,0.0,1.760038979155762e-05
Foraminifera,0.0,0.0,0.0,0.0,0.0,1.550626660693705e-05,1.5845360824717003e-05,1.4236756444412172e-05,1.4862407389453194e-05,1.5477630426890312e-05,0.0,1.5185684338481947e-05,0.0,6.379950450029439e-07
Francisellaceae,0.0,0.0,0.0,0.0,0.0,4.562644974241359e-06,0.0,4.5615549002736424e-06,0.0,3.044525370876649e-06,0.0,2.43374504907833e-06,0.0,2.3064622359538855e-06
Fusobacteriaceae,0.0,0.0,0.0,0.0,0.0,0.0,0.0,0.0,4.574644715469646e-06,0.0,0.0,9.149289430939292e-07,0.0,2.045843311340062e-06
Gemmatimonadaceae,0.0,0.0,0.0,0.0,0.0,2.7375869845448154e-05,5.941233573101111e-05,6.234125030373978e-05,5.9470381301105393e-05,5.4801456675779684e-05,0.0,5.268025877141683e-05,0.0,1.4401154129199675e-05
Gnathostomata,0.0,0.0,0.0,0.0,0.0,3.2719645133903866e-07,4.4173218126459276e-07,3.6978588167304345e-07,3.9937371104096873e-07,3.2749356009059533e-07,0.0,3.7311635708164785e-07,0.0,4.89866037310051e-08
Gracilibacteraceae,0.0,0.0,0.0,0.0,0.0,3.041763316160906e-06,3.0467864477441594e-06,2.1287256201277e-05,1.6773697290055367e-05,0.0,0.0,8.829900651047485e-06,0.0,9.528951956407278e-06
Halobacteriaceae,0.0,0.0,0.0,0.0,0.0,0.00013383758591107987,0.00014472235626784757,0.00014444923850866534,0.00014638863089502866,0.00012939232826225758,0.0,0.00013975802796897582,0.0,7.634072823866944e-06
Halomonadaceae,0.0,0.0,0.0,0.0,0.0,3.498027813585042e-05,5.331876283552279e-05,3.345140260200671e-05,3.202251300828752e-05,4.262335519227309e-05,0.0,3.927926235478811e-05,0.0,8.851499256410873e-06
Haplosclerida,0.0,0.0,0.0,0.0,0.0,1.5648525933606196e-07,1.2824482681875274e-07,9.95577373735117e-08,9.984342776024218e-08,1.4238850438721536e-07,0.0,1.253039511351568e-07,0.0,2.541608970865465e-08
Helicobacteraceae,0.0,0.0,0.0,0.0,0.0,0.003636428044470363,0.0037886789477698623,0.0037115851705226536,0.0037359598509668773,0.003696053800244252,0.0,0.0037137411627948015,0.0,5.568696230442363e-05
Helicobasidiales,0.0,0.0,0.0,0.0,0.0,2.702927206713798e-07,3.847344804562582e-07,2.560056103890301e-07,2.852669364578348e-07,2.705381583357092e-07,0.0,2.933675812620424e-07,0.0,5.21130485688413e-08
Hemiptera,0.0,0.0,0.0,0.0,0.0,2.261923294039441e-06,2.365404583545884e-06,2.4747209004272906e-06,2.410505613068704e-06,2.2924549206341677e-06,0.0,2.361001862343097e-06,0.0,8.648304866769608e-08
Heteroconchia,0.0,0.0,0.0,0.0,0.0,8.535559600148835e-08,0.0,0.0,0.0,0.0,0.0,1.707111920029767e-08,0.0,3.817218298386744e-08
Heterogastridiales,0.0,0.0,0.0,0.0,0.0,1.0555642038850726e-05,1.081531372838148e-05,1.0354004686845216e-05,1.016976628472181e-05,1.0152300362808454e-05,0.0,1.0409405420321538e-05,0.0,2.796184321224378e-07
Hydroidolina,0.0,0.0,0.0,0.0,0.0,5.69037306676589e-08,9.974597641458546e-08,1.1378027128401337e-07,8.558008093735044e-08,5.6955401754886154e-08,0.0,8.259309221169886e-08,0.0,2.5460843196530055e-08
Hymenobacteraceae,0.0,0.0,0.0,0.0,0.0,0.0,3.0467864477441594e-06,0.0,0.0,0.0,0.0,6.093572895488318e-07,0.0,1.3625643220162101e-06
Hyphomicrobiaceae,0.0,0.0,0.0,0.0,0.0,6.083526632321812e-06,1.0663752567104558e-05,1.2164146400729714e-05,1.2199052574585722e-05,4.566788056314973e-06,0.0,9.135453246211355e-06,0.0,3.5735584351323786e-06
Hyphomonadaceae,0.0,0.0,0.0,0.0,0.0,6.083526632321812e-06,1.2187145790976638e-05,0.0,0.0,7.6113134271916225e-06,0.0,5.176397170098014e-06,0.0,5.2319325442574795e-06
I-10,0.0,0.0,0.0,0.0,0.0,0.0,0.0,0.0,3.0497631436464304e-06,0.0,0.0,6.09952628729286e-07,0.0,1.3638955408933749e-06
Idiomarinaceae,0.0,0.0,0.0,0.0,0.0,3.041763316160906e-06,3.0467864477441594e-06,4.5615549002736424e-06,0.0,0.0,0.0,2.1300209328357416e-06,0.0,2.040714884931132e-06
Ignavibacteriaceae,0.0,0.0,0.0,0.0,0.0,3.041763316160906e-06,3.0467864477441594e-06,3.0410366001824284e-06,0.0,0.0,0.0,1.8259172728174987e-06,0.0,1.6668282678100276e-06
Imbricatea,0.0,0.0,0.0,0.0,0.0,2.845186533382945e-08,2.8498850404167278e-08,4.2667601731505016e-08,0.0,0.0,0.0,1.9923663493900348e-08,0.0,1.9088317878750566e-08
Insecta,0.0,0.0,0.0,0.0,0.0,3.4426757053933633e-06,3.1918712452667346e-06,3.271182799415384e-06,3.4659932779626928e-06,3.3176521522221184e-06,0.0,3.337875036052059e-06,0.0,1.1572747144298038e-07
Intramacronucleata,0.0,0.0,0.0,0.0,0.0,4.296231665408247e-06,4.559816064666764e-06,4.76454886001806e-06,5.234648284001269e-06,5.125986157939753e-06,0.0,4.796246206406818e-06,0.0,3.8982152716897133e-07
JG34-KF-161,0.0,0.0,0.0,0.0,0.0,0.0,3.0467864477441594e-06,4.5615549002736424e-06,7.624407859116077e-06,6.089050741753298e-06,0.0,4.2643599897774354e-06,0.0,2.931509606503631e-06
JGI 0000069-P22,0.0,0.0,0.0,0.0,0.0,3.041763316160906e-06,0.0,0.0,3.0497631436464304e-06,3.044525370876649e-06,0.0,1.8272103661367973e-06,0.0,1.668009699253058e-06
Jatropha curcas   ,0.0,0.0,0.0,0.0,0.0,8.290873558277901e-05,0.00011217147519080239,0.00011167533626525912,0.00011256633312626161,8.496322056785141e-05,0.0,0.0001008570201465907,0.0,1.5467018546567984e-05
Klebsormidiophyceae,0.0,0.0,0.0,0.0,0.0,1.963178708034232e-06,1.9379218274833744e-06,1.7493716709917056e-06,1.8399717401530347e-06,1.779856304840192e-06,0.0,1.8540600503005077e-06,0.0,9.434512735607064e-08
Leptotrichiaceae,0.0,0.0,0.0,0.0,0.0,3.041763316160906e-06,3.0467864477441594e-06,0.0,0.0,0.0,0.0,1.217709952781013e-06,0.0,1.6674189698595536e-06
Leuconostocaceae,0.0,0.0,0.0,0.0,0.0,0.0,7.616966119360399e-06,0.0,6.099526287292861e-06,0.0,0.0,2.7432984813306515e-06,0.0,3.79453426010708e-06
MAST-3I,0.0,0.0,0.0,0.0,0.0,5.1213357600893e-07,0.0,0.0,0.0,0.0,0.0,1.02426715201786e-07,0.0,2.2903309790320462e-07
Macrodasyidae,0.0,0.0,0.0,0.0,0.0,3.983261146736123e-07,5.842264332854292e-07,3.982309494940468e-07,5.990605665614531e-07,4.983597653552538e-07,0.0,4.95640765873959e-07,0.0,9.683656627092018e-08
Macrostomida,0.0,0.0,0.0,0.0,0.0,0.0,7.124712601041818e-08,7.111266955250836e-08,0.0,4.2716551316164614e-08,0.0,3.701526937581823e-08,0.0,3.5732400063364226e-08
Malasseziales,0.0,0.0,0.0,0.0,0.0,2.845186533382945e-08,0.0,5.6890135642006685e-08,0.0,0.0,0.0,1.7068400195167227e-08,0.0,2.5442802264237534e-08
Mamiellophyceae,0.0,0.0,0.0,0.0,0.0,0.0,4.274827560625091e-08,0.0,0.0,0.0,0.0,8.549655121250182e-09,0.0,1.9117610035294613e-08
Marine Benthic Group D and,0.0,0.0,0.0,0.0,0.0,0.0,0.0,4.5615549002736424e-06,3.0497631436464304e-06,0.0,0.0,1.5222636087840147e-06,0.0,2.151883237272296e-06
Marine Group II,0.0,0.0,0.0,0.0,0.0,1.5208816580804528e-05,0.0,4.5615549002736424e-06,1.0674171002762507e-05,1.2178101483506597e-05,0.0,8.524528793469454e-06,0.0,6.1445506646564024e-06
Marinilabiaceae,0.0,0.0,0.0,0.0,0.0,3.041763316160906e-06,1.2187145790976638e-05,0.0,3.0497631436464304e-06,3.044525370876649e-06,0.0,4.264639524332125e-06,0.0,4.620965407948832e-06
Maxillopoda,0.0,0.0,0.0,0.0,0.0,9.958152866840308e-08,9.974597641458548e-08,2.8445067821003343e-08,1.1410677458313393e-07,8.543310263232923e-08,0.0,8.546249002389102e-08,0.0,3.34471507452817e-08
Methanobacteriaceae,0.0,0.0,0.0,0.0,0.0,0.000611394426548342,0.0005468981673700767,0.0005793174723347526,0.0005687808262900593,0.0004764682205421956,0.0,0.0005565718226170853,0.0,5.045321824417945e-05
Methanocellaceae,0.0,0.0,0.0,0.0,0.0,0.0,0.0,0.0,4.574644715469646e-06,3.044525370876649e-06,0.0,1.523834017269259e-06,0.0,2.1555833575711656e-06
Methanomicrobiaceae,0.0,0.0,0.0,0.0,0.0,9.125289948482717e-06,1.9804111910337034e-05,2.4328292801459427e-05,9.149289430939292e-06,1.8267152225259893e-05,0.0,1.6134827263295673e-05,0.0,6.765254785751675e-06
Methanosaetaceae,0.0,0.0,0.0,0.0,0.0,1.9771461555045886e-05,1.5233932238720797e-05,2.280777450136821e-05,7.624407859116077e-06,7.6113134271916225e-06,0.0,1.460977791628852e-05,0.0,6.9284485033555005e-06
Methanosarcinaceae,0.0,0.0,0.0,0.0,0.0,3.041763316160906e-06,4.570179671616239e-06,4.5615549002736424e-06,9.149289430939292e-06,9.133576112629947e-06,0.0,6.091272686324005e-06,0.0,2.8530836130021002e-06
Methanospirillaceae,0.0,0.0,0.0,0.0,0.0,0.0,0.0,3.0410366001824284e-06,0.0,0.0,0.0,6.082073200364857e-07,0.0,1.3599929120145518e-06
Methermicoccaceae,0.0,0.0,0.0,0.0,0.0,3.041763316160906e-06,0.0,0.0,0.0,0.0,0.0,6.083526632321811e-07,0.0,1.3603179092801938e-06
Methylophilaceae,0.0,0.0,0.0,0.0,0.0,2.2813224871206793e-05,0.0,0.0,1.5248815718232153e-05,0.0,0.0,7.612408117887789e-06,0.0,1.0761340797809915e-05
Microbacteriaceae,0.0,0.0,0.0,0.0,0.0,0.0,0.0,0.0,0.0,3.044525370876649e-06,0.0,6.089050741753299e-07,0.0,1.3615531377005892e-06
Micromonosporaceae,0.0,0.0,0.0,0.0,0.0,3.954292311009177e-05,2.7421078029697433e-05,3.1930884301915494e-05,2.2873223577348227e-05,3.501204176508147e-05,0.0,3.135603015682688e-05,0.0,6.4839021835558856e-06
Mitochondria,0.0,0.0,0.0,0.0,0.0,6.539791129745947e-05,6.093572895488319e-05,8.666954310519921e-05,6.252014444475183e-05,5.4801456675779684e-05,0.0,6.606495689561469e-05,0.0,1.215252066939422e-05
Monoglobaceae,0.0,0.0,0.0,0.0,0.0,0.011125249328858514,0.01114971500551975,0.010987265236459114,0.011088938790298422,0.011106428552958016,0.0,0.011091519382818762,0.0,6.24946189815102e-05
Moraxellaceae,0.0,0.0,0.0,0.0,0.0,5.17099763747354e-05,3.656143737292991e-05,4.409503070264521e-05,3.3547394580110735e-05,4.414561787771141e-05,0.0,4.201189138162653e-05,0.0,7.1466821974994185e-06
Mycobacteriaceae,0.0,0.0,0.0,0.0,0.0,0.0,0.0,3.0410366001824284e-06,0.0,0.0,0.0,6.082073200364857e-07,0.0,1.3599929120145518e-06
Mycoplasmataceae,0.0,0.0,0.0,0.0,0.0,0.0,3.0467864477441594e-06,3.0410366001824284e-06,0.0,4.566788056314973e-06,0.0,2.1309222208483123e-06,0.0,2.0421934810750764e-06
Myxosporea,0.0,0.0,0.0,0.0,0.0,2.845186533382945e-08,7.124712601041818e-08,5.6890135642006685e-08,5.705338729156697e-08,1.4238850438721536e-07,0.0,7.120620373300732e-08,0.0,4.27203320206595e-08
NS9 marine group,0.0,0.0,0.0,0.0,0.0,3.041763316160906e-06,0.0,0.0,0.0,0.0,0.0,6.083526632321811e-07,0.0,1.3603179092801938e-06
Neisseriaceae,0.0,0.0,0.0,0.0,0.0,3.041763316160906e-06,0.0,6.082073200364857e-06,0.0,6.089050741753298e-06,0.0,3.0425774516558122e-06,0.0,3.0427820195983115e-06
Nitrospiraceae,0.0,0.0,0.0,0.0,0.0,4.562644974241359e-06,3.0467864477441594e-06,0.0,7.624407859116077e-06,6.089050741753298e-06,0.0,4.264578004570978e-06,0.0,2.9315372746893325e-06
Nocardiaceae,0.0,0.0,0.0,0.0,0.0,0.0,4.570179671616239e-06,0.0,4.574644715469646e-06,4.566788056314973e-06,0.0,2.742322488680172e-06,0.0,2.50338802901811e-06
Novel Apicomplexa Class 2,0.0,0.0,0.0,0.0,0.0,2.845186533382945e-08,0.0,2.8445067821003343e-08,0.0,0.0,0.0,1.137938663096656e-08,0.0,1.5581867056219096e-08
Novel Clade 10,0.0,0.0,0.0,0.0,0.0,4.552298453412712e-07,4.2748275606250913e-07,3.697858816730434e-07,3.9937371104096873e-07,4.5564321403908923e-07,0.0,4.215030816313763e-07,0.0,3.7091702413475795e-08
Nuclearia,0.0,0.0,0.0,0.0,0.0,0.0,0.0,0.0,1.426334682289174e-07,1.1391080350977231e-07,0.0,5.130885434773795e-08,0.0,7.098764812075517e-08
OCS116 clade,0.0,0.0,0.0,0.0,0.0,0.0,3.0467864477441594e-06,3.0410366001824284e-06,0.0,0.0,0.0,1.2175646095853176e-06,0.0,1.6672202440914445e-06
OPB56,0.0,0.0,0.0,0.0,0.0,0.0,0.0,0.0,6.099526287292861e-06,0.0,0.0,1.219905257458572e-06,0.0,2.7277910817867497e-06
Oceanospirillaceae,0.0,0.0,0.0,0.0,0.0,1.5208816580804528e-05,1.5233932238720797e-05,1.2164146400729714e-05,1.6773697290055367e-05,1.674488953982157e-05,0.0,1.5225096410026397e-05,0.0,1.8760126536833838e-06
Oligoflexaceae,0.0,0.0,0.0,0.0,0.0,0.00043801391752717046,0.0004707285061764726,0.000454634971727273,0.000396469208674036,0.000407966399697471,0.0,0.0004335626007604846,0.0,3.1129763931994086e-05
Opiliones,0.0,0.0,0.0,0.0,0.0,2.845186533382945e-08,0.0,2.8445067821003343e-08,2.8526693645783484e-08,0.0,0.0,1.7084725360123256e-08,0.0,1.559618199690261e-08
Ostracoda,0.0,0.0,0.0,0.0,0.0,7.112966333457363e-08,1.2824482681875274e-07,1.1378027128401337e-07,9.984342776024218e-08,9.967195307105076e-08,0.0,1.0253402845372653e-07,0.0,2.1149397665712473e-08
Paenibacillaceae,0.0,0.0,0.0,0.0,0.0,7.604408290402264e-06,0.0,9.123109800547285e-06,3.0497631436464304e-06,4.566788056314973e-06,0.0,4.868813858182191e-06,0.0,3.629325844268158e-06
Pasteurellaceae,0.0,0.0,0.0,0.0,0.0,3.3459396477769967e-05,3.199125770131367e-05,3.0410366001824282e-05,2.4398105149171443e-05,1.978941491069822e-05,0.0,2.8009708048155516e-05,0.0,5.743080510419217e-06
Pectobacteriaceae,0.0,0.0,0.0,0.0,0.0,0.0,0.0,7.6025915004560704e-06,0.0,6.089050741753298e-06,0.0,2.7383284484418738e-06,0.0,3.787602242868266e-06
Peptococcaceae,0.0,0.0,0.0,0.0,0.0,3.041763316160906e-06,0.0,6.082073200364857e-06,6.099526287292861e-06,6.089050741753298e-06,0.0,4.262482709114384e-06,0.0,2.724009183339243e-06
Peptostreptococcaceae,0.0,0.0,0.0,0.0,0.0,0.0033428978844608354,0.0034443920791747723,0.0034059609922043196,0.0033547394580110738,0.003330710755739054,0.0,0.003375740233918011,0.0,4.788965572069712e-05
Phaeophyceae,0.0,0.0,0.0,0.0,0.0,2.845186533382945e-08,0.0,0.0,0.0,0.0,0.0,5.69037306676589e-09,0.0,1.272406099462248e-08
Phaselicystidaceae,0.0,0.0,0.0,0.0,0.0,0.0,0.0,7.6025915004560704e-06,4.574644715469646e-06,9.133576112629947e-06,0.0,4.262162465711133e-06,0.0,4.222524126047168e-06
Phragmoplastophyta,0.0,0.0,0.0,0.0,0.0,8.966605359956351e-05,6.0574306534057536e-05,6.149823662900922e-05,6.11612311765598e-05,8.946269730648742e-05,0.0,7.24725050491355e-05,0.0,1.560633971002894e-05
Phycisphaeraceae,0.0,0.0,0.0,0.0,0.0,1.064617160656317e-05,7.616966119360399e-06,9.123109800547285e-06,6.099526287292861e-06,1.3700364168944921e-05,0.0,9.437227596541727e-06,0.0,2.9235317220427393e-06
Phyllobacteriaceae,0.0,0.0,0.0,0.0,0.0,1.3687934922724077e-05,2.4374291581953275e-05,3.1930884301915494e-05,3.202251300828752e-05,5.4801456675779684e-05,0.0,3.136341609813201e-05,0.0,1.5094441620209006e-05
Phytophthora,0.0,0.0,0.0,0.0,0.0,8.535559600148835e-08,9.974597641458546e-08,5.6890135642006685e-08,4.279004046867522e-08,9.967195307105076e-08,0.0,7.689074031956129e-08,0.0,2.586446003153659e-08
Pirellulaceae,0.0,0.0,0.0,0.0,0.0,6.083526632321812e-06,0.0,4.5615549002736424e-06,0.0,4.566788056314973e-06,0.0,3.042373917782086e-06,0.0,2.845717715606941e-06
Planctomycetaceae,0.0,0.0,0.0,0.0,0.0,4.106380476817223e-05,6.245912217875526e-05,5.777969540346614e-05,7.624407859116076e-05,5.9368244732094655e-05,0.0,5.9382989134729806e-05,0.0,1.2569031547859588e-05
Platygloeales,0.0,0.0,0.0,0.0,0.0,1.8493712466989142e-07,0.0,0.0,1.711601618747009e-07,3.132547096518738e-07,0.0,1.3387039923929322e-07,0.0,1.3418237146769853e-07
Plectosphaerellaceae,0.0,0.0,0.0,0.0,0.0,8.00066453187284e-05,8.17632018095559e-05,7.899195333892628e-05,7.928994498845518e-05,7.919648614016918e-05,0.0,7.9849646319167e-05,0.0,1.135986833995454e-06
Polycystinea,0.0,0.0,0.0,0.0,0.0,2.105438034703379e-06,1.838175851068789e-06,1.934264611828227e-06,2.0396585956735186e-06,1.6944232022078629e-06,0.0,1.922392059096355e-06,0.0,1.6314134722740403e-07
Polyporales,0.0,0.0,0.0,0.0,0.0,3.1723829847219838e-06,3.334365497287571e-06,3.5129658758939125e-06,3.080882913744616e-06,3.118308246080017e-06,0.0,3.2437811035456196e-06,0.0,1.7891542948162717e-07
Porphyra,0.0,0.0,0.0,0.0,0.0,9.958152866840308e-08,1.4249425202083637e-07,1.2800280519451505e-07,1.1410677458313393e-07,1.7086620526465845e-07,0.0,1.3101031314630935e-07,0.0,2.7399435224192587e-08
Porphyromonadaceae,0.0,0.0,0.0,0.0,0.0,0.0002098816688151025,0.00020108790555111453,0.0002356803365141382,0.0001906101964779019,0.0020946334551631344,0.0,0.0005863787125042783,0.0,0.000843305026040709
Postciliodesmatophora,0.0,0.0,0.0,0.0,0.0,0.00012467607389284066,0.00012679138544814022,0.0001268650024816749,0.0001255745054287389,0.0001265406638489183,0.0,0.00012608952622006258,0.0,9.434761344830435e-07
Prevotellaceae,0.0,0.0,0.0,0.0,0.0,0.00040455452104940046,0.0004052225975499732,0.0003679654286220738,0.00041629266910773777,0.00040035508627027936,0.0,0.0003988780605198929,0.0,1.825867165523224e-05
Propionibacteriaceae,0.0,0.0,0.0,0.0,0.0,0.0,2.1327505134209117e-05,1.824621960109457e-05,1.98234604337018e-05,1.8267152225259893e-05,0.0,1.5532867478853076e-05,0.0,8.776325802840056e-06
Pseudoalteromonadaceae,0.0,0.0,0.0,0.0,0.0,9.125289948482717e-05,0.00010663752567104558,8.819006140529042e-05,0.00010369194688397864,0.00010808065066612105,0.0,9.957061682225256e-05,0.0,9.19305038442731e-06
Pseudohongiellaceae,0.0,0.0,0.0,0.0,0.0,1.5208816580804528e-05,0.0,1.2164146400729714e-05,1.8298578861878583e-05,7.6113134271916225e-06,0.0,1.065657105412089e-05,0.0,7.1454899541711195e-06
Pseudomonadaceae,0.0,0.0,0.0,0.0,0.0,0.0001034199527494708,8.988020020845271e-05,0.00010643628100638499,0.00010674171002762507,0.00010199159992436774,0.0,0.00010169394878326025,0.0,6.9029332492887224e-06
Pseudonocardiaceae,0.0,0.0,0.0,0.0,0.0,0.0,3.0467864477441594e-06,0.0,0.0,0.0,0.0,6.093572895488318e-07,0.0,1.3625643220162101e-06
RAD A,0.0,0.0,0.0,0.0,0.0,1.8493712466989142e-07,1.994919528291709e-07,2.1333800865752508e-07,2.995302832807266e-07,1.9934390614210152e-07,0.0,2.1932825511588312e-07,0.0,4.5945215529081863e-08
RM1-SGM49,0.0,0.0,0.0,0.0,0.0,8.535559600148835e-08,0.0,7.111266955250836e-08,8.558008093735044e-08,9.967195307105076e-08,0.0,6.834405991247958e-08,0.0,3.951735503323745e-08
Reticulamoeba,0.0,0.0,0.0,0.0,0.0,4.751461510749518e-06,5.044296521537607e-06,4.835661529570568e-06,4.763957838845841e-06,4.91240340135893e-06,0.0,4.861556160412493e-06,0.0,1.2072311052516261e-07
Rhabdocoela,0.0,0.0,0.0,0.0,0.0,0.0,0.0,2.8445067821003343e-08,0.0,0.0,0.0,5.6890135642006685e-09,0.0,1.2721021054471058e-08
Rhizobiaceae,0.0,0.0,0.0,0.0,0.0,1.6729698238884983e-05,1.9804111910337034e-05,1.9766737901185782e-05,2.4398105149171443e-05,1.978941491069822e-05,0.0,2.0097613622055492e-05,0.0,2.744434816411097e-06
Rhizobiales Candidatus Hodgkinia,0.0,0.0,0.0,0.0,0.0,0.0,0.0,3.0410366001824284e-06,0.0,0.0,0.0,6.082073200364857e-07,0.0,1.3599929120145518e-06
Rhodobacteraceae,0.0,0.0,0.0,0.0,0.0,0.00014296287585956256,0.0001355819969246151,0.00012772353720766198,0.000120465644174034,9.590254918261444e-05,0.0,0.00012452732066969762,0.0,1.8084289598020608e-05
Rhodocyclaceae,0.0,0.0,0.0,0.0,0.0,0.0,0.0,0.0,3.0497631436464304e-06,0.0,0.0,6.09952628729286e-07,0.0,1.3638955408933749e-06
Rhodymeniophycidae,0.0,0.0,0.0,0.0,0.0,5.69037306676589e-08,0.0,9.95577373735117e-08,0.0,8.543310263232923e-08,0.0,4.837891413469997e-08,0.0,4.6760014959239826e-08
Rhynchostoma,0.0,0.0,0.0,0.0,0.0,0.0,5.6997700808334555e-08,0.0,0.0,0.0,0.0,1.139954016166691e-08,0.0,2.5490146713726153e-08
Rickettsiaceae,0.0,0.0,0.0,0.0,0.0,0.0,6.093572895488319e-06,0.0,4.574644715469646e-06,7.6113134271916225e-06,0.0,3.6559062076299174e-06,0.0,3.5058111043457872e-06
Rubritaleaceae,0.0,0.0,0.0,0.0,0.0,0.0,0.0,3.0410366001824284e-06,0.0,4.566788056314973e-06,0.0,1.5215649312994803e-06,0.0,2.1521882790632093e-06
Russulales,0.0,0.0,0.0,0.0,0.0,0.0,0.0,0.0,0.0,5.6955401754886154e-08,0.0,1.139108035097723e-08,0.0,2.547123000194725e-08
SAR116 clade,0.0,0.0,0.0,0.0,0.0,6.083526632321812e-06,0.0,6.082073200364857e-06,0.0,4.566788056314973e-06,0.0,3.3464775778003283e-06,0.0,3.1169657905752067e-06
SM2D12,0.0,0.0,0.0,0.0,0.0,0.0,3.0467864477441594e-06,3.0410366001824284e-06,0.0,0.0,0.0,1.2175646095853176e-06,0.0,1.6672202440914445e-06
Saccharomycetales,0.0,0.0,0.0,0.0,0.0,0.00010585516497451247,0.00010148440628923967,0.00010426539609788774,0.0001048213358014314,9.688113838506134e-05,0.0,0.00010266148830962652,0.0,3.613689228270623e-06
Saccharospirillaceae,0.0,0.0,0.0,0.0,0.0,8.973201782674673e-05,9.902055955168518e-05,8.666954310519921e-05,0.00010826659159944829,9.742481186805277e-05,0.0,9.622270479022644e-05,0.0,8.48115819927154e-06
Salinibacter,0.0,0.0,0.0,0.0,0.0,0.0,1.6757325462592876e-05,2.888984770173307e-05,1.5248815718232153e-05,3.044525370876649e-05,0.0,1.8268248518264915e-05,0.0,1.2310834572267196e-05
Salinisphaeraceae,0.0,0.0,0.0,0.0,0.0,0.0,1.2187145790976638e-05,1.06436281006385e-05,0.0,9.133576112629947e-06,0.0,6.3928700008490165e-06,0.0,5.934888795117582e-06
Saprospiraceae,0.0,0.0,0.0,0.0,0.0,6.083526632321812e-06,7.616966119360399e-06,0.0,6.099526287292861e-06,6.089050741753298e-06,0.0,5.1778139561456744e-06,0.0,2.9689830831612793e-06
Schizoplasmodiopsis amoeboidea   ,0.0,0.0,0.0,0.0,0.0,1.4225932666914726e-07,1.8524252762708728e-07,1.1378027128401337e-07,1.2837012140602566e-07,1.9934390614210152e-07,0.0,1.53799230625675e-07,0.0,3.689283290842515e-08
Semaeostomeae,0.0,0.0,0.0,0.0,0.0,2.56066788004465e-07,1.4249425202083637e-07,2.1333800865752508e-07,2.1395020234337612e-07,1.4238850438721536e-07,0.0,1.9364755108268357e-07,0.0,4.985033294436554e-08
Seriata,0.0,0.0,0.0,0.0,0.0,8.67781892681798e-07,8.26466661720851e-07,5.689013564200668e-07,4.992171388012108e-07,7.831367741296845e-07,0.0,7.091007647507223e-07,0.0,1.6442535947643795e-07
Sordariales,0.0,0.0,0.0,0.0,0.0,1.7782415833643406e-06,1.6956815990479528e-06,1.692481535349699e-06,1.811445046507251e-06,1.5235569969432044e-06,0.0,1.7002813522424896e-06,0.0,1.1152203502909355e-07
Sphingobacteriaceae,0.0,0.0,0.0,0.0,0.0,0.0001064617160656317,0.00010054395277555726,0.00011251835420674985,9.759242059668577e-05,0.00011264743872243602,0.0,0.00010595277647341213,0.0,6.843523531221391e-06
Sphingomonadaceae,0.0,0.0,0.0,0.0,0.0,0.00034828189970042374,0.00032448275668475296,0.00034971920902097925,0.00037664574824033416,0.0003683875698760745,0.0,0.0003535034367045129,0.0,2.025394220975867e-05
Spirochaetaceae,0.0,0.0,0.0,0.0,0.0,0.000597706491625618,0.0006367783675785293,0.0006918358265415025,0.0006069028655856397,0.0006728401069637395,0.0,0.0006412127316590057,0.0,4.0781772953005713e-05
Spirosomaceae,0.0,0.0,0.0,0.0,0.0,1.5208816580804528e-05,7.616966119360399e-06,6.082073200364857e-06,9.149289430939292e-06,7.6113134271916225e-06,0.0,9.13369175173214e-06,0.0,3.5650334208244695e-06
Spirotrichonymphea,0.0,0.0,0.0,0.0,0.0,6.970707006788215e-07,7.837183861146001e-07,7.822393650775919e-07,8.27274115727721e-07,5.83792867987583e-07,0.0,7.348190871172635e-07,0.0,9.672333749274068e-08
Sporidiobolales,0.0,0.0,0.0,0.0,0.0,0.0004147570669038988,0.00041661044463331924,0.00041724647733238756,0.0004176735850147388,0.0004127700353680986,0.0,0.0004158115218504886,0.0,2.0326810701979336e-06
Staphylococcaceae,0.0,0.0,0.0,0.0,0.0,2.129234321312634e-05,2.5897684805825354e-05,2.1287256201277e-05,1.5248815718232153e-05,1.5222626854383245e-05,0.0,1.9789745358568817e-05,0.0,4.563054808942805e-06
Streptomycetaceae,0.0,0.0,0.0,0.0,0.0,0.012025611270442141,0.012107929343335289,0.011995368869419588,0.011843755168350912,0.012108077399976434,0.0,0.012016148410304874,0.0,0.00010853046084250408
Succinivibrionaceae,0.0,0.0,0.0,0.0,0.0,4.562644974241359e-06,3.0467864477441594e-06,0.0,0.0,3.044525370876649e-06,0.0,2.1307913585724335e-06,0.0,2.041348358573581e-06
Surface 1,0.0,0.0,0.0,0.0,0.0,3.954292311009177e-05,3.808483059680199e-05,2.584881110155064e-05,3.3547394580110735e-05,2.4356202967013194e-05,0.0,3.227603247111367e-05,0.0,6.931793973125739e-06
Sutterellaceae,0.0,0.0,0.0,0.0,0.0,7.604408290402264e-06,4.570179671616239e-06,9.123109800547285e-06,6.099526287292861e-06,0.0,0.0,5.4794448099717296e-06,0.0,3.5009764321036536e-06
Syndiniales,0.0,0.0,0.0,0.0,0.0,1.6075303913613638e-06,1.8239264258667053e-06,1.8204843405442137e-06,1.597494844163875e-06,1.879528257911243e-06,0.0,1.74579285196948e-06,0.0,1.3292633276592816e-07
TM146,0.0,0.0,0.0,0.0,0.0,0.0,0.0,3.0410366001824284e-06,0.0,4.566788056314973e-06,0.0,1.5215649312994803e-06,0.0,2.1521882790632093e-06
TTA-B1,0.0,0.0,0.0,0.0,0.0,3.041763316160906e-06,3.0467864477441594e-06,3.0410366001824284e-06,0.0,3.044525370876649e-06,0.0,2.4348223469928284e-06,0.0,1.3611089927134817e-06
Terrestrial Miscellaneous Gp(TMEG),0.0,0.0,0.0,0.0,0.0,0.0,3.0467864477441594e-06,0.0,3.0497631436464304e-06,0.0,0.0,1.2193099182781179e-06,0.0,1.6696091987681337e-06
Thermococcaceae,0.0,0.0,0.0,0.0,0.0,9.125289948482717e-06,1.0663752567104558e-05,1.2164146400729714e-05,1.0674171002762507e-05,9.133576112629947e-06,0.0,1.0352187206341888e-05,0.0,1.2722256620163098e-06
Thermoplasmatales Candidatus Methanomethylophilus,0.0,0.0,0.0,0.0,0.0,0.0,0.0,0.0,3.0497631436464304e-06,0.0,0.0,6.09952628729286e-07,0.0,1.3638955408933749e-06
Thermoplasmatales uncultured,0.0,0.0,0.0,0.0,0.0,3.041763316160906e-06,0.0,0.0,0.0,0.0,0.0,6.083526632321811e-07,0.0,1.3603179092801938e-06
Thraustochytriaceae,0.0,0.0,0.0,0.0,0.0,8.535559600148835e-08,0.0,9.955773737351172e-08,7.13167341144587e-08,2.8477700877443077e-08,0.0,5.6941553673380375e-08,0.0,4.148094194334206e-08
Trebouxiophyceae,0.0,0.0,0.0,0.0,0.0,0.0,5.6997700808334555e-08,0.0,5.705338729156697e-08,4.2716551316164614e-08,0.0,3.135352788321323e-08,0.0,2.9211778881160827e-08
Tremellales,0.0,0.0,0.0,0.0,0.0,4.196650136739844e-06,4.4743195134542625e-06,4.835661529570568e-06,4.678377757908491e-06,5.197180410133361e-06,0.0,4.676437869561304e-06,0.0,3.766884750945917e-07
Trichostomatia,0.0,0.0,0.0,0.0,0.0,0.0,2.1374137803125457e-07,7.111266955250836e-08,1.711601618747009e-07,0.0,0.0,9.120284189169276e-08,0.0,9.804131478737955e-08
Trueperaceae,0.0,0.0,0.0,0.0,0.0,3.041763316160906e-06,4.570179671616239e-06,4.5615549002736424e-06,6.099526287292861e-06,7.6113134271916225e-06,0.0,5.1768675205070545e-06,0.0,1.7380431383115054e-06
Tylenchida,0.0,0.0,0.0,0.0,0.0,6.828447680119068e-07,7.837183861146001e-07,7.680168311670902e-07,8.130107689048292e-07,8.400921758845707e-07,0.0,7.775365860165994e-07,0.0,5.972227444010658e-08
Unknown Family,0.0,0.0,0.0,0.0,0.0,2.2813224871206793e-05,2.8944471253569516e-05,2.280777450136821e-05,2.592298672099466e-05,2.2833940281574868e-05,0.0,2.4664479525742806e-05,0.0,2.744428028692126e-06
Verrucomicrobiaceae,0.0,0.0,0.0,0.0,0.0,8.212760953634446e-05,9.292698665619686e-05,8.971057970538163e-05,9.606753902486256e-05,0.00010351386260980606,0.0,9.286931550651833e-05,0.0,7.888285645182329e-06
Vibrionaceae,0.0,0.0,0.0,0.0,0.0,0.00011558700601411442,8.683341376070854e-05,8.362850650501678e-05,8.539336802210006e-05,9.742481186805277e-05,0.0,9.377342123399851e-05,0.0,1.3327353684655895e-05
Violaceomyces palustris   ,0.0,0.0,0.0,0.0,0.0,0.0,0.0,8.149511930717457e-06,0.0,7.97375624568406e-06,0.0,3.2246536352803034e-06,0.0,4.415976053967552e-06
Weeksellaceae,0.0,0.0,0.0,0.0,0.0,1.3687934922724077e-05,1.3710539014848717e-05,7.6025915004560704e-06,4.574644715469646e-06,1.2178101483506597e-05,0.0,1.035076232740102e-05,0.0,4.08289009994342e-06
Woeseiaceae,0.0,0.0,0.0,0.0,0.0,2.7375869845448154e-05,2.1327505134209117e-05,1.824621960109457e-05,2.1348342005525015e-05,1.8267152225259893e-05,0.0,2.131301776230735e-05,0.0,3.72297531886594e-06
Xanthobacteraceae,0.0,0.0,0.0,0.0,0.0,0.011433988305448844,0.01153665688438326,0.011482954202288849,0.011290223157779085,0.011522006266082678,0.0,0.011453165763196544,0.0,9.939215361898698e-05
Xanthomonadaceae,0.0,0.0,0.0,0.0,0.0,9.125289948482717e-06,9.140359343232478e-06,6.082073200364857e-06,1.3723934146408937e-05,0.0,0.0,7.614331327697798e-06,0.0,5.05630449530737e-06
Xylariaceae,0.0,0.0,0.0,0.0,0.0,1.6900408008294692e-05,8.962888452110607e-06,1.929997851655077e-05,1.172447108841701e-05,1.1262930697028734e-05,0.0,1.3630135352480363e-05,0.0,4.297098222802624e-06
Yersiniaceae,0.0,0.0,0.0,0.0,0.0,1.6729698238884983e-05,0.0,0.0,1.5248815718232153e-05,0.0,0.0,6.395702791423428e-06,0.0,8.773313413295574e-06
[Eubacterium] coprostanoligenes group,0.0,0.0,0.0,0.0,0.0,0.01813043024597708,0.01816646419467455,0.018080483106384628,0.018068321744533277,0.018183427777560785,0.0,0.018125825413826062,0.0,5.08756919414011e-05
pItb-vmat-80,0.0,0.0,0.0,0.0,0.0,1.064617160656317e-05,1.5233932238720797e-05,9.123109800547285e-06,2.2873223577348227e-05,9.133576112629947e-06,0.0,1.3402002667161884e-05,0.0,5.856257032752712e-06
uncultured,0.0,0.0,0.0,0.0,0.0,2.4334106529287247e-05,0.00011425449179040597,7.6025915004560704e-06,6.102378956657439e-05,4.414561787771141e-05,0.0,5.027211945288702e-05,0.0,4.104980368963174e-05
uncultured Actinomycetales bacterium  ,0.0,0.0,0.0,0.0,0.0,1.3687934922724077e-05,1.5233932238720797e-05,1.9766737901185782e-05,1.98234604337018e-05,1.2178101483506597e-05,0.0,1.6138033395967812e-05,0.0,3.5089639147156145e-06
uncultured Chytridiomycota  ,0.0,0.0,0.0,0.0,0.0,0.0,0.0,2.8445067821003343e-08,0.0,0.0,0.0,5.6890135642006685e-09,0.0,1.2721021054471058e-08
uncultured Firmicutes bacterium ,0.0,0.0,0.0,0.0,0.0,0.0,3.0467864477441594e-06,4.5615549002736424e-06,0.0,0.0,0.0,1.5216682696035603e-06,0.0,2.1513553375010187e-06
uncultured bacterium  ,0.0,0.0,0.0,0.0,0.0,6.083526632321812e-06,6.093572895488319e-06,4.5615549002736424e-06,4.574644715469646e-06,0.0,0.0,4.262659828710684e-06,0.0,2.501236705275238e-06
uncultured bacterium   ,0.0,0.0,0.0,0.0,0.0,3.041763316160906e-06,9.140359343232478e-06,4.5615549002736424e-06,7.624407859116077e-06,6.089050741753298e-06,0.0,6.0914272321072805e-06,0.0,2.412829336105048e-06
uncultured eukaryote,0.0,0.0,0.0,0.0,0.0,2.845186533382945e-08,0.0,0.0,0.0,0.0,0.0,5.69037306676589e-09,0.0,1.272406099462248e-08
uncultured eukaryote   ,0.0,0.0,0.0,0.0,0.0,5.69037306676589e-08,0.0,7.111266955250836e-08,0.0,0.0,0.0,2.5603280044033452e-08,0.0,3.541682717902503e-08
uncultured fungus  ,0.0,0.0,0.0,0.0,0.0,8.535559600148835e-08,7.124712601041818e-08,8.533520346301003e-08,1.1410677458313393e-07,8.543310263232923e-08,0.0,8.829556053807594e-08,0.0,1.56721780639617e-08
uncultured glomeraceous AM fungus,0.0,0.0,0.0,0.0,0.0,0.0,0.0,5.6890135642006685e-08,4.279004046867522e-08,0.0,0.0,1.993603522213638e-08,0.0,2.7749989165698203e-08
uncultured soil fungus  ,0.0,0.0,0.0,0.0,0.0,1.1295390537530291e-05,0.0,0.0,0.0,0.0,0.0,2.259078107506058e-06,0.0,5.051452214865124e-06
unknown,0.0,0.0,0.0,0.0,0.0,0.0015412092227241945,0.0015322084355562234,0.0015350433856988336,0.0015178004662552607,0.0014676903432571844,0.0,0.0015187903706983395,0.0,2.9828688382943865e-05
