Genus,OL-PAMA-1a,OL-PAMA-1b,OL-PAMA-2a,OL-PAMA-2b,OL-PAMA-3a,OL-PAMA-3b,OL-PAMA-4a,OL-PAMA-4b
"=""028H05-P-BN-P5""",0.0,0.0,0.0,0.0,3.688213208229141e-05,3.210004943407613e-05,0.0003376881028260273,0.0
"=""0319-6G20""",0.0,0.0006959556156756651,5.32509718302359e-05,0.0,0.00019178708682791534,0.0,2.1105506426626707e-05,0.0
"=""053A03-B-DI-P58""",0.0,0.0,0.0,0.0,7.376426416458282e-05,0.00026322040535942424,0.0002532660771195205,0.0002508483234210238
"=""1-20""",0.0,0.0,0.0,0.0,0.0,0.0,0.0,0.0001505089940526143
"=""11-24""",0.0,0.0,0.0,0.0004914004914004914,0.0,0.0,0.0,0.0
"=""211ds20""",0.0,0.0,0.0,0.000512311150609023,0.0,0.0,0.0,0.0
"=""37-13""",0.00043799730944509913,0.0,0.0,0.0,0.0,0.0,0.0,0.0
"=""4-29-1""",0.0,0.00044109862965359056,0.0,4.18213184170631e-05,0.0,0.0,0.0,0.0
"=""4572-13""",0.0,0.0,0.0,0.0,0.0,0.0,4.2211012853253414e-05,0.0
"=""67-14""",0.0006987099936386105,0.00033327452018271287,0.0015016774056126525,6.273197762559465e-05,0.0,0.00041088063275617447,0.0004010046221059074,9.121757215309957e-05
"=""A0839""",0.0003545692505031755,0.0,0.00020235369295489643,5.227664802132887e-05,0.0,0.0,0.0,0.0
"=""A31""",7.299955157418319e-05,0.0,0.0,0.00013591928485545506,0.0,0.0,0.0,0.0
"=""A4b""",9.38565663096641e-05,0.0,0.0,0.000324115217732239,0.0011876046530497834,0.00021828033615171769,0.0004221101285325341,9.577845076075455e-05
"=""AB1""",0.0,0.0,0.0,0.0,0.0,0.00017976027683082633,0.0004326628817458475,4.104790746889481e-05
"=""ADurb.Bin063-1""",0.0,0.0010390323276284576,0.0007987645774535385,0.0003345705473365048,0.0,0.0,0.0,0.0
"=""ADurb.Bin118""",0.00019814163998706864,0.0,0.0007242132168912083,0.0,0.0,0.0,0.0,0.0
"=""ADurb.Bin120""",0.0,0.0,0.0,0.0,0.0,0.0,0.0,0.00023716568759805888
"=""ADurb.Bin180""",0.00010428507367740456,0.0,0.0,0.0,0.0,0.0,0.0,0.0
"=""AEGEAN-169_marine_group""",0.0014704195388514042,0.001352702464271011,0.003610415890089994,0.0029170369595901513,0.001069581830386451,0.0012454819180421537,0.0011608028534644689,0.00037399204582770824
"=""AKAU3564_sediment_group""",0.0,0.0,0.0,0.0,9.589354341395767e-05,0.0002696404152462395,0.0,0.00012314372240668442
"=""AKYG1722""",0.0,0.0,0.0,0.0,0.0,0.0,0.00014773854498638695,0.0
"=""AKYH767""",0.001032422229406305,0.0,0.0010330688535065764,0.0003659365361493021,0.0,0.0,0.0,0.0
"=""AT-s3-28""",0.0,0.0,0.0,0.0,0.00010326996983041596,0.0,0.0001371857917730736,8.665669354544459e-05
"=""Absconditabacteriales_(SR1)""",0.000114713581045145,0.0,0.0,0.0,9.589354341395767e-05,0.0,0.0007597982313585614,0.0003876746816506732
"=""Acanthopleuribacter""",0.0,0.0,0.0,0.0,0.00036144489440645584,0.00018618028671764155,0.001371857917730736,0.0001915569015215091
"=""Acari""",0.0,0.0,3.195058309814154e-05,0.0,0.002426844291014775,0.0,0.0,0.0011128543802678148
"=""Acholeplasma""",0.0,0.0,0.0,0.0,0.0005015969963191632,0.00033384051411439175,0.0010236170616913954,0.0007434232130477615
"=""Acidaminobacter""",0.0,0.0,0.00020235369295489643,0.0,0.0,0.0,0.0,0.0
"=""Acidibacter""",0.0003754262652386564,0.0,0.0007242132168912083,0.0,0.0,0.0,0.0,0.0
"=""Acidovorax""",0.0,0.0007645709580662236,0.0,0.0,0.0001253992490797908,0.0,0.0,0.0
"=""Acinetobacter""",0.00021899865472254957,0.0004607030131937501,0.0,4.18213184170631e-05,0.0001253992490797908,0.0,8.442202570650683e-05,0.00015963075126792424
"=""Acoela""",0.0,4.901095885039895e-05,0.11687523297300176,0.10604840817606775,0.06463962468742393,0.36784088647496516,0.2193811865515713,0.07295581420804904
"=""Acrophormium_PCC-7375""",0.0,0.0,0.0,0.0,0.0,1.9260029660445678e-05,0.0,0.0
"=""Actibacter""",0.0,0.0,0.0011502209915330954,0.00020910659208531548,0.0005311027019849964,0.00035952055366165266,0.0006964817120786814,0.0002645309592439888
"=""Actiniaria""",0.0,0.0,0.0,0.0,0.0014752852832916564,0.03185608905837715,0.023089424030729618,0.012765899222826286
"=""Actinocyclus""",0.0,0.0,0.0,0.0,0.0,0.00034026052400120695,0.0016040184884236297,0.0
"=""Actinoptychus""",0.0,0.0,0.0,0.0,0.00036144489440645584,0.0,0.0,0.0
"=""Aestuariibacter""",0.0,0.0,0.0,0.0,0.000442585584987497,0.0,0.0,4.560878607654979e-05
"=""Aestuariicella""",0.0,0.0,0.0,0.0,0.0,0.0,0.0002849243367594605,0.0001915569015215091
"=""Ahrensia""",0.0,0.0,0.0,0.0,0.0005679848340672878,0.0003466805338880222,0.0,0.0
"=""Alcanivorax""",0.0,0.0,0.0,0.0,0.00039832702648874725,4.494006920770658e-05,0.0,0.00013682635822964936
"=""Algimonas""",0.0,0.0,0.0,0.0,0.00019178708682791534,0.0,0.0,0.0
"=""Algivirga""",0.0,0.0,0.0,0.0,0.0004647148642368718,0.00016050024717038065,0.0,0.0002508483234210238
"=""Aliikangiella""",0.0,0.0,0.0,0.0,0.0,0.00028890044490668514,0.0,0.0
"=""Alishewanella""",3.1285522103221364e-05,0.0,0.0,0.0,0.0,0.0,0.0,0.0
"=""Allorhizobium-Neorhizobium-Pararhizobium-Rhizobium""",0.0006569959641676487,0.0,0.0002236540816869908,0.0,0.0,0.0,0.0,0.0
"=""Altererythrobacter""",0.0,0.0,0.0,0.0,0.00030980990949124786,0.0,0.0,0.00013682635822964936
"=""Alterococcus""",0.0,0.0,0.00013845252675861335,0.0,0.0,0.0,0.0,0.0
"=""Alteromonas""",0.0,0.0,0.0,0.0,0.0009441825813066602,0.0004237206525298049,0.0005804014267322344,0.0006978144269712117
"=""Amaricoccus""",0.0,0.0,0.0,0.0,0.0,0.00031458048445394605,0.000358793609252654,8.209581493778962e-05
"=""Amastigomonas""",0.0,0.0,0.0,0.0,2.212927924937485e-05,0.0023176235691402965,2.1105506426626707e-05,0.003922355602583282
"=""Aminicenantales""",0.00015642761051610682,0.0,0.00040470738590979286,4.18213184170631e-05,0.00032456276232416443,0.0002439603756989786,0.00010552753213313353,3.192615025358485e-05
"=""Amoebophrya""",0.0,0.0,0.0,0.0,0.0014752852832916564,0.00011556017796267407,0.00032713534961271393,0.0
"=""Amphibelone""",0.0,0.0,0.0,0.0,0.0,0.0,3.165825963994006e-05,0.0
"=""Amphidinium""",0.0,0.0,0.0,0.0,0.0008482890378927025,0.002991724607255895,0.006067833097655178,0.0
"=""Amphora""",0.0,0.0,0.0,0.0,0.0,0.0,0.0,0.00010033932936840953
"=""Anaerolinea""",0.0,0.0,0.0010224186591405292,0.0,0.0,0.0,0.0,0.0
"=""Anaeromyxobacter""",0.0,0.0,0.0004899089408381703,0.0,0.0,0.0,0.0,0.0
"=""Ancyromonas""",0.0,0.0,0.0,0.0,0.00014015210191270738,0.0,0.0,0.0001505089940526143
"=""Andalucia""",0.0,0.0,0.0,0.006492759684249046,0.0,0.0,0.0,0.0
"=""Anderseniella""",0.0005005683536515418,0.0016173616420631653,0.0,0.0,0.0012613689172143664,0.000398040612982544,0.0006964817120786814,0.00022348305177509397
"=""Andreprevotia""",0.0,0.0,0.0,0.0010873542788436405,0.0,0.0,0.0,0.0
"=""Ankylochrisis""",0.0,0.0,0.0,0.0,0.0,0.0010079415522299905,0.0,0.0
"=""Annelida""",0.0,0.0,0.0,0.0,0.0,2.5680039547260904e-05,0.0,0.0
"=""Aplanochytrium""",0.0,0.0,0.0,0.0,0.00339315615157081,0.00227268349993259,0.0016567822544901966,5.0169664684204765e-05
"=""Aquabacterium""",0.0,0.0,0.0009159167154800575,0.0,0.0,0.0,0.0,0.0
"=""Aquibacter""",0.0,0.0,0.0,0.0,0.0016892016493689466,0.0014380822146466106,0.0027859268483147255,0.0013591418250811836
"=""Aquicella""",0.00017728462525158775,0.00035287890372287246,0.0003408062197135098,0.0,0.0,9.630014830222839e-05,0.0,0.0
"=""Aquimarina""",0.0,0.0,0.0,0.0,0.0,0.0,0.0,9.577845076075455e-05
"=""Aquisphaera""",0.0,0.0003822854790331118,0.0,8.36426368341262e-05,0.0,0.0,0.0,0.0
"=""Archaeorhizomyces""",0.0003649977578709159,0.0,0.0,0.0,0.0,0.0,0.0,0.0
"=""Arcticiflavibacter""",0.0,0.0,0.0,0.0,0.0,0.0,0.0003482408560393407,0.0
"=""Arenibacter""",0.0,0.0,0.0,0.0,0.0,0.0,0.0004748738945991009,0.0
"=""Arenicella""",0.0,0.0,0.0,0.0,0.00023604564532666504,0.0,0.0,0.0
"=""Arenicellaceae""",0.0,0.0,0.0,0.0,0.0,0.0,0.0,0.0001277046010143394
"=""Aristerostoma""",0.0,0.0,0.0,0.0,0.0,0.00011556017796267407,0.0,0.0
"=""Ascidiaceihabitans""",0.0,0.0,0.0003301560253474626,0.0,0.002006387985276653,0.002240583450498514,0.002595977290475085,0.0011493414091290545
"=""Asterionellopsis""",0.0,0.0,0.0,0.0,0.0,0.0,5.2763766066566766e-05,1.8243514430619916e-05
"=""Aulacoseira""",0.00015642761051610682,0.0,0.0,0.0,0.0,0.0,0.0,0.0
"=""Aureicoccus""",0.0,0.0,0.0,0.0,0.0002139163660772902,4.494006920770658e-05,0.0,0.0
"=""Aureispira""",0.0,0.0,0.0,0.0,0.0007671483473116614,0.0005842208997001855,0.001403516177370676,0.00024172656620571388
"=""Azospira""",0.0,0.0,0.0,0.0,0.0,0.0,9.497477891982018e-05,0.0
"=""Azospirillum""",0.00017728462525158775,0.0,0.000532509718302359,0.0005645877986303518,0.0,0.0,0.0,0.0
"=""B1-7BS""",0.0,0.0014115156148914898,0.0007881143830874913,4.18213184170631e-05,0.0,0.0,0.0,0.0
"=""B2706-C7""",0.0,0.0,0.0,0.0,0.0,3.8520059320891356e-05,0.0,0.0
"=""B2M28""",0.0,0.0,0.0,0.0,0.0018072244720322792,0.0013225220366839365,0.0028281378611679786,0.0007707884846936914
"=""BB01-173""",0.0,0.0,0.0,0.0,0.0006565019510647871,0.0,0.0,0.0
"=""BBMC-4""",0.0,0.0,0.0,0.00042866851377489675,0.0,0.0,0.0,0.0
"=""BD1-7_clade""",0.0,0.0,0.0020341871239150113,0.000554132469026086,0.0002581749245760399,0.00020544031637808723,0.00011608028534644688,0.0003922355602583282
"=""BD2-11_terrestrial_group""",0.0011367073030837096,0.0,0.0010543692422386708,0.00021956192168958127,0.0043152094536280956,0.001508702323401578,0.003482408560393407,0.0013956288539424234
"=""BD2-3""",0.0,0.0,0.0,0.0,9.589354341395767e-05,0.0,0.0,3.648702886123983e-05
"=""BD2-7""",0.0,0.0,0.0,0.0,0.0017260837814512381,0.0003017404646803156,0.0013401996580907959,0.0004880140110190827
"=""BD7-11""",0.0,0.0,0.0,0.0,0.0007081369359799952,0.0006420009886815226,0.0007070344652919947,0.000424161710511913
"=""BD7-8""",0.0,0.0,0.0,0.0006691410946730096,0.0012687453436308247,0.0009886815225695449,0.0025221080179818915,0.0011265370160907797
"=""BIrii41""",0.0003545692505031755,0.0,0.0007455136056233026,0.0,0.0002139163660772902,0.0,0.00022160781747958041,8.665669354544459e-05
"=""BSV26""",0.0008551376041547173,0.000607735889744947,0.0005751104957665477,5.227664802132887e-05,0.0,5.136007909452181e-05,0.0,9.121757215309957e-05
"=""Babeliales""",0.0,0.0005391205473543884,0.00035145641407955693,0.0,0.00032456276232416443,0.00041088063275617447,0.0,0.0001322654796219944
"=""Bacillaria""",0.0,0.0,0.0,0.0,0.0,0.0012904219872498604,0.0006331651927988012,0.005550589265516109
"=""Bacteriovorax""",0.0,0.0,0.0005431599126684062,0.0,0.0,0.0,0.0,0.0
"=""Bacteroides""",0.00038585477260639686,2.940657531023937e-05,0.001597529154907077,0.0011500862564692352,0.00015490495474562393,0.0002439603756989786,0.0002638188303328338,0.000428722589119568
"=""Bacteroidetes_BD2-2""",0.0,0.0,0.0,0.0,0.0005237262755685381,0.0007704011864178271,0.000685928958865368,0.00045608786076549787
"=""Bacteroidetes_VC2.1_Bac22""",0.0,0.0,0.0,0.0,0.00028030420382541476,0.0003210004943407613,0.0005487431670922944,0.0002736527164592987
"=""Bacteroidetes_vadinHA17""",0.0002607126841935114,0.0004116920543433512,0.0,0.0,0.0,0.0,0.0,0.0
"=""Balneola""",0.0,0.0,0.0,0.0,0.000626996245398954,0.0005007607711715876,0.0018783900719697769,0.0005974750976028022
"=""Barentsiidae""",0.0,0.0,0.0,0.0,7.376426416458282e-05,0.0,0.0,0.0
"=""Bathyarchaeia""",6.257104420644273e-05,0.0,0.0003621066084456041,0.0009096136755711224,9.589354341395767e-05,0.00020544031637808723,0.0,8.665669354544459e-05
"=""Bauldia""",0.0,0.0,0.0,0.0007005070834858069,0.000390950600072289,0.0001219801878494893,0.000506532154239041,5.929142189951472e-05
"=""Bdellovibrio""",0.0007925665599482746,0.0006861534239055853,0.000532509718302359,5.227664802132887e-05,0.001017946845471243,0.000738301136983751,0.00176230978662333,0.0004652096179808078
"=""Berkelbacteria""",0.0,0.0,0.0,0.0002718385697109101,0.0,0.0,0.0,0.0
"=""Bermanella""",0.0,0.0,0.0,0.0,0.0,1.2840019773630452e-05,0.000358793609252654,0.00010490020797606451
"=""Bicosoeca""",0.006559531134308747,0.009880609304240428,0.005431599126684062,0.0049558262324219775,0.002744030626922481,0.0010593016313245123,0.003735674637512927,0.0033066369905498595
"=""Bivalvulida""",0.0003962832799741373,0.0025779764355309846,0.0,0.0,0.0,0.0,2.1105506426626707e-05,4.104790746889481e-05
"=""Blastocatella""",0.0,0.0,0.0,0.0,0.0003688213208229141,0.0,0.0,0.0
"=""Blastopirellula""",0.00029199820629673275,0.0,0.00023430427605303797,0.00030320455852370743,0.004647148642368718,0.002330463588913927,0.006373862940841265,0.00212536943116722
"=""Blfdi19""",0.0,0.0,0.0,0.0,0.001121216815301659,0.00041730064264298966,0.0015195964627171229,0.0003238223811435035
"=""Bolidomonas""",0.0,0.0,0.0,0.0,0.0,0.0009309014335882077,0.0,0.0037353595796694276
"=""Bosea""",0.0,0.0,0.0,0.0,0.0,0.0,0.0,2.736527164592987e-05
"=""Bradymonadales""",0.0,0.0,0.0,0.0,0.002419467864598317,0.0007704011864178271,0.0012979886452375426,0.00017787426569854418
"=""Brumimicrobium""",0.0,0.0,0.0,0.0,0.0,0.0,0.00044321563495916083,0.0
"=""Bryobacter""",0.001397419987277221,0.0007841753416063832,0.001065019436604718,0.0015578441110356005,0.0,0.0,0.0,0.0
"=""Bythopirellula""",0.0,0.0,0.0,0.00013591928485545506,0.0003319391887406227,0.0,0.0004115573753192208,0.00039679643886598315
"=""C1-B045""",0.0,0.0010488345193985374,0.0,0.0,0.0,0.0,0.0,0.0
"=""C2U""",0.0,0.0,0.0,0.0,0.0,7.062010875496749e-05,0.0,0.0
"=""C86""",0.0,0.0,0.0,0.0,8.114069058104111e-05,3.210004943407613e-05,0.0,0.0
"=""C8S-102""",0.0,0.0,0.0,0.0,0.0,0.0,0.0,5.0169664684204765e-05
"=""CCD24""",0.0004692828315483205,0.0008821972593071811,0.001065019436604718,0.0009618903235924513,0.0,0.0,0.0,0.0
"=""CCM11a""",0.0,0.0,0.0,0.0,0.0002212927924937485,0.00041088063275617447,0.0005487431670922944,6.841317911482468e-05
"=""CL500-29_marine_group""",0.0018667028188255415,0.001489933149052128,0.0012886735182917088,0.00039730252496209944,0.0,0.0,0.0,0.0
"=""CL500-3""",0.002221272069328717,0.002019251504636437,0.003045955588689494,0.0027288410267133673,6.638783774812455e-05,0.0005136007909452181,0.0003693463624659674,0.00026909183785164375
"=""CPR2""",0.0,0.0,0.0,0.0,0.0,0.0,0.00016884405141301366,0.0
"=""CV1-B1-93""",0.001209706854657893,0.0014507243819718088,0.002651898397145748,0.0,0.0,0.0,0.0,0.0
"=""Caenarcaniphilales""",0.00013557059578062593,0.0,0.0011289206028010012,0.0,0.0,0.0,0.0,0.0
"=""Caenogastropoda""",0.0,0.0,0.019734810160285426,0.0593862721522296,0.0,0.0,0.0,0.0037444813368847376
"=""Calanoida""",0.4811504729328091,0.3573585053617989,0.14890036743170562,0.1788279575513618,0.2840219227393097,0.09835455146600926,0.08891749857537831,0.3655909074324078
"=""Caldithrix""",0.0,0.0,0.0,0.0,0.00048684414348624665,0.0,0.00021105506426626706,0.0
"=""Calditrichaceae""",0.0,0.000793977533376463,9.585174929442462e-05,0.0,0.00014015210191270738,0.0005970609194738159,0.0008547730102783816,0.00024172656620571388
"=""Calorithrix""",0.0,0.0,0.0,0.0,0.0010400761247206178,0.00025680039547260904,0.00044321563495916083,0.00017331338709088918
"=""Candidatus_Abawacabacteria""",0.0,0.0,0.0002130038873209436,0.0,0.0,0.0,0.0,0.0
"=""Candidatus_Actinomarina""",0.001074136258877267,0.0006469446568252662,0.0016720805154694072,0.0010768989492393748,0.0016596959437031136,0.0013032620070234909,0.0020050231105295372,0.0012861677673587039
"=""Candidatus_Adlerbacteria""",0.0,0.00045090082142367036,0.0011289206028010012,0.0001254639552511893,0.0,0.0,0.0,0.0
"=""Candidatus_Altiarchaeum""",0.0,0.0,0.0,0.0,0.00020653993966083191,0.0,0.0,0.0
"=""Candidatus_Amoebophilus""",0.0,0.0,0.0,0.0,0.00010326996983041596,7.704011864178271e-05,0.0,0.0
"=""Candidatus_Aquiluna""",0.0004901398462838014,0.0,0.0011395707971670482,0.00043912384337916254,0.0,0.0,0.0,0.0
"=""Candidatus_Azambacteria""",0.0,0.0,0.0002769050535172267,0.0,0.0,0.0,0.0,0.0
"=""Candidatus_Berkiella""",0.0,0.0,0.00011715213802651899,0.0,0.0,0.0,0.0,0.00010946108658371948
"=""Candidatus_Campbellbacteria""",0.0,0.0,0.0,0.0,0.0010253232718877012,0.0006484209985683377,0.0009603005424115152,0.0005108184040573576
"=""Candidatus_Electrothrix""",0.0,0.0,0.0,0.0,0.0,0.00012840019773630452,0.0,0.0
"=""Candidatus_Endobugula""",0.0,0.0,0.0,0.0,0.0,0.00021828033615171769,0.0,0.0
"=""Candidatus_Entotheonella""",0.0,0.0,0.0,0.0,0.0003835741736558307,0.0,0.00021105506426626706,0.0
"=""Candidatus_Falkowbacteria""",0.0,0.0,0.00018105330422280206,0.0,0.0,0.00031458048445394605,0.000179396804626327,0.0
"=""Candidatus_Flaviluna""",0.0,0.0007155599992158246,0.00045795835774002874,0.0,0.0,0.0,0.0,0.0
"=""Candidatus_Fritschea""",0.0,0.0,0.0,0.0,0.0,0.00020544031637808723,0.0006437179460121146,0.0
"=""Candidatus_Hepatincola""",0.0,0.0,0.0,0.0,0.0004720912906533301,0.0,0.0,0.0
"=""Candidatus_Jidaibacter""",0.0,0.0003822854790331118,0.0,0.0,0.0001327756754962491,0.0,0.0,0.0
"=""Candidatus_Kaiserbacteria""",9.38565663096641e-05,0.0,0.0,2.091065920853155e-05,0.002013764411693111,0.0025166438756315684,0.0015618074755703764,0.0013363374320429088
"=""Candidatus_Kerfeldbacteria""",0.0,0.0,0.0,0.0,0.00011802282266333252,0.0,0.0,0.0
"=""Candidatus_Komeilibacteria""",0.0,0.0,0.0,0.0,0.0,0.0,0.0,0.00021892217316743897
"=""Candidatus_Koribacter""",0.0,0.0007253621909859044,0.0,0.0,0.0,0.0,0.0,0.0
"=""Candidatus_Latescibacter""",0.0,0.0,0.0,0.0,0.0,0.0,0.00010552753213313353,0.00012314372240668442
"=""Candidatus_Magasanikbacteria""",0.0,0.0,4.260077746418872e-05,0.0,0.0003540684679899976,6.420009886815226e-05,8.442202570650683e-05,9.577845076075455e-05
"=""Candidatus_Megaira""",0.0008134235746837555,0.0021858887647277932,0.0008520155492837744,0.00046003450258769407,0.0006417490982318706,0.00041088063275617447,9.497477891982018e-05,0.0
"=""Candidatus_Methylopumilus""",0.00068828148627087,0.0003038679448724735,0.0006816124394270196,0.00043912384337916254,0.0,0.0,0.0,0.0
"=""Candidatus_Moranbacteria""",0.0,0.0,0.0,0.0,0.0001327756754962491,4.494006920770658e-05,0.0,0.0
"=""Candidatus_Nomurabacteria""",0.00029199820629673275,0.0,0.00019170349858884923,0.0007841497203199331,0.0,0.0,0.0,2.736527164592987e-05
"=""Candidatus_Omnitrophus""",0.0,0.0,0.0012460727408275202,0.00040775785456636523,0.001253992490797908,0.0004301406624166201,0.002332158460142251,0.00014138723683730433
"=""Candidatus_Paracaedibacter""",4.171402947096182e-05,0.0,0.0,0.0,0.0,0.0,0.0,0.0
"=""Candidatus_Peregrinibacteria""",0.0008029950673160151,0.0,0.0010011182704084349,0.0005436771394218202,0.0005089734227356215,8.346012852859794e-05,0.00044321563495916083,0.00014594811544495933
"=""Candidatus_Peribacteria""",0.0,0.0,8.520155492837745e-05,0.0,3.688213208229141e-05,1.9260029660445678e-05,0.00016884405141301366,7.753493633013464e-05
"=""Candidatus_Puniceispirillum""",0.0,0.0,0.0,0.0,0.00027292777740895645,0.00016692025705719588,0.0,0.00037399204582770824
"=""Candidatus_Renichlamydia""",0.0,0.0,0.0003195058309814154,0.0,0.0,0.0,0.0,0.0
"=""Candidatus_Rhabdochlamydia""",1.0428507367740455e-05,0.0,0.0,0.0,0.0,0.0,0.0,0.0
"=""Candidatus_Roizmanbacteria""",0.0,0.0,0.0,0.0,0.0,4.494006920770658e-05,0.0001371857917730736,0.0
"=""Candidatus_Solibacter""",0.0010219937220385647,0.0,0.0,0.000554132469026086,0.0,0.0,0.0,0.0
"=""Candidatus_Staskawiczbacteria""",0.0,0.0,3.195058309814154e-05,0.0,0.0,0.0,0.0,0.0
"=""Candidatus_Tenderia""",0.0,0.0,0.0,0.0,0.0005532319812343712,0.0003017404646803156,0.0,3.648702886123983e-05
"=""Candidatus_Thiobios""",0.0006361389494321678,0.0,0.0,0.0,0.0018662358833639455,0.0007511411567573814,0.0019522593444629703,0.001272485131535739
"=""Candidatus_Thiosymbion""",0.0,0.0,0.0,0.0,0.0,0.00016050024717038065,0.0,0.0
"=""Candidatus_Udaeobacter""",0.00012514208841288545,0.0,0.0,0.0,0.0,0.0,0.0,0.0
"=""Candidatus_Uhrbacteria""",0.00010428507367740456,0.0,0.0,0.0,0.0,0.0,0.0,0.0
"=""Candidatus_Vogelbacteria""",0.0,0.0,0.0011502209915330954,0.0,0.0,0.0,0.0,0.0
"=""Candidatus_Xiphinematobacter""",0.0,0.0,0.0003621066084456041,0.0,0.0,0.0,0.0,0.0
"=""Candidatus_Zambryskibacteria""",0.0,0.0,8.520155492837745e-05,0.0002927492289194417,0.0,0.0,0.0,0.0
"=""Caproiciproducens""",0.0,0.0,0.00012780233239256616,0.0,0.0,0.0,0.0,0.0
"=""Carboxylicivirga""",0.0,0.0,0.0,0.0,0.00036144489440645584,0.0005071807810584028,0.0002532660771195205,0.0005199401612726675
"=""Catellicoccus""",0.0,0.0,0.0,0.0,0.0,1.2840019773630452e-05,0.0,0.0
"=""Catenovulum""",0.0,0.0,0.0,0.0,0.0002212927924937485,0.0,0.00030602984318608723,0.0
"=""Caulobacter""",0.0,0.0,0.001011768464774482,0.0,0.0,0.0,0.0,0.0
"=""Celeribacter""",0.0,0.0,0.0,0.0,0.0,0.0,0.0007914564909985015,0.0
"=""Cellulosilyticum""",0.00015642761051610682,0.0,0.0,0.0008259710387369961,0.0,0.0,0.0,0.0
"=""Cellvibrio""",0.00020857014735480912,0.0,0.0015655785718089355,0.0,0.0,0.0,0.0,0.0
"=""Cellvibrionaceae""",0.0,0.0,0.0,0.0,0.0005901141133166626,0.0,0.00012663303855976025,0.00025997008063633376
"=""Centrohelida""",0.0,0.0,0.0,0.0,0.0001253992490797908,0.0003017404646803156,0.0,0.00023716568759805888
"=""Cephaloticoccus""",0.0003545692505031755,0.0,0.0,0.0,0.0,0.0,0.0,0.0
"=""Cerasicoccus""",0.0,0.0,0.0,0.0,2.950570566583313e-05,0.00016692025705719588,0.00014773854498638695,5.473054329185974e-05
"=""Cerataulina""",0.0,0.0,0.0,0.0,0.001276121770047283,0.00114276175985311,0.0008231147506384416,0.0014093114897653883
"=""Cetobacterium""",0.0,0.0,0.0,0.0,0.0,0.00020544031637808723,0.0,0.0
"=""Chaetoceros""",0.04836741717158023,0.05890137034640946,0.0523031045316577,0.06535626535626536,0.018876275199716745,0.021359372893434255,0.015797471560330092,0.01573047031780202
"=""Chaetonotida""",0.00275312594508348,0.0002842635613323139,0.022972469247563767,0.009566626587903184,0.002530114260845191,0.00025680039547260904,0.004790949958844263,0.0021664173386361147
"=""Cheilostomatida""",0.0,0.0,0.0,0.0,0.0006417490982318706,0.0,0.0,0.0
"=""Chitinibacter""",0.0,0.0,0.00020235369295489643,0.0,0.0,0.0,0.0,0.0
"=""Chitinibacteraceae""",0.00027114119156125186,0.0,0.0,0.0,0.0,0.0,0.0,0.0
"=""Chitinivibrio""",0.0,0.0,0.0,0.0,0.0,0.0,0.0,0.00031013974532053854
"=""Chlorarachnion""",0.0,0.0,0.0,0.0,0.000442585584987497,0.000199020306491272,0.0,0.0
"=""Chloromorum""",0.0,0.0,0.0,0.0,0.00193262372111207,0.0050974878501312895,0.004558789388151368,0.0022485131535739046
"=""Chlorophyta""",0.0,0.0,0.0,0.0,0.0,0.00031458048445394605,0.0007386927249319348,0.0006886926697559018
"=""Choricystis""",0.005516680397534701,0.006930149581446411,0.002012886735182917,0.0,0.0,0.0,0.0,0.0
"=""Chromadorida""",0.0,0.0,0.0,0.0,0.0,0.0022020633911776226,0.004073362740338955,0.0024309482978801034
"=""Chromera""",0.0,0.0,0.0,0.0,0.0,0.0004879207513979572,0.0,0.0
"=""Chromobacterium""",0.000709138501006351,0.0,5.32509718302359e-05,0.0,0.0,0.0,0.0,0.0
"=""Chroomonas""",0.0,0.0,0.0,0.0,0.0,0.0,0.0,7.753493633013464e-05
"=""Chryseobacterium""",0.0,0.0002842635613323139,0.0,0.0,0.0,0.0,0.0,0.0
"=""Chrysocampanula""",0.0,0.0,0.0,0.0,0.0,0.0005136007909452181,0.0,0.0
"=""Chthoniobacter""",4.171402947096182e-05,0.0,0.0013099739070238032,0.0,0.0,0.0,0.0,0.0
"=""Chthonobacter""",0.0,0.0,0.0001597529154907077,0.0,0.0,0.0,0.0,0.0
"=""Citreicella""",0.0,0.0,0.0,0.0,0.0,0.0,0.0,0.0001277046010143394
"=""Clade_II""",0.0,0.0,0.0,0.0,0.0005827376869002043,0.00026322040535942424,0.001371857917730736,0.00010946108658371948
"=""Clade_III""",0.0014391340167481828,0.0025093610931404262,0.0010224186591405292,0.0009096136755711224,0.0005089734227356215,0.00031458048445394605,0.0006753762056520546,0.00048345313241142775
"=""Clade_Ia""",0.0,0.0,0.0,0.0,0.00022866921891020675,0.0004044606228693592,0.00046432114138578753,0.00011858284379902944
"=""Clade_Ib""",0.0,0.0,0.0,0.0,0.0,0.00026322040535942424,0.0,0.0002554092020286788
"=""Clostridia_vadinBB60_group""",0.0,0.0,0.0,0.0,9.589354341395767e-05,0.0,0.0,0.0
"=""Clostridiisalibacter""",0.0,0.0,0.0,0.0,0.0,0.0004301406624166201,0.00016884405141301366,0.0
"=""Clostridium_sensu_stricto_1""",0.0011367073030837096,0.0,0.00013845252675861335,7.318730722986042e-05,5.901141133166626e-05,0.0,0.0,0.00017331338709088918
"=""Clostridium_sensu_stricto_12""",0.0,0.0,0.0003727568028116513,0.0,0.0,0.0,0.0,0.0
"=""Clostridium_sensu_stricto_6""",0.0,0.0,0.0002556046647851323,0.0,0.0,0.0,0.0,0.0
"=""Cm1-21""",0.0,0.0,0.0,0.0,0.00010326996983041596,0.0,0.0006015069331588612,0.0004652096179808078
"=""Cobetia""",0.0,0.0,0.0,0.0,0.0005974905397331209,0.00030816047456713085,0.0007492454781452481,0.0004150399532966031
"=""Codosiga""",0.001783274759883618,0.0,0.00012780233239256616,0.0006168644466516807,0.0,0.0,0.0,0.0
"=""Cohaesibacter""",0.0,0.0,0.0,0.0,0.0,0.0,0.0003376881028260273,9.577845076075455e-05
"=""Conexibacter""",0.0005839964125934655,0.0,0.0,0.0,0.0,0.0,0.0,0.0
"=""Coraliomargarita""",0.0,0.0,0.0,0.0,0.0001327756754962491,0.00023754036581216336,0.0002532660771195205,6.841317911482468e-05
"=""Corallibacter""",0.0,0.0,0.0,0.0,6.638783774812455e-05,0.0,0.0,0.0
"=""Corethron""",0.0,0.0,0.0,0.0,0.0,0.00011556017796267407,0.0021316561490892973,0.00028277447367460866
"=""Corollospora""",0.0,0.0,0.0,0.0,8.114069058104111e-05,1.9260029660445678e-05,9.497477891982018e-05,0.0
"=""Corynebacterium""",0.00042756880207735866,0.0,0.0,0.0,0.0,0.0,0.0,0.0
"=""Coscinodiscophytina""",0.0,0.0,0.0,0.0,5.901141133166626e-05,6.420009886815226e-05,0.0,0.0
"=""Coscinodiscus""",0.0,0.0,0.0,0.0,0.0,0.0001476602273967502,0.0009075367763449484,0.00017787426569854418
"=""Coxiella""",0.0008447090967869769,0.0008919994510772609,0.00041535758027584,0.0,0.0004204563057381221,0.00021828033615171769,0.0002743715835461472,0.0007160579414018317
"=""Crenobacter""",0.0,0.0,0.00028755524788327385,0.0,0.0,0.0,0.0,0.0
"=""Crenothrix""",0.0006987099936386105,0.0007841753416063832,0.00020235369295489643,6.273197762559465e-05,0.0,0.0,0.0,0.0
"=""Criblamydiaceae""",0.0,0.0,0.0,0.0,0.0,0.00018618028671764155,0.0,0.0
"=""Croceicoccus""",0.0,0.0,0.0,0.0,0.0,0.0,0.0,2.736527164592987e-05
"=""Crocinitomix""",0.0,0.0,0.0003621066084456041,0.0,0.0019178708682791536,0.0008025012358519032,0.0021316561490892973,0.0009121757215309957
"=""Cryomorpha""",0.0,0.0,0.0,0.0,0.0,0.0,0.0004326628817458475,0.0
"=""Cryothecomonas""",0.0023047001282706404,0.0003136701366425533,0.0,0.0,6.638783774812455e-05,0.0,0.00011608028534644688,0.0
"=""Cryptocaryon""",0.0017207037156771752,0.0032837342429767294,0.004483731828105863,0.010350776308223116,0.0,0.000199020306491272,0.0002005023110529537,0.0
"=""Cryptomonas""",0.020054019668164894,0.018398713952439767,0.02628467969540444,0.0010978096084479064,0.0,0.0,0.0,0.0
"=""Cryptosporangium""",0.0,0.0,0.0,0.0004914004914004914,0.0,0.0,0.0,0.0
"=""Cutibacterium""",0.0011992783472901524,0.0007253621909859044,0.0,5.227664802132887e-05,0.0,0.0,0.0007703509845718748,2.2804393038274894e-05
"=""Cyanobium_PCC-6307""",0.002700983408244778,0.0027348115038522613,0.0038447201661430323,0.002958858278007214,0.00661665449556308,0.003948306080391364,0.006321099174774698,0.002777575072061882
"=""Cyclobacterium""",0.0,0.0,0.0,0.0,0.00022866921891020675,0.0001219801878494893,0.00044321563495916083,0.0
"=""Cyclopoida""",0.0,0.0,0.0,0.0,0.0006196198189824957,0.0063237097385129976,0.011745214326417763,0.00011858284379902944
"=""Cyclotella""",0.0,0.0,0.0,0.0,0.01270958271555762,0.01925360965055886,0.011618581287858002,0.013276717626883643
"=""Cytophaga""",0.0,0.0,0.00046860855210607594,0.0,0.0,0.0,0.0,0.0
"=""D2P04A09""",0.0,0.0,0.0,0.0,0.0024415971438476913,0.0011877018290608167,0.0018783900719697769,0.0011493414091290545
"=""DBS1""",0.0,0.0,0.0,0.0,0.0,0.0,0.0,5.0169664684204765e-05
"=""DEV007""",0.0005839964125934655,0.0,0.0,0.0,0.004234068763047054,0.002279103509819405,0.006679892784027352,0.0017422556281242018
"=""DEV008""",0.00014599910314836638,0.0008233841086867024,0.0002769050535172267,0.0,0.0,0.00010272015818904362,0.0,0.0
"=""DEV114""",0.0,0.0002548569860220745,0.0,0.0,0.0,0.0,0.0,0.0
"=""Dadabacteriales""",0.0,0.0,0.0,0.0,6.638783774812455e-05,0.0,0.0005909541799455478,0.0
"=""Deferrisoma""",0.0,0.0,0.0,0.0,0.00016228138116208222,0.0,0.0,0.0001322654796219944
"=""Defluviicoccus""",0.0,0.0,0.0,0.0,0.0,0.0003210004943407613,0.0,0.00011402196519137447
"=""Defluviitaleaceae_UCG-011""",0.0,0.0,0.0,0.0,0.00014015210191270738,0.00016050024717038065,0.0001582912981997003,0.0
"=""Dendrochytridium""",8.342805894192364e-05,0.0,0.0,0.0,0.0,0.0,0.0,0.0
"=""Desulfatiferula""",0.0,0.0,0.0,0.0,5.901141133166626e-05,0.0,0.0,4.560878607654979e-05
"=""Desulfatiglans""",0.0,0.0003038679448724735,0.002406943926726663,0.0,0.0012613689172143664,0.0007575611666441966,0.00021105506426626706,0.00018699602291385412
"=""Desulfatitalea""",0.0,0.0,0.0,0.0,0.0,0.0,0.000896984023131635,5.929142189951472e-05
"=""Desulfobacca""",0.0006152819346966869,0.0,0.0,0.0,0.0,0.0,0.0003904518688925941,0.0
"=""Desulfobacter""",0.0,0.0,0.0,0.0,4.42585584987497e-05,0.0,0.0002532660771195205,0.0
"=""Desulfoluna""",0.0,0.0,0.0,0.0,6.638783774812455e-05,0.0,0.0,0.0
"=""Desulfomonile""",0.0008655661115224578,0.00042149424611343097,0.0,0.0,5.163498491520798e-05,0.0,6.331651927988012e-05,0.0
"=""Desulfosarcina""",0.0,0.0,0.0,0.0,0.000966311860556035,0.0011299217400794798,0.0011291445938245287,0.00044696610355018793
"=""Desulfovibrio""",0.0,0.0,0.0,0.0,7.376426416458282e-05,0.00021828033615171769,8.442202570650683e-05,0.0
"=""Desulfovirga""",0.0,0.0,0.00012780233239256616,0.0,0.0,0.0,0.0,0.0
"=""Developayella""",0.0,0.0,0.0,0.0,0.0,0.0006355809787947073,0.0009075367763449484,0.0
"=""Diaphanoeca""",0.0,0.0,0.0,0.0,0.002013764411693111,0.0005906409095870008,0.0,0.0
"=""Didymoeca""",0.0,0.0,0.0,0.0,0.0005311027019849964,0.0005328608206056637,0.0009497477891982018,0.0
"=""Dinghuibacter""",0.0005422823831225037,0.0015977572585230057,0.0009052665211140103,5.227664802132887e-05,0.0,0.0,0.0,0.0
"=""Diplonemea""",0.0,0.0,0.0,0.0,0.0,1.2840019773630452e-05,0.0,0.0
"=""Diplosphaera""",0.0,0.0,0.0,0.0,0.0,0.0,2.1105506426626707e-05,0.0
"=""Dokdonia""",0.0,0.0,0.0,0.0,0.0,0.00021828033615171769,0.000179396804626327,0.00010033932936840953
"=""Draconibacterium""",0.0,0.0,0.0,0.0,0.0005089734227356215,5.136007909452181e-05,0.0003904518688925941,0.0001915569015215091
"=""Duboscquella""",0.0,0.0,0.0,0.0,0.0,0.0009437414533618382,0.00342964479432684,0.0
"=""Dyadobacter""",0.0,0.0003626810954929522,0.0,0.0,0.0,0.0,0.0,0.0
"=""EC3""",0.0,0.0,0.0,0.0,0.0,0.0,7.386927249319348e-05,3.648702886123983e-05
"=""EF100-94H03""",0.000114713581045145,0.0,0.0,0.0,0.0,0.0,0.0,0.0
"=""EPR3968-O8a-Bc78""",1.0428507367740455e-05,0.00021564821894175538,0.0,0.0008155157091327305,0.001150722520967492,0.000199020306491272,0.0008442202570650683,0.0005792315831721822
"=""EV818SWSAP88""",0.0,0.0,0.0,0.0,0.0002581749245760399,6.420009886815226e-05,0.000896984023131635,0.00012314372240668442
"=""Ebria""",0.0062049618838055706,0.0009410104099276598,0.002705149368975984,0.015411155836687751,0.0,0.0,0.0,0.0
"=""Echinicola""",0.0,0.0,0.0,0.0,0.0002507984981595816,0.0,0.0,0.0
"=""Edaphobaculum""",0.00016685611788384727,0.0010880432864788566,4.260077746418872e-05,0.0,0.00014015210191270738,0.0,0.0,0.0
"=""Eel-36e1D6""",0.0,0.0,0.0,0.0,0.0,0.0001476602273967502,0.0,5.0169664684204765e-05
"=""Eionea""",0.0,0.0,0.0,0.0,0.0003835741736558307,0.0,0.0002954770899727739,0.0
"=""Ekhidna""",0.0,0.0,0.0,0.0,0.001541673121039781,0.0007575611666441966,0.001403516177370676,0.0005746707045645273
"=""Ellin516""",5.214253683870228e-05,0.0,0.0006709622450609724,0.0,0.0,0.0,0.0,0.0
"=""Ellin6067""",0.0,0.0,0.0007348634112572555,0.0010978096084479064,0.0,0.0,0.0,0.0
"=""Emiliania""",0.0,0.0,0.0,0.0,0.0,0.0,0.0,0.0032473455686503447
"=""Emticicia""",7.299955157418319e-05,0.00034307671195279267,0.0,0.0,0.0,0.0,0.0,0.0
"=""Endothiovibrio""",0.0,0.0,0.0,0.0,0.0,0.0,0.0,9.577845076075455e-05
"=""Endozoicomonas""",0.0,0.0,0.0,0.0,0.0005089734227356215,0.0008474413050596098,0.0008336675038517549,0.0004424052249425329
"=""Enhydrobacter""",0.0,0.0,0.0006070610788646893,2.091065920853155e-05,0.0,0.0,0.000179396804626327,0.0
"=""Enterovibrio""",0.0,0.0,0.0,0.0,0.0,0.0,9.497477891982018e-05,8.665669354544459e-05
"=""Entotheonellaceae""",0.00010428507367740456,0.0,0.0,0.0,0.0,0.0,0.0,0.0
"=""Epulopiscium""",0.0,0.0,0.0,0.0,0.0,0.00010914016807585884,0.00023216057069289377,0.0
"=""Ercella""",0.0,0.00042149424611343097,0.0,0.0,0.0,0.0,0.0,0.0
"=""Erythrobacter""",0.0,0.0,0.0,0.0,4.42585584987497e-05,0.0,0.0003376881028260273,0.0002645309592439888
"=""Escherichia-Shigella""",0.0,0.00033327452018271287,0.0,0.0,0.0,0.0,0.0,0.0
"=""Eugregarinorida""",0.0,0.0,0.0,0.0,0.0,0.0,0.0,1.3682635822964935e-05
"=""Eunicida""",0.0,0.0,0.0,0.0,0.0006417490982318706,0.00031458048445394605,0.0001582912981997003,0.0
"=""Eunotogramma""",0.0,0.0,0.0,0.0,0.0034374147100695598,0.002895424458953667,0.0050864270488170365,0.002773014193454227
"=""Euplotes""",0.0,0.0,0.0,0.0,0.00036144489440645584,3.210004943407613e-05,0.0,0.0016692815704017223
"=""Eutintinnus""",0.0,0.0,0.0,0.0,0.0001253992490797908,0.0,0.0004959794010257276,0.0
"=""Exiguobacterium""",0.0,0.0,0.0,0.0,2.950570566583313e-05,0.0,0.0,0.0
"=""FCPU426""",0.0,0.0,0.00029820544224932105,0.0,0.0,0.0,0.0,0.0
"=""FV23-1A4""",0.00040671178734187776,0.0,0.0,0.0,0.0,0.0,0.0,0.0
"=""FW22""",0.0,0.0006469446568252662,0.0,0.0,0.0,0.0,0.0,0.0
"=""Fabibacter""",0.0,0.0,0.0,0.0,0.0,0.00016692025705719588,0.0004748738945991009,0.0001687525084832342
"=""Falcula""",0.0,0.0,0.0,0.0,0.0,9.630014830222839e-05,0.0,0.0
"=""Ferrimonas""",0.0,0.0,0.0,0.0,0.0005606084076508295,0.0005842208997001855,0.0,0.0008756886926697559
"=""Ferritrophicum""",0.0,0.0,0.0007029128281591139,0.0,0.0,0.0,0.0,0.0
"=""Ferruginibacter""",0.0,0.0,0.0003408062197135098,0.0,0.0,0.0,0.0,0.0
"=""Filomicrobium""",0.0,0.0,0.0,0.0005959537874431492,0.0006638783774812454,0.0012198018784948929,0.0016462295012768832,0.000656766519502317
"=""Fimbriiglobus""",0.00013557059578062593,0.0,0.0,0.0,0.0,0.0,0.0,0.0
"=""Fimbriimonadaceae""",0.00017728462525158775,0.0002842635613323139,0.0,0.0015787547702441319,0.0,0.0,0.0,3.192615025358485e-05
"=""Finegoldia""",0.0,0.0,0.0,0.0,0.0,0.0,0.000179396804626327,0.0
"=""Flammeovirga""",0.0,0.0,0.0,0.0,0.0,0.0,0.0,0.0001277046010143394
"=""Flavobacteriales""",0.0,0.0,0.0,0.0,0.0002507984981595816,0.0,0.0,0.0
"=""Flavobacterium""",0.00019814163998706864,0.0,0.00013845252675861335,0.00019865126248104972,0.0001770342339949988,0.0,0.0,0.00010490020797606451
"=""Flexithrix""",0.0,0.0,0.0,0.0,0.000442585584987497,0.00018618028671764155,0.0,0.00022804393038274894
"=""Fluviicola""",0.0018041317746190987,0.0028622399968632984,0.004164225997124448,0.001526478122222803,0.0010253232718877012,0.0005200208008320333,0.001582912981997003,0.00024628744481336885
"=""Formivibrio""",0.0,0.0,0.0,0.0005750431282346176,0.0,0.0,0.0,0.0
"=""Formosa""",0.0,0.0,0.0,0.0,0.0004573384378204135,0.0001733402669440111,0.0007070344652919947,5.473054329185974e-05
"=""Francisella""",0.0,0.0,0.0,0.0,0.00019178708682791534,0.0,2.1105506426626707e-05,9.121757215309957e-05
"=""Frankiales""",0.0,0.0,0.0,0.0007214177426943385,0.0,0.0,0.0,0.0
"=""FukuN57""",0.0007299955157418318,0.0,0.0005964108844986421,0.0,0.0,0.0,0.0,0.0
"=""Fulvibacter""",0.0,0.0,0.0,0.0,0.00019916351324437363,0.0,0.0,0.0
"=""Fulvivirga""",0.0,0.0,0.0,0.0,8.114069058104111e-05,0.00028890044490668514,0.0004115573753192208,0.0002508483234210238
"=""Fusibacter""",0.0,0.0,0.0,0.0,0.0007745247737281197,0.0004750807316243267,0.0007492454781452481,6.38523005071697e-05
"=""GIF3""",4.171402947096182e-05,0.0,0.0,0.0,0.0,0.0,0.0,0.0
"=""GKS98_freshwater_group""",0.0,0.0,0.0009691676873102934,0.0,0.0,0.0,0.0,0.0
"=""GOUTA6""",0.0,0.0,0.0,7.318730722986042e-05,0.0,0.0,0.0,0.0
"=""GW2011_GWC1_47_15""",0.0,0.0,0.0,8.36426368341262e-05,0.0,0.0,0.0,0.0
"=""GWA2-38-13b""",0.0,0.0,0.0,0.0,0.0,0.0,0.0,6.841317911482468e-05
"=""GWE2-31-10""",0.0,0.0,0.0,0.0,0.0,0.0,0.0004748738945991009,0.0
"=""Ga0077536""",0.00091770864836116,0.0,0.0013419244901219447,0.0016101207590569293,0.0007597719208952031,0.0,0.0003165825963994006,0.00011402196519137447
"=""Gaiella""",0.00014599910314836638,0.0,0.0004366579690079344,0.00021956192168958127,0.0,0.0,0.0,0.0
"=""Gallaecimonas""",0.0,0.0,0.0,0.0,0.0001327756754962491,0.0,0.0,0.00017331338709088918
"=""Gayadomonas""",0.0,0.0,0.0,0.0,0.0005606084076508295,0.0,0.0004959794010257276,0.0002326048089904039
"=""Geminigera""",0.01761374894411363,0.03320982571703033,0.012812183822354759,0.013581473155941241,0.0,0.0,0.0,0.0
"=""Geminobacterium""",0.0,0.0,0.0,0.0,0.0002507984981595816,0.0,0.00024271332390620712,0.0
"=""Gemmata""",0.0,0.000186241643631516,0.0,0.0,0.0,0.0,0.0,0.0
"=""Geobacter""",0.0,0.0,6.390116619628308e-05,0.0,0.0,0.0,0.0,0.0
"=""Geothermobacter""",0.0,0.0,0.0,0.0,0.00015490495474562393,0.00013482020762311975,0.0,0.0
"=""Geothrix""",0.0,0.0,0.00014910272112466052,0.0,0.0,0.0,0.0,0.0
"=""Gilvibacter""",0.0,0.0,0.0,0.0,0.00024342207174312333,6.420009886815226e-06,0.0,2.736527164592987e-05
"=""Gilvimarinus""",0.0,0.0,0.0,0.0,0.00032456276232416443,0.00020544031637808723,0.0,0.0002782135950669537
"=""Glaciecola""",0.0,0.0,0.0,0.0,0.0004573384378204135,0.0,0.0002954770899727739,0.0
"=""Goniomonas""",0.0,0.0,0.0,0.0,0.0006933840831470785,0.0009630014830222839,0.0,0.0
"=""Gonyaulax""",0.0,0.0,0.0,0.0,3.688213208229141e-05,0.0012454819180421537,0.0,0.0
"=""Gracilibacteria""",0.00029199820629673275,0.0,0.0,0.0,0.000626996245398954,0.00015408023728356542,0.0003482408560393407,8.665669354544459e-05
"=""Gramella""",0.0,0.0,0.0,0.0,0.00014752852832916564,7.704011864178271e-05,3.165825963994006e-05,0.00020523953734447403
"=""Granulosicoccus""",0.0,0.0,0.0,0.0,0.0005532319812343712,0.0007575611666441966,0.00030602984318608723,0.00023716568759805888
"=""Grimontia""",0.0,0.0,0.0,0.0,0.0,0.00034026052400120695,0.0,0.0
"=""Guinardia""",0.0,0.0,0.0,0.0,0.006247833174740165,0.01066363642200009,0.00701758088685338,0.0029372058233298063
"=""H15-6""",0.0,0.0,0.0,0.0,0.0,0.0,0.0,1.3682635822964935e-05
"=""HIMB11""",0.0,0.0,0.0,0.0,0.04228905264555533,0.023458716126422835,0.0415672949072413,0.01765516109023242
"=""HOC36""",0.0,0.0,0.0,0.0,0.0005532319812343712,0.0009886815225695449,0.0015090437095038095,0.0009121757215309957
"=""Haematospirillum""",0.0,0.0,0.0,0.0,0.0002581749245760399,0.0,0.0,0.0
"=""Hahella""",0.0,0.0,0.0,0.0,0.00039832702648874725,0.0,0.0,0.0
"=""Halarcobacter""",0.0,0.0,0.0,0.0,0.0002212927924937485,0.0,0.0004115573753192208,0.00010946108658371948
"=""Haliangium""",0.0,0.00022545041071183518,0.00019170349858884923,0.0,0.0002950570566583313,0.0003531005437748374,0.0002532660771195205,0.0003192615025358485
"=""Halobacillus""",0.0,0.0,0.0,0.0,0.0001327756754962491,9.630014830222839e-05,0.000179396804626327,0.0
"=""Halobacteriovorax""",0.0,0.0,0.0,0.0,0.0,1.2840019773630452e-05,0.0,0.00014138723683730433
"=""Halodesulfovibrio""",0.0,0.0,0.0,0.0,4.42585584987497e-05,0.00021828033615171769,0.0,0.00020523953734447403
"=""Haloferula""",0.0,0.0,0.0,0.0,0.0,0.0,0.0003165825963994006,0.0
"=""Halogranum""",0.0,0.0,0.0,0.0,0.0,0.0,0.0,0.0001277046010143394
"=""Halomonas""",0.0,0.0,0.0,0.0,0.0,0.00018618028671764155,0.000358793609252654,4.104790746889481e-05
"=""Haloplasma""",0.0,0.0,0.0,0.0,0.00041307987932166383,5.7780088981337034e-05,0.0003165825963994006,0.00012314372240668442
"=""Hannaella""",0.00017728462525158775,0.0,0.0,0.0,0.0,0.0,0.0,0.0
"=""Haplosporidium""",0.0,0.0,0.003674317056286277,0.0,0.0,0.0,0.0,0.0
"=""Haplozoon""",0.0,0.0,0.0,0.0,0.0001253992490797908,0.0,0.0003482408560393407,0.0
"=""Hartaetosiga""",0.00042756880207735866,0.0,0.0038127695830448907,0.0,0.0006417490982318706,0.0013803021256652735,0.0002849243367594605,0.0
"=""Heimdallarchaeia""",0.0,0.0,0.0,0.0,0.0,0.0,0.00021105506426626706,0.0
"=""Hemiselmis""",0.0,0.0003136701366425533,0.0014377762394163693,0.0,0.0008704183171420773,0.0007639811765310119,0.0,0.0
"=""Henriciella""",0.0,0.0,0.0,0.0,0.00010326996983041596,0.0,0.00010552753213313353,0.0
"=""Heterobranchia""",0.0,0.0,0.0,0.0,0.0,0.0008667013347200555,0.005371351385576497,0.0
"=""Heterosigma""",0.0,0.0,0.0,0.0,0.0,0.0,0.0007492454781452481,0.0
"=""Hoeflea""",0.0,0.0,0.0,0.0,0.0,0.0,0.0,0.00020980041595212903
"=""Holosporaceae""",0.0,0.0,0.0,0.0,0.0003688213208229141,0.0,0.0004326628817458475,0.0001277046010143394
"=""Hoppeia""",0.0,0.0,0.0,0.0,0.0,0.0,0.0,3.648702886123983e-05
"=""Hyalophysa""",0.0,0.0,0.0,0.0,0.0,0.0011299217400794798,0.0003693463624659674,0.0
"=""Hydrogenedensaceae""",0.0,0.0,0.0,0.000324115217732239,0.0007671483473116614,0.00013482020762311975,0.0002849243367594605,0.00015506987266026927
"=""Hyphochytriales""",0.0003232837283999541,0.0,0.0,0.0,0.0,0.0,0.0,0.0
"=""Hyphomicrobium""",0.00019814163998706864,0.0,0.0,0.0,0.0,0.0,0.0,0.0
"=""Hyphomonas""",0.0,0.0,0.0,0.0,0.00010326996983041596,0.0003787805833220983,0.0,0.0001961177801291641
"=""Hypnocyclicus""",0.0,0.0,0.0,0.0,0.0,3.8520059320891356e-05,0.0,0.0
"=""IMCC26207""",0.0,0.000372483287263032,0.0,0.0,0.0004720912906533301,0.0002696404152462395,0.0002638188303328338,0.0
"=""IMCC26256""",0.0012618493914965951,0.00140171342312141,0.0013951754619521805,0.0032306968477181243,0.0,0.0,7.386927249319348e-05,0.0
"=""IN2411""",0.0,0.0,0.0035145641407955696,0.0,0.0,0.00015408023728356542,0.0006331651927988012,0.0
"=""IS-44""",0.0,0.0,0.00014910272112466052,0.0,0.0,0.0,0.0003904518688925941,0.00017331338709088918
"=""Iamia""",0.0,0.0,0.0003408062197135098,0.0,0.0,0.0,0.0,0.0
"=""Ignavibacterium""",0.0,0.0,0.0011076202140689068,5.227664802132887e-05,0.0,0.0,0.0,0.0
"=""IheB3-7""",0.0,0.0,0.0,0.0,0.0005384791284014546,0.0006612610183419683,0.00044321563495916083,0.00014594811544495933
"=""Ilumatobacter""",0.0,0.0,0.0009052665211140103,0.0,0.0020506465437754025,0.000937321443475023,0.0035773833393132268,0.0013363374320429088
"=""Incertae_Sedis""",0.0,0.0,0.0,0.0,0.0001696578075785405,0.0,0.0,0.0005792315831721822
"=""Inhella""",0.0,0.0,0.0,0.0011814522452820325,0.0,0.0,0.0,0.0
"=""Izemoplasmatales""",0.0,0.0,0.0,0.0,0.0004204563057381221,0.0007704011864178271,0.0011819083598910956,0.0001687525084832342
"=""Izimaplasma""",0.0,0.0,0.0,0.0,0.00040570345290520557,0.0,0.0002954770899727739,0.0
"=""JG30-KF-CM45""",0.0,0.0,0.0006816124394270196,0.0,0.0,0.000539280830492479,0.0,3.648702886123983e-05
"=""JG30-KF-CM66""",0.0007821380525805341,0.0,0.0007135630225251611,0.0,0.0,0.0,0.0,0.0
"=""JG36-GS-52""",0.0,0.0,0.00047925874647212314,0.00021956192168958127,0.0,0.0,0.0,0.0
"=""JGI_0000069-P22""",0.0,0.0,0.0,0.0,0.0,7.704011864178271e-05,4.2211012853253414e-05,8.209581493778962e-05
"=""Jakobida""",0.0,0.0018428120527750004,0.0,0.0,0.0,0.0,0.0,0.0
"=""Jatrophihabitans""",3.1285522103221364e-05,0.0,0.0,0.0,0.0,0.0,0.0,0.0
"=""KD3-10""",0.0,0.0,0.00046860855210607594,0.0,0.0,0.0,0.0,0.0
"=""KD3-93""",0.00022942716209029,0.0,0.0,0.0,0.0,0.0,0.0,0.0
"=""KD4-96""",0.0013557059578062592,0.0003038679448724735,0.0028010011182704082,0.0013382821893460192,0.0003319391887406227,0.0009822615126827295,0.0017412042801967034,0.0008209581493778961
"=""KF-JG30-B3""",0.0010949932736127477,0.0003920876708031916,0.0017359816816656904,5.227664802132887e-05,0.0006343726718154123,0.00034026052400120695,3.165825963994006e-05,5.929142189951472e-05
"=""KF-JG30-C25""",7.299955157418319e-05,0.0,0.0,0.0,0.0,0.0,0.0,0.0
"=""KI89A_clade""",0.00020857014735480912,0.0002940657531023937,5.32509718302359e-05,0.0001672852736682524,0.002744030626922481,0.0016178424914774369,0.0043688398303117285,0.0011082935016601598
"=""Kapabacteriales""",0.0,0.0,0.0,5.227664802132887e-05,0.0,0.0,0.00014773854498638695,8.665669354544459e-05
"=""Katablepharis""",0.008280234849985921,0.03031817914485679,0.006485968368922733,0.03192012128182341,0.0,0.0,0.0,0.0
"=""Kiloniella""",0.0,0.0,0.0,0.0,0.0,0.0,0.0,0.0003238223811435035
"=""Kistimonas""",0.0,0.0,0.0,0.0,0.0,0.0003787805833220983,0.0,0.0
"=""Kordia""",0.0,0.0,0.0,0.0,0.0,0.0,0.0001371857917730736,0.0
"=""Kordiimonas""",0.0,0.0,0.0,0.0,0.00024342207174312333,0.0,0.0,0.0
"=""LCP-89""",0.0,0.0,0.0,0.0,0.00020653993966083191,5.7780088981337034e-05,7.386927249319348e-05,0.0
"=""LD1-PA32""",0.0,0.0,0.0,0.0,0.0,0.0,2.1105506426626707e-05,0.0
"=""LKM11""",0.0023985566945803048,0.001636966025603325,0.0,0.0,0.0,0.0,0.0,0.0
"=""LKM15""",0.0,0.0,0.0,0.013320089915834596,0.0,0.0,0.0,0.0
"=""LWQ8""",0.0,0.0,0.00014910272112466052,0.0,0.0,0.0,0.00011608028534644688,3.648702886123983e-05
"=""Labilibacter""",0.0,0.0,0.0,0.0,0.0001770342339949988,0.0,0.0,0.0
"=""Labrenzia""",0.0,0.0,0.0,0.0,0.00024342207174312333,0.00010914016807585884,0.0,0.0
"=""Labyrinthula""",0.0,0.0,0.0,0.0,0.006255209601156624,0.0017783427386478174,0.00010552753213313353,0.00010946108658371948
"=""Labyrinthuloides""",0.0,0.0,0.0002556046647851323,0.0,0.0005237262755685381,0.00020544031637808723,0.0007809037377851882,0.0028961579158609113
"=""Labyrinthulomycetes""",0.0,0.0,0.0,0.0,0.00036144489440645584,0.0,0.0,0.0
"=""Lacihabitans""",0.00010428507367740456,0.0,0.0,0.0,0.0,0.0,0.0,0.0
"=""Lacunisphaera""",0.0,0.0,0.000532509718302359,0.0,0.0,0.0,0.0,0.0
"=""Lagenoeca""",0.0,0.0,0.0,0.0,0.0,0.0,0.0009391950359848884,0.0
"=""Lankesteria""",0.0,0.0,0.0,0.0,0.0,0.0,0.001435174437010616,0.0
"=""Latescibacteraceae""",0.0,0.0,6.390116619628308e-05,0.0005018558210047572,0.0008409126114762442,0.00034026052400120695,0.0005170849074523544,7.753493633013464e-05
"=""Latescibacterota""",0.0,0.0,3.195058309814154e-05,0.0011396309268649695,0.003710342487478516,0.001418822184986165,0.002173867161942551,0.002617944320793958
"=""Lautropia""",0.00038585477260639686,0.0,0.0,0.0,0.0,0.0,0.0,0.0
"=""Leeuwenhoekiella""",0.0,0.0,0.0,0.0,0.00032456276232416443,0.0,0.0,0.000214361294559784
"=""Legionella""",0.00021899865472254957,0.0,0.0015868789605410299,0.0005645877986303518,0.0,0.00011556017796267407,0.0001582912981997003,0.0
"=""Lenti-02""",0.0,0.0,0.0,0.0,0.00030980990949124786,0.000199020306491272,0.000179396804626327,9.577845076075455e-05
"=""Lentimicrobiaceae""",0.0,0.00044109862965359056,0.0,0.0001254639552511893,5.163498491520798e-05,4.494006920770658e-05,0.0006964817120786814,0.0002326048089904039
"=""Lentimonas""",0.0,0.0,0.0,0.0,0.0015195438417904062,0.0006805210480024139,0.0013507524113041092,0.0002508483234210238
"=""Lentisphaera""",0.0,0.0,0.0,0.0,0.0007966540529774945,0.00025680039547260904,0.001013064308478082,0.0003283832597511585
"=""Lepidodinium""",0.0,0.0,0.0,0.0,0.0005901141133166626,0.0,9.497477891982018e-05,0.0
"=""Leptocylindrus""",0.00038585477260639686,0.0,0.0,0.014156516284175859,0.0007450190680622866,0.0,0.0006648234524387412,0.0
"=""Leptolyngbya_PCC-6306""",0.0002502841768257709,0.0,0.0003408062197135098,0.0,0.0,0.0,0.0,0.0
"=""Leptothecata""",0.0,0.0,0.0,0.0,0.08032928367523069,0.002754184241443732,0.0,0.0985788302258547
"=""Leucocryptos""",0.0,0.0,0.0,0.0,0.00167444879653603,0.001251901927928969,0.002690952069394905,0.0001322654796219944
"=""Lewinella""",0.0,0.0,0.0,0.0,0.0010769582568029093,0.0005906409095870008,0.0010025115552647686,0.0009076148429233408
"=""LiUU-11-161""",0.00045885432418058,0.0,0.0007242132168912083,0.0,0.0,0.0,0.0,0.0
"=""Licmosphenia""",0.0,0.0,0.0,0.0,0.0,8.988013841541316e-05,0.0008864312699183217,0.0
"=""Limibaculum""",0.0,0.0,0.0,0.0,0.0005901141133166626,5.7780088981337034e-05,0.0009814060488381419,0.00035574853139708836
"=""Limimaricola""",0.0,0.0,0.0,0.0,0.0,0.0,0.0,0.0003192615025358485
"=""Limnobacter""",0.00038585477260639686,0.0,0.0,0.0,8.85171169974994e-05,2.5680039547260904e-05,0.0004221101285325341,0.0
"=""Limnohabitans""",0.00013557059578062593,0.0,0.00013845252675861335,0.0,0.0,0.0,0.0,0.0
"=""Lineage_IIa""",9.38565663096641e-05,0.0,0.0,0.0,0.0,0.0,0.0,0.0
"=""Lineage_IIb""",0.0,0.0,0.0,0.0,0.00011064639624687424,0.0,0.0,0.0003238223811435035
"=""Lishizhenia""",0.0,0.0,0.0,0.0,8.85171169974994e-05,0.0,0.00018994955783964036,0.0
"=""Litoricola""",0.0,0.0,0.0009052665211140103,0.0,0.0004720912906533301,0.0009565814731354686,0.0013401996580907959,0.0011447805305213996
"=""Litorisediminicola""",0.0,0.0,0.0,4.18213184170631e-05,0.0,0.0,0.0,0.0
"=""Litorivivens""",0.0,0.0,0.0,0.0,0.0004720912906533301,0.0,0.0,0.0
"=""Longivirga""",0.0,0.0,0.0009159167154800575,0.0,0.0,0.0,0.0,0.0
"=""Luminiphilus""",0.0,0.0,0.0,0.0,0.0003761977472393724,0.0005457008403792941,0.0006542706992254279,0.00030557886671288357
"=""Lutaonella""",0.0,0.0,0.0,0.0,0.0,0.0,0.0,0.00029645710949757363
"=""Luteibaculum""",0.0,0.0,0.0,0.0,0.00024342207174312333,0.0003274205042275765,0.0,0.0
"=""Luteivirga""",0.0,0.0,0.0,0.0,0.0,0.0,0.0,0.0002326048089904039
"=""Luteolibacter""",0.0,0.0,0.00019170349858884923,0.0008991583459668566,0.00010326996983041596,0.0,0.0,0.0
"=""Lutibacter""",0.0,0.0,0.0,0.0,0.0001327756754962491,0.0,0.0,0.0
"=""MAST-11""",0.0,0.0,0.0,0.0,0.0,0.0,0.0002743715835461472,0.0
"=""MAST-12A""",0.0,0.0001960438354015958,0.0,0.0015160227926185373,0.003761977472393724,0.003646565615711048,0.004041704480699015,0.0011356587733060896
"=""MAST-12C""",0.0,0.0,0.0,0.0031575095404882637,0.0,0.0,0.0,0.0
"=""MAST-12D""",0.0,0.0,0.0,0.0,0.0009736882869724933,0.005296508156622561,0.0020155758637428506,0.0014047506111577333
"=""MAST-1C""",0.0,0.0,0.0,0.0,0.0,0.0,0.0,0.00010490020797606451
"=""MAST-2""",0.0,0.0,0.0,0.0,0.001224486785132075,0.0,0.0,0.00035574853139708836
"=""MAST-3E""",0.0,0.0,0.0,0.0,0.0,0.0,0.0,0.0009441018717845805
"=""MAST-3J""",0.00014599910314836638,0.0,0.0035997656957239468,0.0,0.0003688213208229141,0.0012968419971366755,0.0013824106709440494,0.0014457985186266283
"=""MAST-4""",0.0,0.0,0.0,0.0,0.0002950570566583313,0.0005007607711715876,0.0014246216837973027,0.0009486627503922355
"=""MAST-7""",0.0,0.0,0.0,0.0,0.0,0.0006420009886815226,0.0,0.0
"=""MAST-7D""",0.0,0.0,0.0,0.0,0.0,2.5680039547260904e-05,0.0,0.0
"=""MAST-8""",0.0,0.0,0.0,0.0,0.0,0.0,5.2763766066566766e-05,0.0
"=""MAT-CR-H6-H10""",0.0,0.0,0.0,0.0,0.0002655513509924982,0.0,0.0,0.0
"=""MB-A2-108""",0.00042756880207735866,0.0011958673959497344,0.0010011182704084349,0.0005227664802132888,0.0,0.0,0.0,0.0
"=""MB11C04_marine_group""",0.0,0.0,0.0,0.0,0.0015785552531220725,0.00018618028671764155,0.0012768831388109158,0.0005746707045645273
"=""MBAE14""",0.0,0.0,0.0,0.0,0.00036144489440645584,0.0,0.0,0.0
"=""MBNT15""",0.00012514208841288545,0.001440922190201729,0.0010969700197028596,0.001066443619635109,0.0,0.0,0.0,7.753493633013464e-05
"=""MD2894-B20""",0.0,0.0,0.0,0.0,0.000287680630241873,0.0,0.0,0.0
"=""MD3-55""",0.0,0.0,0.0,0.0,0.0,0.00012840019773630452,0.0001582912981997003,0.0
"=""MM1""",0.0,0.0,0.0,0.0002822938993151759,0.0,0.0,0.0,0.0
"=""MND1""",0.0,0.001676174792683644,0.0003408062197135098,0.0006900517538815411,0.00011802282266333252,0.0,0.0,0.0
"=""MN_122.2a""",0.0,0.0,0.0,0.0005332218098175545,0.0,0.0,0.0,0.0
"=""MSB-3C8""",0.0,0.0,0.0010224186591405292,0.0,0.000390950600072289,0.0,0.0,0.0001687525084832342
"=""MSBL3""",0.0,0.0,0.0,0.0,0.00020653993966083191,0.00010272015818904362,0.0,0.0
"=""MSBL5""",4.171402947096182e-05,0.0,0.0,0.0,0.0,0.0,0.0,0.00029645710949757363
"=""MSBL7""",0.0,0.0,0.0,0.0,0.0004794677170697884,0.0003274205042275765,0.0013613051645174226,0.00015963075126792424
"=""MSBL8""",0.0,0.0,0.0,0.0,0.0,3.8520059320891356e-05,3.165825963994006e-05,0.0
"=""MWH-UniP1_aquatic_group""",0.0010949932736127477,0.0022643062988884316,0.0026731987858778423,0.001348737518950285,0.0005679848340672878,0.0008859613643805011,0.0006648234524387412,0.0005290619184879776
"=""Macrodasyida""",0.0,0.0,0.0,0.0,0.0003835741736558307,0.0,0.0,0.0
"=""Magnetococcus""",0.0,0.0,0.0,0.0,0.0,0.0,9.497477891982018e-05,0.0
"=""Magnetospira""",0.0,0.0,0.0,0.0,0.0,0.0,0.0,2.2804393038274894e-05
"=""Magnetospirillum""",0.0,0.0,0.0,8.36426368341262e-05,0.0,0.0,0.0,0.0
"=""Magnetovibrio""",0.0,0.0,0.0,0.0,0.0002950570566583313,0.0,0.0,0.0
"=""Malaciobacter""",0.0,0.0,0.0,0.0,0.000390950600072289,0.0,0.0,0.00030557886671288357
"=""Malonomonas""",0.0,0.0,0.0,0.0,0.00028030420382541476,0.0003274205042275765,0.0005804014267322344,0.0
"=""Margulisbacteria""",0.00015642761051610682,0.0008037797251465428,8.520155492837745e-05,3.1365988812797324e-05,0.00043520915857103866,0.0002439603756989786,0.0006437179460121146,0.00017331338709088918
"=""Maricaulis""",0.0,0.0,0.0,0.0,0.0003319391887406227,0.0,0.0003165825963994006,0.0
"=""Marine_Benthic_Group_D_and_DHVEG-1""",0.0,0.0,0.0,0.0,0.00011064639624687424,0.0,4.2211012853253414e-05,0.0
"=""Marine_Group_II""",0.0,0.0,0.0,0.0,0.0005974905397331209,0.00010272015818904362,0.0010341698149047087,8.665669354544459e-05
"=""Marine_Ichthyosporeans_1""",0.0,0.0,0.0,0.0,7.376426416458282e-05,0.0,0.0,0.0
"=""Marinicaulis""",0.0,0.0,0.0,0.0,0.0,0.0,3.165825963994006e-05,0.0
"=""Marinicella""",0.0,0.0,0.0,0.0,0.0009589354341395768,0.0002439603756989786,0.0007914564909985015,0.00024628744481336885
"=""Marinifilum""",0.0,0.0,0.0,0.0,0.0001696578075785405,0.0,0.00016884405141301366,0.0
"=""Marinimicrobia_(SAR406_clade)""",0.00016685611788384727,0.0,0.0004366579690079344,0.0,0.001121216815301659,0.00026322040535942424,0.0008864312699183217,0.0002326048089904039
"=""Marinobacter""",0.0,0.0,0.0,0.0,0.0002655513509924982,0.00028890044490668514,0.0,6.841317911482468e-05
"=""Marinobacterium""",0.0,0.0,0.0,0.0,0.0,0.0,0.0003482408560393407,0.00015963075126792424
"=""Marinomonas""",0.0,0.0,0.0,0.0,0.0014162738719599903,0.0009180614138145773,0.002057786876596104,0.0009714671434305105
"=""Marinoscillum""",0.0,0.0,0.0,0.0,0.001482661709708115,0.0015536423926092845,0.0014879382030771827,0.00031013974532053854
"=""Maritalea""",0.0,0.0,0.0,0.0,0.0,0.0,0.0003798991156792807,0.0
"=""Massisteria""",0.0,0.0,0.0,0.0015578441110356005,0.0,0.0,0.0,0.00217097821724377
"=""Mesodiniidae""",0.0007195670083740914,0.0,0.0,0.0,0.0,0.0,0.0,0.0
"=""Mesoflavibacter""",0.0,0.0,0.0,0.0,0.0006638783774812454,0.00014124021750993497,0.0,0.00022348305177509397
"=""Mesonia""",0.0,0.0,0.0,0.0,0.0002581749245760399,0.0,0.0,0.0
"=""Methanosaeta""",0.00027114119156125186,0.0,0.0,0.0,0.0,0.0,0.0,0.0
"=""Methylobacterium-Methylorubrum""",0.0,0.0002548569860220745,0.0,0.0,0.0,0.0,0.0003798991156792807,0.0
"=""Methyloceanibacter""",0.0,0.0,0.0,0.00018819593287678393,0.000966311860556035,0.0006163209491342617,0.0009708532956248285,5.929142189951472e-05
"=""Methylocystis""",0.00031285522103221365,0.0,0.0,0.0,0.0,0.0,0.0,0.0
"=""Methyloglobulus""",0.0,0.0,6.390116619628308e-05,0.0,0.0,0.0,0.0,0.0
"=""Methyloligellaceae""",0.0,0.0,0.0,0.0001568299440639866,0.0,0.0,0.0,0.0
"=""Methylomicrobium""",0.0,0.0,0.0007242132168912083,8.36426368341262e-05,0.0,0.0,0.0,0.0
"=""Methylomonas""",0.00041714029470961823,0.0,0.00038340699717769847,0.0006064091170474149,0.0,0.0,0.0,0.0
"=""Methylophaga""",0.0,0.0,0.0,0.0,0.0007523954944787448,0.0,0.000538190413878981,0.0
"=""Methylophilus""",0.0,0.0,0.0,0.0,8.114069058104111e-05,0.0,0.0,0.0
"=""Methylosinus""",0.0,0.0,0.00024495447041908517,0.0,0.0,0.0,0.0,0.0
"=""Methylotenera""",0.0,0.0,0.0,0.0,0.0,0.00043656067230343537,0.00016884405141301366,0.0
"=""Meuniera""",0.0,0.0,0.0,0.0,1.4752852832916565e-05,0.0011235017301926644,0.0,0.0
"=""Micrarchaeales""",0.0,0.0,0.0001065019436604718,2.091065920853155e-05,0.0,0.0,0.0,0.0
"=""Microbulbifer""",0.0001877131326193282,0.0,0.0,0.0,0.00040570345290520557,0.0004943407612847724,0.0,0.00015506987266026927
"=""MidBa8""",0.0,0.0,0.0,0.0,0.0,8.346012852859794e-05,0.0,0.0
"=""Milano-WF1B-44""",0.0,0.0,0.0,0.0,0.0014384031512093651,0.0016756225804587738,0.0012663303855976024,0.00043784434633487794
"=""Miliolida""",0.0,0.0,0.0,0.0,0.0,0.0,0.0,1.3682635822964935e-05
"=""Minorisa""",0.0,0.0,0.0,0.0,0.0,0.0,0.0,5.473054329185974e-05
"=""Moduliflexaceae""",0.0,0.0,0.0,0.0,0.000390950600072289,0.0,0.0,0.0002736527164592987
"=""Monhysterida""",0.0,0.0,0.0,5.227664802132887e-05,0.0008409126114762442,0.0018939029166104915,0.0017095460205567633,0.0017787426569854418
"=""Monosiga""",0.0,0.0024505479425199475,0.0,0.0,0.0,0.0,0.0,0.0
"=""Motilimonas""",0.0,0.0,0.0,0.0,0.00022866921891020675,0.0,0.0,6.841317911482468e-05
"=""Mucilaginibacter""",0.0,0.0004901095885039895,0.0,0.0,0.0,0.0,0.0,0.0
"=""Muricauda""",0.0,0.0,0.0,0.0,0.0010622054039699928,0.0010272015818904362,0.001044722568118022,0.0006841317911482468
"=""Muriicola""",0.0,0.0,0.0,0.0,0.0010548289775535345,0.0008795413544936859,0.0008758785167050084,0.0005701098259568723
"=""Mychonastes""",0.0,0.0006371424650551864,0.0,0.0,0.0,0.0,0.0,0.0
"=""Mycobacterium""",0.0014704195388514042,0.0017839989021545218,0.0015123275999786997,0.0001672852736682524,0.0,0.0,0.0002743715835461472,0.0
"=""Myrionecta""",0.03962832799741373,0.013781881628732184,0.00706107886468928,5.227664802132887e-05,8.114069058104111e-05,0.0005906409095870008,0.00032713534961271393,0.0
"=""Mytiloida""",0.0,0.0,0.0,0.0,0.0005237262755685381,0.0,0.0,0.0
"=""NB1-j""",0.0,0.0,0.0016188295436391715,0.0014637461445972085,0.0029800762722491463,0.00016692025705719588,0.0010869335809712754,0.0003283832597511585
"=""NRL2""",0.0,0.0,0.0,0.0,0.00014015210191270738,0.0,0.0,0.0
"=""NS10_marine_group""",0.00016685611788384727,0.0,0.0004899089408381703,0.0006273197762559464,0.00014752852832916564,0.0,9.497477891982018e-05,0.0
"=""NS11-12_marine_group""",0.001783274759883618,0.0013723068478111707,0.001182171574631237,0.0010873542788436405,0.0009958175662218682,0.0008923813742673164,0.0018045207994765835,0.00043784434633487794
"=""NS2b_marine_group""",0.0,0.0,0.0,0.0,0.0,0.00023754036581216336,0.0002638188303328338,0.0002508483234210238
"=""NS3a_marine_group""",0.0009489941704643814,0.0,0.0,0.000324115217732239,0.0,0.0,0.0,0.0
"=""NS4_marine_group""",0.0,0.0,0.0,0.0,0.002087528675857694,0.0011042417005322188,0.003229142483273886,0.0007707884846936914
"=""NS5_marine_group""",0.0008342805894192365,0.0009214060263875002,0.0007455136056233026,0.00023001725129384704,0.002161292940022277,0.0022662634900457745,0.004178890272472088,0.0018790819863538511
"=""NS7_marine_group""",0.0,0.0,0.0,0.0,0.0004720912906533301,0.00036594056354846786,0.0002954770899727739,0.00011858284379902944
"=""NS9_marine_group""",0.0013452774504385187,0.0009018016428473407,0.0009265669098461047,0.001066443619635109,0.0030685933892466454,0.001393142145438904,0.004347734323885102,0.002280439303827489
"=""Nakamurella""",0.0,0.0,0.0006283614675967837,0.0,0.0,0.0,0.0,0.0
"=""Nannocystaceae""",0.0,0.0,0.0,0.0,4.42585584987497e-05,0.0,0.0,0.0
"=""Nannocystis""",0.0,0.0,0.0,0.0,0.0,0.0,0.00024271332390620712,0.0
"=""Navicula""",0.0007404240231095724,0.0008527906839969417,0.007700090526652111,0.004338961785770297,0.0513473042849661,0.034135192568196554,0.04803613262700238,0.046352209289597546
"=""Nemertodermatidae""",0.0,0.0,0.0,0.0,0.0,0.00426288656484531,0.0037462273907262404,0.0
"=""Neobodo""",0.0,0.0,0.0,0.0,0.0,0.0,2.1105506426626707e-05,0.0
"=""Neoceratium""",0.0,0.0,0.0,0.0,0.0007081369359799952,0.00028248043501986995,0.001013064308478082,0.00025997008063633376
"=""Neochlamydia""",0.0,0.0,0.0007668139943553969,0.0,0.0,0.0,0.0,0.0
"=""Neorhodella""",0.0,0.0,0.0005644603014005006,0.0,0.00016228138116208222,5.7780088981337034e-05,0.0005170849074523544,0.0
"=""Neptuniibacter""",0.0,0.0,0.0,0.0,2.950570566583313e-05,0.0,0.0,0.0
"=""Neptunitalea""",0.0,0.0,0.0,0.0,0.00011802282266333252,0.0,0.0,5.473054329185974e-05
"=""Neptunomonas""",0.0,0.0,0.0,0.0,0.0,0.00014124021750993497,0.0001371857917730736,0.00024628744481336885
"=""Neritimorpha""",0.0009594226778321218,0.0,0.0,0.0,0.0,0.0,0.0,0.0
"=""Nesiotobacter""",0.0,0.0,0.0,0.0,0.0,0.0,0.0,0.0003420658955741234
"=""Nisaea""",0.0,0.0,0.0,0.0,0.0003024334830747896,0.0,0.0,0.0
"=""Nitriliruptoraceae""",0.0,0.0,0.0,0.0,0.0,0.00012840019773630452,0.0,0.00017787426569854418
"=""Nitrospira""",0.0008759946188901983,0.0003038679448724735,0.0005112093295702646,0.0004495791729834283,0.00011802282266333252,0.0,0.0,0.0
"=""Nitrospirillum""",0.00031285522103221365,0.0,0.0,0.0,0.0,0.0,0.0,0.0
"=""Nocardioides""",0.00022942716209029,0.0,0.0004260077746418872,2.091065920853155e-05,0.0005827376869002043,0.00028890044490668514,0.0004115573753192208,0.00020980041595212903
"=""Nonlabens""",0.0,0.0,0.0,0.0,0.00014752852832916564,9.630014830222839e-05,0.00021105506426626706,4.104790746889481e-05
"=""Nordella""",0.0,0.0,0.00035145641407955693,0.0,0.0,0.0,0.0,0.0
"=""Novel_Apicomplexa_Class_2""",0.0,0.0,0.0,0.0,0.0,0.0,0.0,0.001938373408253366
"=""Novel_Clade_10""",0.0005944249199612059,0.0035581956125389637,0.0,0.0,0.0,0.0,0.0,0.0
"=""Novel_Clade_2""",0.004244402498670365,0.0027152071203121017,0.0052079450449970715,0.002875215641173088,0.007914905544859737,0.008153412556255337,0.005561300943416138,0.005888094282482577
"=""Novel_Clade_Gran-4""",0.0,0.0,0.0,0.0,0.0,0.0008025012358519032,0.0,0.003840259787645492
"=""Novosphingobium""",0.0,0.00012742849301103725,0.0,0.00020910659208531548,0.0,0.0,0.0,0.0
"=""OLB12""",0.00022942716209029,0.0,0.0,0.0006900517538815411,0.0,0.0,0.0,0.0
"=""OLB14""",0.0004797113389160609,0.0,0.0,0.0,0.0,0.0,0.0,0.0
"=""OM182_clade""",9.38565663096641e-05,0.0,0.0,6.273197762559465e-05,0.0008925475963914522,0.0008474413050596098,0.0018361790591165236,0.0011812675593826396
"=""OM190""",0.0010637077515095264,0.003764041639710639,0.0022897917887001436,0.002739296356317633,0.006122433925660375,0.004147326386882636,0.005772356007682404,0.004478782792717189
"=""OM27_clade""",0.0005318538757547632,0.0012840871218804525,0.0018531338196922094,0.0016623974070782582,0.0035628139591493504,0.0016306825112510674,0.005540195436989511,0.0024263874192724487
"=""OM43_clade""",0.0019084168482965034,0.0017643945186143623,0.0028542520901006442,0.0017460400439123843,0.001829353751281654,0.0005007607711715876,0.0012768831388109158,0.0003147006239281935
"=""OM60(NOR5)_clade""",0.0,0.0,0.0007668139943553969,0.00048094516179622565,0.003319391887406227,0.0032806250521625804,0.0038623076760726876,0.0015963075126792425
"=""OPB41""",0.00027114119156125186,0.0,0.00023430427605303797,0.0,0.0,0.0002503803855857938,0.000538190413878981,7.297405772247967e-05
"=""Obscuribacteraceae""",0.00038585477260639686,0.0004116920543433512,0.0,5.227664802132887e-05,0.0,0.0,8.442202570650683e-05,0.0
"=""Oceanicaulis""",0.0,0.0,0.0,0.0,0.0001327756754962491,0.0,0.0001371857917730736,0.00014594811544495933
"=""Oceanicella""",0.0,0.0,0.0,0.0,0.0,0.0,0.0003165825963994006,3.192615025358485e-05
"=""Oceanimonas""",0.0,0.0,0.0,0.0,0.0,0.00041730064264298966,0.0,0.0
"=""Oceanococcus""",0.0,0.0,0.0,0.0,0.0002139163660772902,4.494006920770658e-05,0.0,7.753493633013464e-05
"=""Ochrovirga""",0.0,0.0,0.0,0.0,0.00020653993966083191,0.0,0.0,2.2804393038274894e-05
"=""Odontella""",0.0,0.0,0.0,0.0,0.0010474525511370762,0.0029596245578218192,0.0041472320128321475,0.0008300799065932062
"=""Oikopleuridae""",0.0,0.0,0.0,0.0,0.003658707502563308,0.009912495265242708,0.008579388362423756,0.0
"=""Oleibacter""",0.0,0.0,0.0,0.0,0.0,0.0,0.0001371857917730736,0.0
"=""Oleiphilus""",0.0,0.0,0.0,0.0,0.002950570566583313,0.0016114224815906217,0.001910048331609717,0.0008665669354544459
"=""Oleispira""",0.0,0.0,0.0,0.0,0.00011064639624687424,0.0,0.0,0.0
"=""Oltmannsiellopsis""",0.0,0.0,0.0,0.0,4.42585584987497e-05,0.0,0.0,4.104790746889481e-05
"=""Opitutus""",0.0,0.0,0.0,0.0008259710387369961,0.0,0.0,0.0,0.0
"=""Orbiniidae""",0.0,0.0,0.0,0.0,0.0,0.003961146100164994,0.001582912981997003,0.0
"=""Ostreococcus""",0.0,0.0,0.0,0.0,0.00018441066041145705,0.001162021789513556,0.0007809037377851882,0.0
"=""Owenweeksia""",0.0,0.0,0.0,0.0,0.0007155133623964534,4.494006920770658e-05,0.0,8.665669354544459e-05
"=""P.palmC41""",0.0,0.0,0.0,0.0,0.000781901200144578,0.00026322040535942424,0.0006542706992254279,4.560878607654979e-05
"=""P13-46""",0.0,0.0,0.0,0.0,0.00019916351324437363,0.0,0.00016884405141301366,9.121757215309957e-05
"=""P3OB-42""",0.0,0.0,0.0001065019436604718,0.0,0.0007745247737281197,0.0008731213446068707,0.001192461113104409,0.00048345313241142775
"=""P9X2b3D02""",0.0,0.0,0.0004473081633739816,0.0,0.0,0.0,0.0,0.0
"=""PAUC26f""",0.0,0.0,0.0002556046647851323,0.0003136598881279732,0.00039832702648874725,0.00011556017796267407,0.0003798991156792807,0.0
"=""PAUC34f""",0.0,0.0,0.0,0.0,0.0,0.0,0.0,0.00012314372240668442
"=""PAUC43f_marine_benthic_group""",0.0,0.0,8.520155492837745e-05,0.0,0.0001327756754962491,0.0003017404646803156,0.0009075367763449484,0.00020980041595212903
"=""PB19""",0.0010949932736127477,0.000793977533376463,0.0013951754619521805,0.0006586857650687438,0.002817794891087064,0.0009309014335882077,0.002511555264768578,0.001094610865837195
"=""PHOS-HE36""",0.0,0.0,0.00041535758027584,0.0,0.0,0.00015408023728356542,0.0003376881028260273,0.0004788922538037728
"=""PLTA13""",0.0003962832799741373,0.0,0.0002236540816869908,0.0,0.00024342207174312333,0.0,0.0,0.00022804393038274894
"=""PS-B29""",0.0,0.0,0.0,0.0,0.0001770342339949988,0.0,0.00010552753213313353,0.0004013573174736381
"=""PS1_clade""",0.0,0.0,0.00029820544224932105,0.0,0.0005974905397331209,0.00039162060309572876,0.000717587218505308,0.00036030941000474333
"=""Paenibacillus""",0.0,0.0,0.0010863198253368124,0.0,0.0,0.0,0.0,0.00012314372240668442
"=""Palleronia-Pseudomaribius""",0.0,0.0,0.0,0.0,3.688213208229141e-05,0.0,0.0,0.0
"=""Paludibacter""",4.171402947096182e-05,0.0,0.0,0.0,0.0,0.0,0.0,0.0
"=""Paludibaculum""",0.0005214253683870228,0.0,0.0,0.0,0.0,0.0,0.0,0.0
"=""Parabacteroides""",0.00012514208841288545,0.0,0.00011715213802651899,0.00019865126248104972,2.950570566583313e-05,5.136007909452181e-05,0.0,2.736527164592987e-05
"=""Paracoccus""",0.0,0.0,0.0,0.0,0.000626996245398954,0.0004750807316243267,0.0013824106709440494,0.00023716568759805888
"=""Paradinium""",0.0,0.0,0.0,0.0,0.0,2.5680039547260904e-05,0.0,0.0
"=""Paragymnodinium""",0.0,0.0,0.0,0.0,0.0,0.0017013026200060348,0.0,0.0
"=""Parahaliea""",0.0,0.0,0.0,0.0,0.0006565019510647871,0.0001219801878494893,0.0,0.0002326048089904039
"=""Paralia""",0.0,0.0,0.0,0.0,0.0,0.0,0.0,0.0034981938920713687
"=""Paramicrosporidium""",0.0,0.00234272383304907,0.0,0.0,0.0,0.0,0.0,0.0
"=""Paraphysomonas""",0.0,0.0,0.0014271260450503221,0.0,0.001069581830386451,0.004981927672168615,0.000896984023131635,0.002964571094975736
"=""Parcubacteria""",0.0,0.0,0.0,0.0007632390611114015,0.0,0.0,0.0,0.0
"=""Paulinella""",0.00275312594508348,0.004754063008488698,0.0001597529154907077,0.00013591928485545506,0.003002205551498521,0.002157123321969916,0.004569342141364682,0.0
"=""Pav3""",0.0,0.0,0.0,0.0,0.0,0.0,0.0010341698149047087,0.0
"=""PeM15""",0.001512133568322366,0.004048305201042953,0.0037595186112146547,0.0016623974070782582,0.0011728518002168669,0.0007447211468705662,0.0009075367763449484,0.0005655489473492173
"=""Pedinellales""",0.0,0.0,0.0,0.0,5.163498491520798e-05,0.0,0.0002954770899727739,0.0
"=""Pedobacter""",0.0,0.0,0.0,0.0,0.0,0.0,0.0,3.192615025358485e-05
"=""Pedomicrobium""",0.0007195670083740914,0.00045090082142367036,0.0012460727408275202,0.0,0.0,0.0,0.0001371857917730736,0.0
"=""Pedosphaeraceae""",0.0,0.0004999117802740693,0.0009904680760423879,0.0006064091170474149,6.638783774812455e-05,0.0,0.0,0.0
"=""Pelagibius""",0.0,0.0,0.0,0.0,0.0002507984981595816,0.0,0.0,0.0001915569015215091
"=""Pelagicoccus""",0.0,0.0,0.0,0.0,0.00073026621522937,0.00026322040535942424,0.00024271332390620712,0.00044696610355018793
"=""Pelagostrobilidium""",0.05547965919637922,0.08430865141445627,0.15928430693860163,0.2037220973391186,0.0022940686155185257,0.0019388429858181982,0.001551254722357063,0.0058516072536213375
"=""Pelolinea""",0.0,0.0,0.0,0.0,0.0,0.0,0.000179396804626327,0.0
"=""Peniculia""",0.0,0.0,0.0,0.0,0.0,0.0,0.0,0.0007251796986171416
"=""Peredibacter""",6.257104420644273e-05,0.0,0.00041535758027584,0.0,0.003157110506244145,0.001816862797968709,0.004083915493552268,0.001993103951545226
"=""Persicirhabdus""",0.0,0.0,0.0,0.0,0.00073026621522937,0.00114276175985311,0.001255777632384289,0.00039679643886598315
"=""Persicobacter""",0.0,0.0,0.0,0.0,0.0,0.0,0.0005170849074523544,0.00015506987266026927
"=""Phacus""",0.0,0.0,0.0,0.0,0.0,0.0,0.0,2.2804393038274894e-05
"=""Phaeocystidibacter""",0.0,0.0,0.0,0.0,8.85171169974994e-05,0.0,0.0,0.0
"=""Phaeocystis""",0.0,0.0,0.0,0.0,0.0003540684679899976,0.0,0.000179396804626327,0.0
"=""Phaselicystis""",0.00013557059578062593,0.0,0.0002130038873209436,0.0,8.85171169974994e-05,0.0,0.0,0.0
"=""Phenylobacterium""",0.000344140743135435,0.0,0.0,0.0,0.0,0.0,0.0,0.0
"=""Phoroniformea""",0.0,0.0,0.0,0.0,0.0,0.0012069618587212624,0.0,0.0
"=""Photobacterium""",0.00010428507367740456,0.0,0.001065019436604718,8.36426368341262e-05,0.0005384791284014546,0.0,7.386927249319348e-05,0.00014138723683730433
"=""Phycisphaera""",0.0,0.0,0.0,0.0,0.0003540684679899976,7.062010875496749e-05,0.0005804014267322344,0.00017331338709088918
"=""Picochlorum""",0.12374466842560825,0.17690015487462996,0.12127376324617924,0.07430602749751686,0.010577795481201177,0.01405340164223853,0.009465819632342078,0.012464881234721057
"=""Pir4_lineage""",0.0,0.0,0.00038340699717769847,0.0,0.001017946845471243,0.0,0.0003904518688925941,0.00011402196519137447
"=""Pirellula""",0.0,0.0,0.0,0.0,0.0,6.420009886815226e-05,0.0,0.0
"=""Pirellulaceae""",0.0,0.0,0.0,0.0,0.0,7.062010875496749e-05,0.0,0.0
"=""Pirsonia""",0.0014287055093804423,0.0,0.002556046647851323,0.0,0.0009810647133889517,0.0,0.00018994955783964036,0.0
"=""Piscinibacter""",0.0,0.00045090082142367036,0.0,0.0,0.0,0.0,0.0,0.0
"=""Pla1_lineage""",0.00019814163998706864,0.0,0.0005751104957665477,0.0,0.0003540684679899976,0.0,0.0004748738945991009,0.0
"=""Pla3_lineage""",0.0,0.0,0.0,0.0,0.0018662358833639455,0.0009052213940409468,0.0021844199151558642,0.0005929142189951473
"=""Pla4_lineage""",0.0,0.0,0.0,0.0001568299440639866,0.0004720912906533301,5.136007909452181e-05,0.00021105506426626706,0.0003238223811435035
"=""Plagiostriata""",0.0,0.0,0.0,0.0,0.0,0.0,0.0006120596863721745,0.0
"=""Planctomicrobium""",0.001950130877767465,0.0003234723284126331,0.0011928217689972842,0.00039730252496209944,0.0004720912906533301,0.0,0.0,8.665669354544459e-05
"=""Planctopirus""",0.0009072801409934196,0.001440922190201729,0.0008094147718195857,0.00043912384337916254,0.0,0.0,0.0,0.0
"=""Pleionea""",0.0,0.0,0.0,0.0,0.0006933840831470785,0.0006034809293606312,0.001371857917730736,0.00023716568759805888
"=""Plesiomonas""",0.00014599910314836638,0.0,0.0,0.0,0.0,0.0,0.0,0.0
"=""Pleurasiga""",0.0,0.0,0.0,0.0,0.0,0.0,0.0011080390873979022,5.0169664684204765e-05
"=""Ploimida""",0.01850017207037157,0.012321355054990296,0.03043825549816284,0.038914736787077214,0.0,0.0,0.0,0.0
"=""Podocopida""",0.0,0.0,0.0,0.0,0.0019695058531943614,0.0048792075139795716,0.004495472868871489,0.0004150399532966031
"=""Polaribacter""",0.0,0.0,0.0,0.0,0.0,0.0,0.0,0.0001505089940526143
"=""Polycyclovorans""",0.0,0.0,0.0,0.0,0.0,0.0,0.00016884405141301366,0.0
"=""Polynucleobacter""",0.00042756880207735866,0.0011860652041796546,0.0,0.0003659365361493021,0.0,0.0,0.0,0.0
"=""Ponticaulis""",0.0,0.0,0.0,0.0,0.0004720912906533301,0.00015408023728356542,0.0,0.0
"=""Ponticoccus""",0.0,0.0,0.0,0.0,0.0,0.0003531005437748374,0.0,0.0
"=""Porphyridium""",0.00019814163998706864,0.0,0.0,0.0,0.000678631230314162,0.0,0.0004748738945991009,0.0
"=""Portibacter""",0.0,0.0,0.0,0.0,0.0009220533020572854,0.0009309014335882077,0.0007492454781452481,0.0002508483234210238
"=""Potamolinea_1PC""",0.00042756880207735866,0.0,0.0,0.0,0.0,0.0,0.0,0.0
"=""Poteriospumella""",0.00015642761051610682,0.0,0.00039405719154374567,0.0,0.0,0.0,0.0,0.0
"=""Prasinococcus""",0.0,0.0,0.0,0.0,0.0,0.00021186032626490246,0.0,0.0007023753055788667
"=""Proboscia""",0.0,0.0,0.0,0.0,0.002109657955107069,0.0026001040041601664,0.0015301492159304363,0.005308862699310395
"=""Propionigenium""",0.0,0.0,0.0,0.0,0.0003835741736558307,0.0007190411073233053,0.0,0.0004652096179808078
"=""Prorocentrum""",0.0,0.0,0.0,0.0,0.0,0.0,0.0002532660771195205,0.00015506987266026927
"=""Prorodon""",0.0015747046125288088,0.002852437805093219,0.005463549709782203,0.00013591928485545506,0.0,0.0,0.0,0.0
"=""Proseriata""",0.0,0.0,0.0,0.0,0.0,0.00019260029660445678,0.0,0.0
"=""Prosthecobacter""",0.00017728462525158775,0.0,0.0,0.0,0.0,0.0,0.0,0.0
"=""Protaspis""",0.004598971749173541,0.002274108490658511,0.004941690185845892,0.017157195880600135,0.000287680630241873,0.0016114224815906217,0.0,0.0
"=""Proteomonas""",0.0,0.0,0.0,0.0,0.003983270264887473,0.015330983609714759,0.008399991557797429,0.004086547232458861
"=""Protodrilus""",0.0,0.0,0.0,0.0,0.0018957415890297786,0.0,0.0008020092442118148,0.0006065968548181122
"=""Protoperidinium""",0.0,0.00016663726009135644,0.0,0.0,0.0,0.0004815007415111419,0.0,0.0
"=""Psammamonas""",0.0,0.0,0.0,0.0,0.0,0.00199020306491272,0.0002532660771195205,0.0
"=""Psammodictyon""",0.0,0.0,0.0,0.0,0.00010326996983041596,3.8520059320891356e-05,0.0011185918406112156,0.00015506987266026927
"=""Pseudahrensia""",0.0,0.0,0.0,0.0,0.0005163498491520797,0.0,0.0,0.0
"=""Pseudarcicella""",0.0007299955157418318,0.0,0.0019170349858884926,0.0001672852736682524,0.0,0.0,0.0,0.0
"=""Pseudo-nitzschia""",0.0,0.0,0.0,0.0,0.001541673121039781,0.0025551639349524597,0.01025727612334058,0.006148064363118912
"=""Pseudoalteromonas""",0.0,0.0,3.195058309814154e-05,0.0,0.001253992490797908,0.0010207815720036208,0.0012979886452375426,0.0004059181960812931
"=""Pseudobacteriovorax""",0.00038585477260639686,0.00034307671195279267,0.0002662548591511795,0.0006168644466516807,0.00024342207174312333,0.0,0.0,0.0
"=""Pseudobodo""",0.0,0.0,0.0,0.0,0.0019695058531943614,0.001900322926497307,0.002690952069394905,0.003926916481190937
"=""Pseudobowmanella""",0.0,0.0,0.0,0.0,0.000339315615157081,0.0,0.0,0.0
"=""Pseudohoeflea""",0.0,0.0,0.0,0.0,0.0,0.0,0.0,8.665669354544459e-05
"=""Pseudohongiella""",0.0003754262652386564,0.0013625046560410909,0.0018211832365940678,0.000648230435464478,0.0013130039021295743,0.0007126210974364901,0.0018783900719697769,0.0008984930857080308
"=""Pseudomonas""",0.0003545692505031755,0.0,0.0006922626337930668,0.0,0.0,0.0,0.0,2.2804393038274894e-05
"=""Pseudosolenia""",0.0,0.0,0.0,0.0,0.0013646388870447823,0.0004943407612847724,0.0036829108714463606,2.736527164592987e-05
"=""Pseudotontonia""",0.0,0.0,0.0,0.0,0.00010326996983041596,0.0,0.0,0.0
"=""Pseudoxanthobacter""",0.0,0.0003626810954929522,0.0,0.0,0.0,0.0,0.0,0.0
"=""Psychromonas""",0.0,0.0,0.0,0.0,0.0,3.8520059320891356e-05,0.0,0.0
"=""Pustulibacterium""",0.0,0.0,0.0,0.0,5.901141133166626e-05,0.0,0.0,0.0
"=""Pycnococcus""",0.0,0.0,0.0,0.0,0.0,0.0,0.0005487431670922944,0.0
"=""Pyramimonas""",0.0009802796925676028,0.0006861534239055853,0.0,0.0,0.0,0.0,0.0,0.0
"=""R76-B128""",0.0,0.0,0.0,0.0,0.001386768166294157,0.00038520059320891356,0.002268841940862371,0.0005381836757032875
"=""R7C24""",0.0002502841768257709,0.0005489227391244682,0.0013632248788540391,0.0001568299440639866,0.0,0.0,0.0,0.0
"=""RB41""",0.0,0.0,0.0,6.273197762559465e-05,0.0,0.0,0.0,0.0
"=""RBG-13-54-9""",0.0013244204357030379,0.0,0.0,0.0,0.0,1.2840019773630452e-05,4.2211012853253414e-05,1.3682635822964935e-05
"=""RBG-16-49-21""",0.0,0.0,0.0,0.0,0.00015490495474562393,0.0,0.000358793609252654,0.0
"=""RBG-16-55-12""",0.0,0.0,0.0,0.0001254639552511893,0.0,0.0,0.0,0.0
"=""RBG-16-58-14""",0.0,0.00035287890372287246,0.0,0.0,0.0,0.0,0.0,0.0
"=""RS62_marine_group""",0.0010949932736127477,0.004420788488305985,0.0019063847915224454,0.0015996654294526634,0.00014752852832916564,5.136007909452181e-05,0.0,0.0
"=""Raphidophyceae""",0.0,0.0,0.0,0.0,0.0,0.00016050024717038065,0.0,0.0
"=""Rapidithrix""",0.0,0.0,0.0,0.0,0.000390950600072289,0.0,0.0,0.0
"=""Reichenbachiella""",0.0,0.0,0.0,0.0,0.0,0.00015408023728356542,0.0003376881028260273,0.0
"=""Reinekea""",0.0,0.0,0.0,0.0,0.0025743728193439405,0.000398040612982544,0.0021844199151558642,0.0006841317911482468
"=""Reyranella""",0.0,0.0,0.0011502209915330954,0.0007214177426943385,0.0,0.0,0.0,0.0
"=""Rhaphoneis""",0.0,0.0,0.0,0.0,0.007310038578710158,0.00384558592220232,0.003841202169646061,0.023128215419418396
"=""Rhizochromulina""",0.0,0.0,0.0,0.0,0.0,0.00036594056354846786,0.0,0.0
"=""Rhizosolenia""",0.0,0.0,0.0,0.0,0.0006196198189824957,0.00013482020762311975,0.0002849243367594605,0.003817455394607217
"=""Rhizosolenids""",0.0,0.0,0.0,0.0,0.004352091585710387,0.0042564665549584945,0.0010974863341845888,0.0022393913963585947
"=""Rhodococcus""",0.00020857014735480912,0.0,0.0,0.0,0.0,0.0,0.0,0.0
"=""Rhodoluna""",0.0,0.0,7.455136056233026e-05,0.0,0.0,0.0,0.0,0.0
"=""Rhodomonas""",0.0,0.0,0.0,0.0,0.0,0.0,0.0,0.0006613273981099719
"=""Rhodopila""",0.00010428507367740456,0.0016663726009135643,0.00040470738590979286,0.00048094516179622565,0.0,0.0,0.0,0.0
"=""Rhodopirellula""",0.0,0.0,0.0,0.0,0.001224486785132075,0.0006805210480024139,0.001371857917730736,0.0008711278140621009
"=""Rhopalophora""",0.00019814163998706864,0.0,0.0,0.0,0.0,0.0,0.0,0.0
"=""Rhynchomonas""",0.0,0.0,0.0,0.0,0.0,1.2840019773630452e-05,0.0,0.0
"=""Rhynchopus""",0.0,0.0,0.0,0.0,0.0,0.0,0.0,2.2804393038274894e-05
"=""Rickettsiella""",0.0,0.0,0.0,0.0002718385697109101,0.0,0.0,0.0,0.0
"=""Robertkochia""",0.0,0.0,0.0,0.0,0.0004204563057381221,0.0,0.0,0.0
"=""Robiginitalea""",0.0007612810378450532,0.0,0.0018211832365940678,0.001108264938052172,0.003540684679899976,0.00170772262989285,0.0024271332390620715,0.0017787426569854418
"=""Rokubacteriales""",0.0,0.0,0.0007774641887214441,3.1365988812797324e-05,0.0,0.0,0.0,0.0
"=""Roseiarcus""",0.0,0.0004705052049638299,0.00038340699717769847,0.0,0.0,0.0,0.0,0.0
"=""Roseibacillus""",0.0,0.0,0.00014910272112466052,0.0,0.002426844291014775,0.0014445022245334258,0.001076380827757962,0.0009167366001386507
"=""Roseimarinus""",0.0,0.0,0.0,0.0,0.0006491255246483289,0.0001733402669440111,0.0001582912981997003,0.0
"=""Roseisolibacter""",0.0006778529789031296,0.0,0.0,0.0,0.0,0.0,0.0,0.0
"=""Roseivirga""",0.0,0.0,0.0,0.0,0.00011802282266333252,0.0,0.0,0.0
"=""Rothia""",0.0,0.0,0.0,0.00018819593287678393,0.0,5.7780088981337034e-05,0.0,7.297405772247967e-05
"=""Rozella""",0.0,0.0,0.0,0.0,0.0,0.0003274205042275765,0.0,0.0007023753055788667
"=""Rubellimicrobium""",0.00017728462525158775,0.0,0.0,0.0,0.0,0.0,0.0,0.0
"=""Rubricoccus""",0.0,0.0,0.0,0.0,0.0,0.0,6.331651927988012e-05,0.0
"=""Rubripirellula""",0.0,0.0,0.0,0.0,0.0011802282266333251,0.0003466805338880222,0.0011291445938245287,0.0001961177801291641
"=""Rubritalea""",0.0,0.0,0.0,0.0,0.0006343726718154123,4.494006920770658e-05,0.0006964817120786814,2.736527164592987e-05
"=""S-70""",0.0,0.0,0.0,0.0007005070834858069,0.0,0.0,0.0,0.0
"=""S-BQ2-57_soil_group""",0.0,0.000372483287263032,0.0016827307098354544,0.00010455329604265774,0.0,0.0,0.0,4.560878607654979e-05
"=""S085""",0.00014599910314836638,0.0,0.0,2.091065920853155e-05,7.376426416458282e-05,0.0,0.0,0.0
"=""S25-593""",0.0,0.0,0.0,0.0,0.0006933840831470785,0.0006869410578892292,0.0002743715835461472,0.0006202794906410771
"=""SA1-3C06""",0.0006674244715353891,0.00892979670254269,0.0003408062197135098,0.00024047258089811283,0.0,0.0,0.0,0.0
"=""SAR116_clade""",0.0007404240231095724,0.0,0.0,0.0,0.0026186313778426905,0.001136341749966295,0.002891454380447859,0.0014229941255883534
"=""SAR202_clade""",0.0,0.0,0.0,0.0,0.0,0.0,0.000358793609252654,0.0
"=""SAR324_clade(Marine_group_B)""",0.0008029950673160151,0.0015487462996726068,0.0020767879013792,0.0017983166919337131,0.0024120914381818583,0.0027734442711041776,0.004073362740338955,0.00109004998722954
"=""SAR86_clade""",0.0,0.0004999117802740693,0.0005964108844986421,0.0,0.0037472246195608076,0.002882584439180036,0.003946729701779194,0.0019018863793921262
"=""SAR92_clade""",0.0,0.0,0.0,0.0,0.000287680630241873,0.0001733402669440111,0.000685928958865368,0.0002736527164592987
"=""SBR1031""",0.0,0.0,0.0,0.0,0.0008409126114762442,0.0004301406624166201,0.00023216057069289377,0.00011402196519137447
"=""SBZC-1223""",0.0,0.0,0.0,0.0,0.0,0.00023112035592534814,0.0,0.00011402196519137447
"=""SC-I-84""",5.214253683870228e-05,0.0010488345193985374,0.0007774641887214441,0.00046003450258769407,0.0,0.0,0.0,0.0
"=""SCGC_AAA011-D5""",0.0,0.0,0.0,9.409796643839196e-05,8.114069058104111e-05,0.0,0.000358793609252654,0.0
"=""SCGC_AAA164-E04""",0.00038585477260639686,0.0008625928757670215,0.0014271260450503221,0.00040775785456636523,0.001408897445543532,0.0010015215423431752,0.0021633144087292375,0.0007434232130477615
"=""SEEP-SRB1""",0.0,0.0,0.0,0.0,0.00048684414348624665,6.420009886815226e-06,0.0,0.0
"=""SG8-4""",0.0,0.0,8.520155492837745e-05,0.0,0.00022866921891020675,0.0005906409095870008,0.0002532660771195205,0.0
"=""SH-PL14""",0.0016164186419997705,0.0,0.0,0.0,0.0,0.0,0.0,0.0
"=""SH3-11""",0.0,0.0004999117802740693,0.00019170349858884923,0.0,0.0,0.0,0.0,0.0
"=""SJA-15""",0.00012514208841288545,0.0010390323276284576,0.0,0.00017774060327251817,0.0,0.0,0.0,0.0
"=""SJA-28""",0.0007299955157418318,0.001774196710384442,7.455136056233026e-05,0.0,0.0,0.0,0.0,0.0
"=""SL56_marine_group""",0.00013557059578062593,0.0,0.0,0.0,0.0,0.0,0.0,0.0
"=""SM1A02""",0.0,0.0004705052049638299,0.0001597529154907077,0.00019865126248104972,0.0009294297284737436,0.0004879207513979572,0.0011185918406112156,0.0009349801145692706
"=""SM2D12""",0.0,0.0,0.0,0.0004914004914004914,0.00010326996983041596,0.0,0.000358793609252654,4.560878607654979e-05
"=""SS1-B-02-17""",0.0,0.0,0.0,0.0,0.0007745247737281197,0.0003723605734352831,0.0006964817120786814,0.0003192615025358485
"=""SS1-B-09-64""",0.0,0.0,0.0,0.0,0.0,0.0,0.0,5.473054329185974e-05
"=""SUP05_cluster""",0.0,0.0,0.0,0.0,0.00019916351324437363,0.0,0.0,0.0
"=""SWB02""",0.000344140743135435,0.0,0.0016720805154694072,6.273197762559465e-05,0.0006048669661495792,0.0,0.0,0.0
"=""SZB7""",0.00033371223576769454,0.0,0.0,0.0,0.0,0.0,0.0,0.0
"=""SZB85""",0.0,0.0,0.0,0.0,0.0003171863359077062,0.00019260029660445678,0.0,0.0003785529244353632
"=""Saccharimonadaceae""",0.0,0.0,0.0,0.0,0.00039832702648874725,4.494006920770658e-05,0.0,0.0
"=""Saccharimonadales""",0.0,0.0,0.0002769050535172267,0.0,0.002227680777770401,0.00170772262989285,0.0018045207994765835,0.000629401247856387
"=""Saccharospirillum""",0.0,0.0,0.0,0.0,0.0,8.346012852859794e-05,0.0,0.0
"=""Salinimonas""",0.0,0.0,0.0,0.0,0.0007007605095635368,0.0002953204547935004,0.0007281399717186214,0.000428722589119568
"=""Salinirepens""",0.0,0.0,0.0,0.0,0.0,0.0,0.0005592959203056078,0.0003238223811435035
"=""Sandaracinus""",0.0,0.0,0.0,0.0,0.0,0.0,0.0,0.0005290619184879776
"=""Saprospira""",0.0,0.0,0.0,0.0,0.00014752852832916564,0.00010914016807585884,0.0001582912981997003,0.00013682635822964936
"=""Schekmanbacteria""",0.0,0.0,0.0,0.0,0.0,0.0,0.00011608028534644688,0.0
"=""Schleiferia""",0.0,0.0,0.0,0.0,0.000494220569902705,0.0,0.0,0.0005746707045645273
"=""Schlesneria""",0.0012409923767611143,0.0006959556156756651,0.0006922626337930668,0.0013382821893460192,0.0,0.0,0.0,0.0
"=""Scolecida""",0.0,0.0,0.0,0.0,0.0005679848340672878,0.0,0.0,0.0
"=""Sedimenticola""",0.0,0.0,0.0,0.0,0.00040570345290520557,8.346012852859794e-05,0.00018994955783964036,0.0005108184040573576
"=""Sediminibacterium""",0.0011575643178191905,0.0,0.0007561637999893498,0.0,0.0,0.0,0.0,0.0
"=""Sediminispirochaeta""",0.0,0.0,0.0,0.0,0.0006491255246483289,0.00016050024717038065,0.0007703509845718748,0.0
"=""Seonamhaeicola""",0.0,0.0,0.0,0.0,0.0003540684679899976,0.0007254611172101205,0.0,0.0003876746816506732
"=""Sericytochromatia""",0.0,0.0,0.0,0.0,0.0011138403888852006,0.000571380879926555,0.0006226124395854878,0.00041047907468894806
"=""Sh765B-TzT-35""",0.0,0.0,4.260077746418872e-05,0.0,0.0,0.0,0.0,0.0
"=""Shewanella""",0.00022942716209029,0.00013723068478111705,0.00013845252675861335,0.0,5.163498491520798e-05,0.0,0.0,0.0001322654796219944
"=""Silicimonas""",0.0,0.0,0.0,0.0,0.00020653993966083191,8.988013841541316e-05,0.0003482408560393407,0.00018699602291385412
"=""Silvanigrella""",0.0,0.0,0.0,0.0,0.00019178708682791534,0.00012840019773630452,0.0,0.0
"=""Simiduia""",0.0,0.0,0.0,0.0,0.00023604564532666504,0.0,0.0006753762056520546,0.0001687525084832342
"=""Simkania""",0.0,0.0,0.0,0.0,0.00011064639624687424,0.0,6.331651927988012e-05,0.0
"=""Sinophysis""",0.0,0.0,0.0,0.0,0.0008335361850597859,0.0008988013841541316,0.0010341698149047087,0.002777575072061882
"=""Siphonophorae""",0.0,0.0,0.0,0.0,0.00014015210191270738,0.0020929232231017636,0.0034718558071800934,2.736527164592987e-05
"=""Skeletonema""",6.257104420644273e-05,0.0,0.0,0.0,0.0005827376869002043,0.0014958623036279476,0.0011080390873979022,0.001267924252928084
"=""Sneathiella""",0.0,0.0,0.0,0.0,0.0,0.0,0.0002954770899727739,0.0
"=""Sorodiplophrys""",3.1285522103221364e-05,0.0,0.0,0.0,0.0,1.9260029660445678e-05,0.0021105506426626706,0.0
"=""Sphingobium""",0.0,0.0,0.0,0.0,0.0,2.5680039547260904e-05,0.0,0.0
"=""Sphingomicrobium""",0.0,0.0,0.0,0.0,0.0004647148642368718,7.062010875496749e-05,2.1105506426626707e-05,0.00014594811544495933
"=""Sphingomonas""",0.00020857014735480912,0.0,0.0,0.0,0.0,0.0,0.0007809037377851882,0.0
"=""Sphingopyxis""",0.0,0.0,0.0,0.0,0.0,0.0,0.00014773854498638695,0.0
"=""Spirochaeta""",0.0,0.0,0.0,0.0,0.00019178708682791534,0.00033384051411439175,0.0,0.00025997008063633376
"=""Spirochaeta_2""",0.0,0.0,0.0,0.0,0.000494220569902705,0.0,5.2763766066566766e-05,1.8243514430619916e-05
"=""Spongiibacter""",0.0,0.0,0.0,0.0,0.0,0.0,0.0,7.297405772247967e-05
"=""Staphylococcus""",0.0,0.0,0.0001065019436604718,0.0001254639552511893,0.0,9.630014830222839e-05,6.331651927988012e-05,7.753493633013464e-05
"=""Stappia""",0.0,0.0,0.0,0.0,0.0,0.0,0.00021105506426626706,0.0
"=""Stappiaceae""",0.0,0.0,0.0,0.0,0.0006933840831470785,0.0003723605734352831,0.0010341698149047087,0.00034662677418177836
"=""Stellarchytrium""",0.0,0.0,0.0,0.0,0.0024415971438476913,0.0001219801878494893,8.442202570650683e-05,0.0001505089940526143
"=""Streptococcus""",0.0,0.0,4.260077746418872e-05,0.0,0.0,0.0,7.386927249319348e-05,8.665669354544459e-05
"=""Subclade_A""",0.0,0.0,0.0,0.0,0.00041307987932166383,0.0002247003460385329,0.0,0.0
"=""Subclade_B""",0.0,0.0,0.0,0.0,9.589354341395767e-05,3.8520059320891356e-05,0.0,0.0
"=""Subgroup_10""",0.0003962832799741373,0.0008331863004567821,7.455136056233026e-05,0.0005854984578388834,0.0027882891854212307,0.0004750807316243267,0.0033663282750469596,0.0008437625424161711
"=""Subgroup_11""",0.0,0.0,0.0,0.000324115217732239,0.0,0.0,0.0,0.0
"=""Subgroup_13""",0.0,0.0,0.0,0.00010455329604265774,0.0,0.0,0.0,0.0
"=""Subgroup_17""",0.0,0.0,0.0,0.0008050603795284647,0.0,0.000654841008455153,0.0,0.00011402196519137447
"=""Subgroup_18""",0.0008968516336256792,0.0,0.0008520155492837744,0.00037639186575356786,0.0,0.00010272015818904362,0.0004537683881724742,1.8243514430619916e-05
"=""Subgroup_2""",0.0003754262652386564,0.0009116038346174204,0.0007881143830874913,0.0002718385697109101,0.0,0.0,0.0,0.0
"=""Subgroup_21""",0.0,0.0,0.0006177112732307365,0.0,0.0006048669661495792,5.7780088981337034e-05,0.00044321563495916083,0.00041960083190425805
"=""Subgroup_22""",0.00042756880207735866,0.0,0.00045795835774002874,0.00035548120654503633,0.0004278327321545804,0.0006484209985683377,0.0007492454781452481,0.0001277046010143394
"=""Subgroup_23""",0.00012514208841288545,0.0,0.0,0.0,0.0004278327321545804,0.000539280830492479,0.0009814060488381419,0.0005153792826650125
"=""Subgroup_26""",0.0,0.0,0.0,0.0,0.0001253992490797908,8.346012852859794e-05,0.0002005023110529537,1.8243514430619916e-05
"=""Subgroup_5""",0.00027114119156125186,0.0,7.455136056233026e-05,1.0455329604265775e-05,0.0,0.0,0.0,0.0
"=""Subgroup_7""",0.0,0.0002548569860220745,0.0001065019436604718,0.0,8.114069058104111e-05,0.0,0.0,0.0
"=""Subgroup_9""",0.0,0.0,0.0,0.0,0.0002139163660772902,0.0,0.0,0.0
"=""Sulfuricurvum""",0.0,0.0,0.0009585174929442463,0.0,0.0,0.0,0.0,0.0
"=""Sulfuriflexus""",0.0,0.0,0.0,0.0,9.589354341395767e-05,0.0,0.0,0.0
"=""Sulfurifustis""",0.00023985566945803046,0.0,0.0004473081633739816,0.00047048983219195986,0.0,0.0,0.0,0.0
"=""Sulfurimonas""",0.00010428507367740456,0.0,0.0004899089408381703,0.0,0.0024637264230970663,0.0015343823629488389,0.002564319030835145,0.0006795709125405918
"=""Sulfurovum""",0.0,0.0,0.0,0.0,0.0010769582568029093,0.0006805210480024139,0.0012346721259576623,0.0005473054329185974
"=""Sumerlaea""",0.0,0.0,0.0,0.0,0.00020653993966083191,0.000199020306491272,0.0002849243367594605,0.0
"=""Sutterella""",0.0,0.0,0.0,0.0,0.00016228138116208222,0.0,0.0,0.0
"=""Sva0081_sediment_group""",0.0,0.0,0.0,0.0,0.00266288993634144,0.002362563638348003,0.0030602984318608725,0.0024400700550954134
"=""Sva0485""",0.0004484258168128396,0.0,0.0003195058309814154,0.0,0.0028546770231693552,0.00043656067230343537,0.0017728625398366433,0.0009121757215309957
"=""Sva0996_marine_group""",0.0,0.0,0.0,0.0,0.0013277567549624908,0.0019966230747995354,0.0017517570334100168,0.0001687525084832342
"=""Sva1033""",0.0,0.0,0.0,0.0,0.0007376426416458282,0.0004686607217375115,0.0006437179460121146,0.0003010179881052286
"=""Symphothece_PCC-7002""",5.214253683870228e-05,0.0,0.0001065019436604718,0.00019865126248104972,0.0009589354341395768,0.0,0.0004959794010257276,0.00043784434633487794
"=""Syndiniales_Group_I""",0.0,0.0,0.0,0.0,0.024120914381818584,0.02695120150485032,0.041018551740149005,0.03500018243514431
"=""Syndiniales_Group_III""",0.0,0.0,0.0,0.0,0.00011802282266333252,0.0014252421948729801,0.0018467318123298368,0.0034753894990330937
"=""Synechococcus_CC9902""",0.000114713581045145,0.0,0.0,0.0,0.007487072812705157,0.006009129254059051,0.009771849475528165,0.003479950377640749
"=""Synechococcus_MBIC10613""",0.0,0.0,0.0,0.0,0.00048684414348624665,0.0004301406624166201,0.0,0.0
"=""Synechocystis_PCC-6803""",0.0,0.0,0.0,0.0,0.00010326996983041596,0.0,0.0001371857917730736,4.104790746889481e-05
"=""Syntrophobacter""",0.0,0.0,0.000532509718302359,0.0,0.0,0.0,0.0,0.0
"=""Syntrophomonas""",0.0,0.0,0.0006283614675967837,0.0,0.0,0.0,0.0,0.0
"=""Syntrophorhabdus""",0.0,0.0003920876708031916,0.0,2.091065920853155e-05,0.0,0.0,0.0,0.0
"=""Syntrophus""",0.0,0.0,0.0,9.409796643839196e-05,0.0,0.0,0.0,0.0
"=""TA06""",0.0003649977578709159,0.00034307671195279267,0.0,0.0,0.0,0.0,0.0,0.0
"=""TC1""",0.0,0.0,0.0007561637999893498,0.0,0.0,0.0,0.0,0.0
"=""TG3""",0.0,0.0,0.0,0.0,0.0001696578075785405,0.0,6.331651927988012e-05,0.0
"=""TK10""",0.0,0.0,6.390116619628308e-05,0.0,0.0,0.0,0.0,0.0
"=""TPD-58""",0.0,0.0,0.0,0.0,0.0,0.0,0.0,7.753493633013464e-05
"=""TRA3-20""",0.001783274759883618,0.0030680860240349743,0.004260077746418872,0.0017564953735166502,0.0,0.0,0.0,0.0
"=""Taeseokella""",0.0,0.0,0.0,0.0,0.00019916351324437363,0.00011556017796267407,0.0,8.665669354544459e-05
"=""Tagaea""",0.0,0.0,0.0,0.0,0.00014752852832916564,0.0,0.0002005023110529537,6.38523005071697e-05
"=""Taibaiella""",0.0,0.0,0.0,0.0,0.0,0.0,0.0004221101285325341,0.0
"=""Tamlana""",0.0,0.0,0.0,0.0,0.0006417490982318706,0.0002696404152462395,0.0006015069331588612,0.0
"=""Teleaulax""",0.012086640039211187,0.015673704640357583,0.0025134458703871348,0.004558523707459878,0.0,0.0006484209985683377,0.0,2.736527164592987e-05
"=""Telmatospirillum""",0.0,0.0,4.260077746418872e-05,0.0,0.0,0.0,0.0,0.0
"=""Telonema""",0.0,0.0,0.0,0.0,0.0005901141133166626,0.0,0.002870348874021232,0.0001277046010143394
"=""Tenacibaculum""",0.0,0.0,0.0,0.0,0.003319391887406227,0.0020094630945731657,0.004601000401004622,0.0030557886671288355
"=""Tepidibacter""",0.0,0.0,0.0,0.0,0.0,0.0,0.0002743715835461472,0.0
"=""Terasakiella""",0.0,0.0,0.0,0.0,9.589354341395767e-05,0.0,0.0,0.00012314372240668442
"=""Terrimicrobium""",0.0006674244715353891,0.0,0.0003621066084456041,0.0,0.0,0.0,0.0,0.0
"=""Terrimonas""",0.00068828148627087,0.0,0.0003301560253474626,0.0,0.0,0.0,0.0,0.0
"=""Terrisporobacter""",0.00022942716209029,0.0,0.0,0.0,0.0,0.0,0.0,0.0
"=""Tetranephris""",0.0,0.0,0.0010756696309707652,0.0,0.0,0.0,0.0,0.0
"=""Tetraselmis""",0.0,0.0,0.0,0.0,0.0027071484948401896,0.00767833182463101,0.003165825963994006,0.0003375050169664684
"=""Thalassionema""",0.0,0.0,0.0,0.0,2.950570566583313e-05,0.013809441266539551,0.0016462295012768832,0.0
"=""Thalassobaculum""",0.0,0.0,0.0,0.0,0.0,0.0,0.0003904518688925941,0.0
"=""Thalassococcus""",0.0,0.0,0.0,0.0,0.0001770342339949988,0.0,0.0,0.0
"=""Thalassospira""",0.0,0.0,0.0,0.0,0.000339315615157081,8.346012852859794e-05,0.0,0.00010033932936840953
"=""Thalassotalea""",0.0,0.0,0.0,0.0,0.00036144489440645584,0.0003210004943407613,0.00016884405141301366,0.0002554092020286788
"=""Thaumasiovibrio""",0.0,0.0,0.0,0.0,0.0007671483473116614,0.0011235017301926644,0.0011819083598910956,0.0005199401612726675
"=""Thermoanaerobaculum""",0.0,0.0,0.0006177112732307365,0.00010455329604265774,0.0,0.0,0.0,0.0
"=""Thermoflexus""",0.0,0.0,0.0,0.0,0.00018441066041145705,0.0,0.0,3.648702886123983e-05
"=""Thermomarinilinea""",0.0,0.0,0.0,0.0,0.0003319391887406227,0.00016050024717038065,0.000179396804626327,0.0001961177801291641
"=""Thiobacillus""",0.0002607126841935114,0.0008919994510772609,0.000532509718302359,0.0,0.0,0.0,0.0,0.0
"=""Thiogranum""",0.0,0.0,0.0,0.0,0.0007966540529774945,0.0005007607711715876,0.0008231147506384416,4.104790746889481e-05
"=""Thiohalophilus""",0.0,0.0,0.0,0.0,0.0005606084076508295,3.8520059320891356e-05,0.00018994955783964036,0.0005974750976028022
"=""Thiomicrorhabdus""",0.0,0.0,0.0,0.0,0.0,0.0001219801878494893,0.0004221101285325341,5.0169664684204765e-05
"=""Thraustochytrium""",0.0,0.0,0.0,0.0,0.0038504945893912236,0.0036594056354846785,0.002838690614381292,0.0033476848980187545
"=""Tintinnidium""",0.00021899865472254957,0.0,0.0,0.0,0.0,0.0,0.0,0.0
"=""Tistlia""",0.0,0.0,0.0,0.0,7.3764264164582824e-06,1.2840019773630452e-05,0.0,0.0
"=""Tolumonas""",0.0,0.0003822854790331118,0.0005964108844986421,0.0,0.0,0.0,0.0,0.0
"=""Treponema""",0.0,0.0,0.0,0.0,0.0,0.0,0.0,5.473054329185974e-05
"=""Triceratium""",0.0,0.0,0.0,0.0,0.0014310267247929069,0.0006484209985683377,0.0025010025115552647,0.0001277046010143394
"=""Truepera""",0.0,0.0,0.0,0.0,0.0002655513509924982,0.00031458048445394605,0.0002638188303328338,0.0
"=""Tumebacillus""",0.0,0.0003038679448724735,0.0,0.0,0.0,0.0,0.0,0.0
"=""Tunicatimonas""",0.0,0.0,0.0,0.0,0.0,0.0,0.0,0.00012314372240668442
"=""Turneriella""",0.0,0.0,0.0,0.0,0.0,0.0,0.0003165825963994006,0.0
"=""Tyzzerella""",0.0,0.0,0.00024495447041908517,0.0,0.0,0.0,0.0,0.0
"=""UASB-TL25""",0.0,0.0,0.0,0.0,0.0001327756754962491,0.00015408023728356542,0.0002005023110529537,5.473054329185974e-05
"=""UBA10353_marine_group""",0.0,0.0,0.0,0.0,0.0022645629098526927,0.001309682016910306,0.0012874358920242292,0.0013454591892582187
"=""UBA12409""",0.0004484258168128396,0.0,0.0,0.0,0.0,0.0,0.0,0.0
"=""UBA12411""",0.0,0.0,0.0,0.0,0.0,0.0,8.442202570650683e-05,0.0
"=""UTBCD1""",0.0,0.0,0.0010437190478726236,0.0,0.0,0.0,0.0,0.0
"=""UTCFX1""",0.00023985566945803046,0.0,0.0003621066084456041,7.318730722986042e-05,0.0,0.0,0.0,0.0
"=""Uliginosibacterium""",0.0,0.0,0.0007561637999893498,0.0,0.0,0.0,0.0,0.0
"=""Umboniibacter""",0.0,0.0,0.0,0.0,0.0,2.5680039547260904e-05,0.0,0.0
"=""Unknown_Family""",0.0,0.0,0.0,0.0,0.00014015210191270738,0.0,0.00016884405141301366,0.00011402196519137447
"=""Urania-1B-19_marine_sediment_group""",0.0,0.0,0.0,0.0,0.0001327756754962491,0.0004943407612847724,0.0002638188303328338,4.560878607654979e-05
"=""Vampirovibrionales""",0.0,0.0,0.0,0.0,0.0003171863359077062,0.0,0.0008125619974251282,0.00014594811544495933
"=""Varunaivibrio""",0.0,0.0,0.0,0.0,0.0,5.7780088981337034e-05,0.0,0.0
"=""Veneroida""",0.008749517681534242,0.007067380266227529,0.006209063315405506,0.00910659208531549,0.00016228138116208222,0.0,0.0006437179460121146,0.004310030284233955
"=""Ventrifissuridae""",0.0,0.0,0.0,0.0,0.0012466160643814497,0.0016114224815906217,8.442202570650683e-05,0.0
"=""Vermiphilaceae""",0.0,0.0,0.0,0.0007318730722986042,0.0,0.0,0.0,0.0
"=""Verruc-01""",0.0,0.0,0.0,0.0,0.001276121770047283,0.0009694214929090991,0.0014457271902239294,0.0002554092020286788
"=""Vibrio""",0.0003649977578709159,0.0,0.0,0.0,0.0033857797251543517,0.0021378632923094703,0.0023427112133555645,0.002754770679023607
"=""Vicinamibacteraceae""",0.001397419987277221,0.0010880432864788566,0.0007348634112572555,0.0006691410946730096,0.0,0.0,0.0,6.38523005071697e-05
"=""Viridilobus""",0.007915237092115005,0.023368425179870218,0.02859577187283668,0.011730879815986198,0.0,0.0,0.0,0.0
"=""WCHB1-41""",0.0,0.0,0.0,0.0,0.0014531560040422816,0.0005457008403792941,0.002152761655515924,0.0009121757215309957
"=""WCHB1-81""",0.0,0.0,0.0,0.0,0.0,0.0,0.0004326628817458475,0.0
"=""WD2101_soil_group""",0.0,0.0,0.0012886735182917088,0.00024047258089811283,0.00011802282266333252,0.0,0.0,0.0
"=""WOR-1""",0.00010428507367740456,0.0,0.0,0.0,0.0,0.0,0.0,0.0
"=""WPS-2""",0.0,0.0,0.0,0.0,2.950570566583313e-05,0.0,0.0003693463624659674,9.577845076075455e-05
"=""WS2""",0.00038585477260639686,0.0,0.0,0.0,0.00010326996983041596,0.0,0.0003693463624659674,0.0001505089940526143
"=""WWE3""",0.000344140743135435,0.0,0.00045795835774002874,0.0,0.0,0.0,0.0,0.0
"=""WX65""",0.0,0.0,0.0,0.0,0.0,0.0,0.00018994955783964036,0.0
"=""Waddlia""",0.0,0.0,0.0,0.0,0.0,0.0,0.0002532660771195205,0.0
"=""Wenyingzhuangia""",0.0,0.0,0.0,0.0,0.0005458555548179129,5.136007909452181e-05,0.000717587218505308,0.00017331338709088918
"=""Wenzhouxiangella""",0.0,0.0,0.0,0.0,0.0,0.00017976027683082633,0.0,0.0
"=""Winogradskyella""",0.0,0.0,0.0,0.0,0.0003171863359077062,0.0006676810282287835,0.0010341698149047087,0.0005518663115262524
"=""Woesearchaeales""",0.00010428507367740456,0.0,0.0,0.0,0.000781901200144578,0.0006997810776628596,0.0004326628817458475,0.00033294413835881345
"=""Woeseia""",0.00022942716209029,0.0006469446568252662,0.0001704031098567549,0.0,0.0052298863292689225,0.003017404646803156,0.006131149616935058,0.0035118765278943334
"=""Xenococcus_PCC-7305""",0.0,0.0,0.0,0.0,0.0,0.0001733402669440111,0.0002954770899727739,0.0
"=""Xiphosura""",0.0,0.0,0.0,0.0,0.007420684974957032,0.0,0.0005487431670922944,0.015543474294888168
"=""ZOR0006""",0.0,0.0,0.0,0.0,0.00011064639624687424,0.0,0.0,0.0
"=""Zavarzinella""",7.299955157418319e-05,0.0,0.0,0.0,0.0,0.0,0.0,0.0
"=""Zeaxanthinibacter""",0.0,0.0,0.0,0.0,0.0005606084076508295,0.0009630014830222839,0.0007281399717186214,0.000862006056846791
"=""Zixibacteria""",0.0,0.0,0.0,0.0,0.0007228897888129117,0.0,0.0009708532956248285,0.0004150399532966031
"=""[Caedibacter]_taeniospiralis_group""",0.0,0.0,0.0,0.0,0.0,0.0,7.386927249319348e-05,5.929142189951472e-05
"=""c5LKS83""",0.0,0.0,0.0,0.0,0.0,0.0,0.0001371857917730736,0.0
"=""cvE6""",0.0008238520820514959,0.0005489227391244682,0.0005751104957665477,0.0002822938993151759,3.688213208229141e-05,0.0002953204547935004,0.000358793609252654,0.00024628744481336885
"=""endosymbionts""",0.0,0.0,0.0,0.0,0.0017334602078676964,0.000199020306491272,0.0009180895295582618,0.00015506987266026927
"=""env.OPS_17""",0.0005839964125934655,0.00034307671195279267,0.0,0.0,0.0,0.0,6.331651927988012e-05,0.0
"=""eub62A3""",0.0,0.0,0.0005964108844986421,0.0,0.0,0.0,0.0,0.0
"=""hgcI_clade""",0.00205441595144487,0.002626987394381384,0.004686085521060759,0.0024151811385853938,0.0,0.0,0.0,0.0
"=""mle1-27""",0.0,0.0,0.0,0.0001568299440639866,0.0,0.0,0.0,0.0
"=""mle1-7""",0.0009802796925676028,0.00034307671195279267,0.0002556046647851323,0.0,0.0007007605095635368,0.00036594056354846786,0.0014879382030771827,0.0003192615025358485
"=""mle1-8""",9.38565663096641e-05,0.0,0.0,0.0,0.0,9.630014830222839e-05,0.0003376881028260273,0.00029189623088991866
"=""pItb-vmat-80""",0.0,0.0,0.0,0.0,0.00043520915857103866,0.00016050024717038065,0.0014562799434372428,5.929142189951472e-05
"=""pLW-20""",0.00013557059578062593,0.0,0.0,0.0,0.0,0.0,0.0,0.0
"=""possible_genus_03""",0.0,0.0,0.0,0.0,0.0,0.0,0.00021105506426626706,0.0
"=""vadinHA49""",0.0,0.0,0.0,0.0,0.000442585584987497,0.0004815007415111419,0.000685928958865368,0.0001961177801291641
"=""wb1-A12""",0.0,0.0,0.0,0.0,0.0,0.00014124021750993497,0.0,0.0
