Phylum,OL-PAMA-1a,OL-PAMA-1b,OL-PAMA-2a,OL-PAMA-2b,OL-PAMA-3a,OL-PAMA-3b,OL-PAMA-4a,OL-PAMA-4b
Acidobacteriota,0.0037297060114085123,0.002722587879299884,0.0038852405990717548,0.002785687530229801,0.0038301024371736733,0.0017740504798000162,0.004980318224525764,0.001499246288002486
Actinobacteriota,0.009890660959425455,0.008908891227046165,0.01166700516778372,0.006753292093520549,0.011169626565012376,0.0073051293517384965,0.014326858714942797,0.004636759883440416
Altiarchaeota,0.0,0.0,0.0,0.0,0.0001264656465104515,0.0,0.0,0.0
Amoebozoa,2.2387190944829007e-05,0.0,0.0,0.0,0.0,0.0,0.0,0.0
Ancyromonadida,0.0,0.0,0.0,0.0,8.581597441780636e-05,0.0,0.0,8.995477728014917e-05
Annelida,0.0,0.0,0.0,0.0,0.002868060197647739,0.0027380489843194466,0.0024195380770199153,0.0015319571161043584
Apicomplexa,0.0,0.0,0.0,0.0,0.0,0.0,0.0008351705037429149,0.0011666862023001164
Apusomonadidae,0.0,0.0,0.0,0.0,1.3549890697548373e-05,0.0013232070727434004,1.2281919172689925e-05,0.0023442760139675235
Armatimonadota,7.611644921241862e-05,0.00011136114033807706,0.0,0.0005491368368990861,0.0,0.0,0.0,1.9081316392758912e-05
Arthropoda,0.2199944479766457,0.15350173185773422,0.05261059583718849,0.06220156594915211,0.27754692778811585,0.1532647660379295,0.16726131625327773,0.364733911042903
Ascomycota,0.0012089083110207663,0.020617171119832266,5.6416852842281046e-05,0.0,4.968293255767737e-05,1.0996180659917455e-05,5.526863627710466e-05,0.000466129300451682
Asgardarchaeota,0.0,0.0,0.0,0.0,0.0,0.0,0.00012281919172689925,0.0
Bacteroidota,0.008928011748797808,0.006789189521300698,0.009417853301138117,0.0046767547831273164,0.0584316453180611,0.03499351225341065,0.06496521146394335,0.03160683765343423
Basidiomycota,0.0004164017515738195,0.0,0.0,0.0,0.0003929468302289028,0.0,0.0,0.0
Bdellovibrionota,0.0011999534346428347,0.001781778245409233,0.0018880840084550057,0.001181917033060947,0.006856244692959477,0.003749697605031852,0.009272848975380893,0.003971639712035677
Bicosoecida,0.002816308620859489,0.0038707596365786788,0.001940739737774468,0.003382101048451325,0.0029493595418330293,0.0016897464280739823,0.005146124133357078,0.0043232811141308055
Bryozoa,0.0,0.0,0.0,0.0,0.0003929468302289028,0.0,0.0,0.0
Calditrichota,0.0,0.00031104318508221523,3.3850111705368625e-05,0.0,0.0010207584325486441,0.00048749734258967385,0.0008781572208473296,0.00024805711310586586
Campylobacterota,4.4774381889658014e-05,0.0,0.0005115127991033482,0.0,0.002619645534859352,0.0015431306859417496,0.002634471662541989,0.001005857964132577
Centrohelida,0.00081041631220281,0.0006873670386384757,0.0009440420042275029,0.003873051200645872,7.678271395277411e-05,0.00017227349700537346,0.0,0.0005288250543136042
Cercozoa,0.009147406220057133,0.005813819533512023,0.006785066835165001,0.012928354007789742,0.013256309732434825,0.01702208766155222,0.015352398965862405,0.018983183908453296
Chloroflexi,0.002565572082277404,0.001962260093543358,0.003200716117918745,0.0015274004734941468,0.0036178208162454158,0.002503463796907874,0.005348775799706462,0.0024015199631458005
Chlorophyta,0.05970663824985896,0.07527245078989608,0.04678461550034226,0.030708022852820416,0.01115156004408231,0.01560358035642287,0.013196922151055324,0.008613851400159737
Chytridiomycota,0.04290729016485927,0.053472547558887,0.03841611566207057,0.0527098630067242,0.0,0.0,0.0,0.0
Ciliophora,0.04404455946485659,0.04255915580575545,0.06414596168167355,0.07455896311327856,0.0019421509999819335,0.00237517502254217,0.002904673884341167,0.005004756699586481
Cloacimonadota,0.0,0.0,0.0,0.0,0.0,2.199236131983491e-05,1.8422878759034887e-05,0.0
Cnidaria,0.00017014265118070045,0.001009930341686699,0.0,0.0,0.05344980217159582,0.027109250720249833,0.021960071480769585,0.07289335452268086
Compsopogonales,0.0,0.0,0.00014668381738993072,0.0,0.0,0.0,0.0,0.0
Crenarchaeota,2.6864629133794807e-05,0.0,0.00012787819977583704,0.0003163900980809304,9.033260465032249e-05,0.0001172925937057862,0.0,5.1792144494631336e-05
Cryptomycota,0.0010298107834621343,0.001559055964733079,0.0,0.0,0.0,0.00018693507121859675,0.0,0.0004197889606406961
Cryptophyceae,0.03496879225582291,0.05162932868432573,0.02833630462091636,0.02677314829967597,0.00508120901158064,0.010842234130678611,0.0059014621624775086,0.006801126342847641
Cyanobacteria,0.0017462008936966625,0.0013593739199889406,0.0020460511964133926,0.0012110103754132164,0.01130512547198786,0.0066856778412298125,0.011766078567436947,0.00456043461786938
Dadabacteria,0.0,0.0,0.0,0.0,4.064967209264512e-05,0.0,0.00034389373683531787,0.0
Deferrisomatota,0.0,0.0,0.0,0.0,9.936586511535474e-05,0.0,0.0,7.905116791285835e-05
Deinococcota,0.0,0.0,0.0,0.0,0.00016259868837058047,0.00017960428411198512,0.00015352398965862407,0.0
Dependentiae,0.0002462591003931191,0.0005568057016903853,0.0001241170762530183,0.0002545667455823578,0.00033874726743870934,0.0007257479235545521,0.00017194686841765893,7.905116791285835e-05
Desulfobacterota,0.0017014265118070046,0.0017510579308332118,0.002155123778575136,0.0008837102739501849,0.012917562464996115,0.007371106435698001,0.013110948716846494,0.005214651179906829
Diatomea,0.45864638088671184,0.453704485933936,0.5505795891348664,0.5464457027315012,0.20923289552130947,0.28253220048236577,0.2172732911244711,0.23302921349539732
Dinoflagellata,0.0,0.0006336064881304384,5.265572931946231e-05,7.273335588067366e-06,0.0036358873371754802,0.005692356188283936,0.006269919737658207,0.009494317856568471
Discoba,0.0,0.0007219273925364995,0.0,0.002258370700094917,0.0,0.0,0.0,0.0
Elusimicrobiota,4.029694370069221e-05,0.0,0.0,0.0,0.00024389803255587072,1.0996180659917455e-05,0.0,0.00019353906626941184
Entoprocta,0.0,0.0,0.0,0.0,4.5166302325161244e-05,0.0,0.0,0.0
Entotheonellaeota,4.4774381889658014e-05,0.0,0.0,0.0,0.00023486477209083847,0.0,0.00012281919172689925,0.0
Euglenozoa,3.1342067322760606e-05,0.0,0.0,0.0,0.0,1.4661574213223274e-05,1.2281919172689925e-05,6.269575386192214e-05
Euryarchaeota,0.0,0.0,3.3850111705368625e-05,0.0,0.0,0.0,0.0,0.0
FCPU426,0.0,0.0,0.00010531145863892462,0.0,0.0,0.0,0.0,0.0
Fibrobacterota,0.0,0.0,4.5133482273824835e-05,0.000149103379555381,0.0002935809651135481,0.0,0.0005096996456666319,0.0002889456482332064
Firmicutes,0.001061152850784895,0.000817928375586566,0.0015646273854925943,0.0006109601893976587,0.0036223374464779317,0.00226154782238969,0.0036538709538752527,0.0015810233582571672
Fusobacteriota,0.0,0.0,0.0,0.0,0.00034778052790374156,0.0008796944527933964,0.00015352398965862407,0.0002780420388659156
Gastrotricha,0.0011820436818869716,0.00011136114033807706,0.008112743438720014,0.0033275510315408196,0.0017840689418438692,0.00014661574213223273,0.0027879956522006127,0.0012948036123657835
Gemmatimonadota,0.001665607006295278,0.0007756879430445367,0.000755985828086566,0.0004982234877826145,0.002723528030207223,0.0011179450337582746,0.002597625905023919,0.0009595176243215911
Halobacterota,0.00011641339291311083,0.0,0.0,0.0,0.0,0.0,0.0,7.632526557103565e-05
Holozoa,0.001123836985430416,0.0009600098305006643,0.0013916157034429325,0.0002145633998479873,0.0030622752976459324,0.0014295034857892692,0.0023212827236383958,0.0007523490463430657
Hydrogenedentes,0.0,0.0,0.0,0.00011273670161504417,0.00046972954418167694,7.697326461942218e-05,0.000165805908831314,9.268067962197186e-05
Hyphochytriomycetes,0.00013880058385793985,0.0,0.00037611235228187366,0.0,0.0,0.0,0.0,0.0
Incertae_Sedis,0.0006134090318883148,0.0,0.0009026696454764967,0.0,0.0010207584325486441,0.00036287396177727603,0.0023090008044657057,0.0004225148629825188
Kathablepharidae,0.0035550859220388462,0.01187724162295422,0.0022905242253966106,0.011102746775184833,0.0012240067930118696,0.00246314446782151,0.0015659446945179654,7.905116791285835e-05
LCP-89,0.0,0.0,0.0,0.0,0.0001264656465104515,3.298854197975237e-05,4.2986717104414733e-05,0.0
LKM15,0.0,0.0,0.0,0.004633114769598912,0.0,0.0,0.0,0.0
Labyrinthulomycetes,0.0008059388740138442,0.0017049774589691798,0.0002557563995516741,0.0,0.012479449332442051,0.0165675788609423,0.00814291241149342,0.011214362234258595
Latescibacterota,0.0,0.0,3.3850111705368625e-05,0.0005709568436632882,0.002786760853462449,0.0010043178336057942,0.001627354290381415,0.0016846076472464297
Lophophorata,0.0,0.0,0.0,0.0,0.0,0.0006890939880214938,0.0,0.0
MAST-1,0.0,0.0,0.0,0.0,0.0,0.0,0.0,6.269575386192214e-05
MAST-11,0.0,0.0,0.0,0.0,0.0,0.0,0.00015966494924496901,0.0
MAST-12,0.0,7.680078644005315e-05,0.0,0.0016255905039330562,0.002899676609275352,0.005322151439400048,0.003524910802562008,0.0015183276043952449
MAST-2,0.0,0.0,0.0,0.0,0.0007497606185976767,0.0,0.0,0.00021262038266217076
MAST-3,6.268413464552121e-05,0.0,0.001271259750712733,0.0,0.00024389803255587072,0.0007404094977677753,0.0008044657058111901,0.0014283728271150958
MAST-4,0.0,0.0,0.0,0.0,0.00018066520930064498,0.00028590069715785386,0.0008290295441565699,0.000566987687099122
MAST-7,0.0,0.0,0.0,0.0,8.129934418529024e-05,0.0007770634333008335,4.2986717104414733e-05,0.002267950748396488
MAST-8,0.0,0.0,0.0,0.0,0.0,0.0,3.0704797931724813e-05,0.0
MBNT15,5.372925826758961e-05,0.0005644857803343906,0.00038739572285032985,0.00037094011499143564,0.0,0.0,0.0,4.634033981098593e-05
Margulisbacteria,6.716157283448701e-05,0.0003148832244042179,3.008898818254989e-05,1.0910003382101049e-05,0.0002664811837184513,0.0001392849550256211,0.0003745985347670427,0.00010358428898926267
Marinimicrobia_(SAR406_clade),7.163901102345282e-05,0.0,0.0001542060644355682,0.0,0.0006865277953424509,0.00015028113568553856,0.0005158406052529768,0.0001390210194329578
Methylomirabilota,0.0,0.0,0.0002896065112570427,1.0910003382101049e-05,0.0,8.063865817272801e-05,0.00011053727255420932,0.0
Micrarchaeota,0.0,0.0,3.761123522818736e-05,7.273335588067366e-06,0.0,0.0,0.0,0.0
Modulibacteria,0.0,0.0,0.0,0.0,0.00023938140232335458,0.0,0.0,0.00016355414050936212
Mollusca,0.005883353780301063,0.006677828380962621,0.010106138905813945,0.03183538986897086,0.0004200466116239996,0.0004948281296962855,0.0035003469642166285,0.004813943535658892
Mucoromycota,1.3432314566897403e-05,0.0,0.0,0.0,0.0,0.0,0.0,0.0
Myxococcota,0.0003805822460620931,0.00029568302779420464,0.0008086415574060284,8.000669146874102e-05,0.00369460353019819,0.001960985551018613,0.00401004660988326,0.0025950590294152123
NB1-j,0.0,0.0,0.0005716907754684479,0.0005091334911647156,0.0018247186139365142,9.530023238595127e-05,0.0006325188373935311,0.00019626496861123454
Nanoarchaeota,4.4774381889658014e-05,0.0,0.0,6.18233524985726e-05,0.0005284457372043865,0.0003995278973103342,0.00046057196897587215,0.00019899087095305722
Nematozoa,0.0,0.0,0.0,1.8183338970168414e-05,0.0005148958465068382,0.0023385210870091122,0.003365245853317039,0.0025160078615023536
Nitrospinota,0.0,0.0,0.00015796718795838693,0.0,0.0,0.0,0.0,0.0
Nitrospirota,0.0006850480429117676,0.00029184298847220193,0.0010155033511610588,0.0004036701251377388,0.00034326389767122545,4.398472263966982e-05,0.00018422878759034888,3.5436730443695124e-05
Ochrophyta,0.011999534346428347,0.01580944188868494,0.016526376759265528,0.01307382071955109,0.006129067225524381,0.012909516094743093,0.007577944129549683,0.005797994281056887
PAUC34f,0.0,0.0,0.0,0.0,0.0,0.0,0.0,7.359936322921295e-05
Patescibacteria,0.0015715808043269962,0.0003072031457602126,0.0030878824122341827,0.0011091836771802734,0.005171541616230962,0.0035444355660467263,0.004016187569469605,0.0022979356741565375
Pav3,0.0,0.0,0.0,0.0,0.0,0.0,0.0006018140394618063,0.0
Peronosporomycetes,0.0003581950551172641,0.0032755535416682667,0.005713146631161661,0.0039239645497623436,0.0014814547162652887,0.0030789305847768876,0.0012343328768553373,4.088853512734053e-05
Phragmoplastophyta,0.0,0.0,0.0010267867217295151,0.0,0.0,0.0,0.0,0.0
Picozoa,9.850364015724763e-05,0.0,0.0,0.0,0.0,0.001187587511271085,0.0,0.0
Planctomycetota,0.007513141281084615,0.0065088666507945045,0.007435741204612642,0.0059823185211854086,0.018992430127730303,0.010805580195145553,0.019374727494918358,0.009439799809732016
Platyhelminthes,0.0,0.0,0.0,0.0,0.0,0.00010996180659917455,0.0,0.0
Porphyridiophyceae,8.507132559035023e-05,0.0,0.0,0.0,0.0004155299813914834,0.0,0.0002763431813855233,0.0
Protalveolata,3.1342067322760606e-05,0.0,0.0,4.727668132243788e-05,0.0162463189463605,0.01708439935195842,0.027130759452472043,0.022995712155616313
Proteobacteria,0.029237671373946682,0.03221024983295829,0.03903670104333567,0.02253643031962673,0.13467236364293328,0.07256746156834859,0.12839518303130046,0.06635118890230639
Prymnesiophyceae,0.0,0.0,0.0,0.0,0.0009710754999909668,0.00029323148426446547,0.00010439631296786436,0.0019408424673777638
Retaria,0.0,6.144062915204251e-05,0.0,0.0,9.03326046503225e-06,0.0,9.211439379517444e-05,8.177707025468106e-06
Rhodellophyceae,0.0,0.0,0.00019933954670939302,0.0,9.936586511535474e-05,3.298854197975237e-05,0.00030090701973090316,0.0
Rigifilida,0.000564157211809691,0.0,0.0,0.0,0.0,0.0,0.0,0.0
Rotifera,0.007942975347225332,0.004826929427757341,0.010749291028215948,0.013535677529393367,0.0,0.0,0.0,0.0
SA1-3C06,0.00028655604409381127,0.0034982758223444208,0.00012035595273019956,8.36433592627747e-05,0.0,0.0,0.0,0.0
SAR,1.3432314566897403e-05,0.0,0.0,0.0,0.0,1.0996180659917455e-05,0.0012281919172689925,0.0
SAR324_clade(Marine_group_B),0.0003447627405503667,0.0006067262128764199,0.0007334190869496536,0.0006255068605737935,0.0014769380860327726,0.0015834500150281137,0.0023704104003291556,0.0006514906596956257
Schekmanbacteria,0.0,0.0,0.0,0.0,0.0,0.0,6.755055544979459e-05,0.0
Spirochaetota,0.0,0.0,4.5133482273824835e-05,0.0,0.0011201242976639988,0.0008503713043669499,0.0013141653514778218,0.00035164140209512855
Stramenopiles,0.0006447510992110754,0.0,5.265572931946231e-05,0.0,4.968293255767737e-05,0.0,0.0,0.0
Sumerlaeota,6.268413464552121e-05,0.0,0.0,0.0,0.0001490487976730321,0.00018326967766529092,0.0002763431813855233,0.0
Sva0485,0.00019252984212552945,0.0,0.00011283370568456209,0.0,0.00174793589998374,0.0002492467616247957,0.0010316812105059536,0.0005451804683645403
TA06,0.00015671033661380306,0.000134401376270093,0.0,0.0,0.0,0.0,0.0,0.0
Thermoplasmatota,0.0002776011677158797,0.0,0.0,5.091334911647156e-05,0.0004335965023215479,5.86462968528931e-05,0.0008351705037429149,5.1792144494631336e-05
Tunicata,0.0,0.0,0.0,0.0,0.0022402485953279976,0.005659367646304184,0.004992600143698454,0.0
Unassigned,0.011798049627924887,0.014123664626325774,0.011704616403011908,0.007473352316739218,0.016368267962638433,0.021706460622677056,0.01923348542443242,0.017813771803811357
Verrucomicrobiota,0.0029237671373946684,0.0028416290982819664,0.00562664079013683,0.0025311207846474434,0.014231901862658308,0.007730315003921971,0.017464889063565074,0.005996985152009944
WOR-1,4.4774381889658014e-05,0.0,0.0,0.0,0.0,0.0,0.0,0.0
WPS-2,0.0,0.0,0.0,0.0,1.80665209300645e-05,0.0,0.00021493358552207367,5.724394917827674e-05
WS2,0.00016566521299173466,0.0,0.0,0.0,6.323282325522574e-05,0.0,0.00021493358552207367,8.995477728014917e-05
Xenacoelomorpha,0.0,1.9200196610013286e-05,0.04127456953941281,0.03688672143488365,0.0395792307275388,0.21244621034960523,0.12984444949367788,0.043603533859795936
Zixibacteria,0.0,0.0,0.0,0.0,0.0004426297627865802,0.0,0.0005649682819437365,0.00024805711310586586
